case,split,recipe,query,tier,first_fused_win_rows,first_fused_win_selectivity,selective_wins,cells
0,train,"Nullable(FOR(BitPack))",SUM,memory_warm,16384,1.00000000,16,17
0,train,"Nullable(FOR(BitPack))",SUM,mmap_hot,16384,1.00000000,16,17
0,train,"Nullable(FOR(BitPack))",SUM,buffered_hot,14745,0.89996338,15,17
0,train,"Nullable(FOR(BitPack))",SUM,buffered_drop_cache,13107,0.79998779,14,17
0,train,"Nullable(FOR(BitPack))",BETWEEN,memory_warm,16384,1.00000000,16,17
0,train,"Nullable(FOR(BitPack))",BETWEEN,mmap_hot,16384,1.00000000,16,17
0,train,"Nullable(FOR(BitPack))",BETWEEN,buffered_hot,14745,0.89996338,15,17
0,train,"Nullable(FOR(BitPack))",BETWEEN,buffered_drop_cache,13107,0.79998779,14,17
1,train,"Patch(FOR(BitPack))",SUM,memory_warm,16384,1.00000000,16,17
1,train,"Patch(FOR(BitPack))",SUM,mmap_hot,16384,1.00000000,16,17
1,train,"Patch(FOR(BitPack))",SUM,buffered_hot,16384,1.00000000,16,17
1,train,"Patch(FOR(BitPack))",SUM,buffered_drop_cache,16384,1.00000000,16,17
1,train,"Patch(FOR(BitPack))",BETWEEN,memory_warm,,,17,17
1,train,"Patch(FOR(BitPack))",BETWEEN,mmap_hot,,,17,17
1,train,"Patch(FOR(BitPack))",BETWEEN,buffered_hot,16384,1.00000000,16,17
1,train,"Patch(FOR(BitPack))",BETWEEN,buffered_drop_cache,,,17,17
2,train,"Nullable(Dictionary(RLE(BitPack)))",SUM,memory_warm,16384,1.00000000,16,17
2,train,"Nullable(Dictionary(RLE(BitPack)))",SUM,mmap_hot,16384,1.00000000,16,17
2,train,"Nullable(Dictionary(RLE(BitPack)))",SUM,buffered_hot,14745,0.89996338,15,17
2,train,"Nullable(Dictionary(RLE(BitPack)))",SUM,buffered_drop_cache,14745,0.89996338,15,17
2,train,"Nullable(Dictionary(RLE(BitPack)))",BETWEEN,memory_warm,16384,1.00000000,16,17
2,train,"Nullable(Dictionary(RLE(BitPack)))",BETWEEN,mmap_hot,16384,1.00000000,16,17
2,train,"Nullable(Dictionary(RLE(BitPack)))",BETWEEN,buffered_hot,14745,0.89996338,15,17
2,train,"Nullable(Dictionary(RLE(BitPack)))",BETWEEN,buffered_drop_cache,14745,0.89996338,15,17
3,train,"Frame(FOR(Delta(BitPack)))",SUM,memory_warm,,,17,17
3,train,"Frame(FOR(Delta(BitPack)))",SUM,mmap_hot,,,17,17
3,train,"Frame(FOR(Delta(BitPack)))",SUM,buffered_hot,16384,1.00000000,16,17
3,train,"Frame(FOR(Delta(BitPack)))",SUM,buffered_drop_cache,16384,1.00000000,16,17
3,train,"Frame(FOR(Delta(BitPack)))",BETWEEN,memory_warm,,,17,17
3,train,"Frame(FOR(Delta(BitPack)))",BETWEEN,mmap_hot,,,17,17
3,train,"Frame(FOR(Delta(BitPack)))",BETWEEN,buffered_hot,,,17,17
3,train,"Frame(FOR(Delta(BitPack)))",BETWEEN,buffered_drop_cache,16384,1.00000000,16,17
4,train,"Patch(Dictionary(BitPack))",SUM,memory_warm,16384,1.00000000,16,17
4,train,"Patch(Dictionary(BitPack))",SUM,mmap_hot,16384,1.00000000,16,17
4,train,"Patch(Dictionary(BitPack))",SUM,buffered_hot,16384,1.00000000,16,17
4,train,"Patch(Dictionary(BitPack))",SUM,buffered_drop_cache,16384,1.00000000,16,17
4,train,"Patch(Dictionary(BitPack))",BETWEEN,memory_warm,16384,1.00000000,16,17
4,train,"Patch(Dictionary(BitPack))",BETWEEN,mmap_hot,16384,1.00000000,16,17
4,train,"Patch(Dictionary(BitPack))",BETWEEN,buffered_hot,16384,1.00000000,16,17
4,train,"Patch(Dictionary(BitPack))",BETWEEN,buffered_drop_cache,16384,1.00000000,16,17
5,train,"Nullable(Patch(FOR(Delta(BitPack))))",SUM,memory_warm,16384,1.00000000,16,17
5,train,"Nullable(Patch(FOR(Delta(BitPack))))",SUM,mmap_hot,16384,1.00000000,16,17
5,train,"Nullable(Patch(FOR(Delta(BitPack))))",SUM,buffered_hot,14745,0.89996338,15,17
5,train,"Nullable(Patch(FOR(Delta(BitPack))))",SUM,buffered_drop_cache,14745,0.89996338,15,17
5,train,"Nullable(Patch(FOR(Delta(BitPack))))",BETWEEN,memory_warm,16384,1.00000000,16,17
5,train,"Nullable(Patch(FOR(Delta(BitPack))))",BETWEEN,mmap_hot,16384,1.00000000,16,17
5,train,"Nullable(Patch(FOR(Delta(BitPack))))",BETWEEN,buffered_hot,14745,0.89996338,15,17
5,train,"Nullable(Patch(FOR(Delta(BitPack))))",BETWEEN,buffered_drop_cache,14745,0.89996338,15,17
6,train,"Frame(Nullable(FOR(BitPack)))",SUM,memory_warm,,,17,17
6,train,"Frame(Nullable(FOR(BitPack)))",SUM,mmap_hot,,,17,17
6,train,"Frame(Nullable(FOR(BitPack)))",SUM,buffered_hot,,,17,17
6,train,"Frame(Nullable(FOR(BitPack)))",SUM,buffered_drop_cache,,,17,17
6,train,"Frame(Nullable(FOR(BitPack)))",BETWEEN,memory_warm,,,17,17
6,train,"Frame(Nullable(FOR(BitPack)))",BETWEEN,mmap_hot,,,17,17
6,train,"Frame(Nullable(FOR(BitPack)))",BETWEEN,buffered_hot,,,17,17
6,train,"Frame(Nullable(FOR(BitPack)))",BETWEEN,buffered_drop_cache,,,17,17
7,train,"Nullable(FOR(Delta(BitPack)))",SUM,memory_warm,16384,1.00000000,16,17
7,train,"Nullable(FOR(Delta(BitPack)))",SUM,mmap_hot,16384,1.00000000,16,17
7,train,"Nullable(FOR(Delta(BitPack)))",SUM,buffered_hot,14745,0.89996338,15,17
7,train,"Nullable(FOR(Delta(BitPack)))",SUM,buffered_drop_cache,14745,0.89996338,15,17
7,train,"Nullable(FOR(Delta(BitPack)))",BETWEEN,memory_warm,16384,1.00000000,16,17
7,train,"Nullable(FOR(Delta(BitPack)))",BETWEEN,mmap_hot,16384,1.00000000,16,17
7,train,"Nullable(FOR(Delta(BitPack)))",BETWEEN,buffered_hot,14745,0.89996338,15,17
7,train,"Nullable(FOR(Delta(BitPack)))",BETWEEN,buffered_drop_cache,14745,0.89996338,15,17
8,train,"Patch(FOR(Delta(BitPack)))",SUM,memory_warm,16384,1.00000000,16,17
8,train,"Patch(FOR(Delta(BitPack)))",SUM,mmap_hot,16384,1.00000000,16,17
8,train,"Patch(FOR(Delta(BitPack)))",SUM,buffered_hot,11468,0.69995117,13,17
8,train,"Patch(FOR(Delta(BitPack)))",SUM,buffered_drop_cache,11468,0.69995117,13,17
8,train,"Patch(FOR(Delta(BitPack)))",BETWEEN,memory_warm,,,17,17
8,train,"Patch(FOR(Delta(BitPack)))",BETWEEN,mmap_hot,,,17,17
8,train,"Patch(FOR(Delta(BitPack)))",BETWEEN,buffered_hot,11468,0.69995117,13,17
8,train,"Patch(FOR(Delta(BitPack)))",BETWEEN,buffered_drop_cache,13107,0.79998779,14,17
9,train,"Frame(Dictionary(RLE(BitPack)))",SUM,memory_warm,,,17,17
9,train,"Frame(Dictionary(RLE(BitPack)))",SUM,mmap_hot,,,17,17
9,train,"Frame(Dictionary(RLE(BitPack)))",SUM,buffered_hot,,,17,17
9,train,"Frame(Dictionary(RLE(BitPack)))",SUM,buffered_drop_cache,,,17,17
9,train,"Frame(Dictionary(RLE(BitPack)))",BETWEEN,memory_warm,,,17,17
9,train,"Frame(Dictionary(RLE(BitPack)))",BETWEEN,mmap_hot,,,17,17
9,train,"Frame(Dictionary(RLE(BitPack)))",BETWEEN,buffered_hot,16384,1.00000000,16,17
9,train,"Frame(Dictionary(RLE(BitPack)))",BETWEEN,buffered_drop_cache,16384,1.00000000,16,17
10,heldout,"Nullable(Patch(Dictionary(RLE(BitPack))))",SUM,memory_warm,16384,1.00000000,16,17
10,heldout,"Nullable(Patch(Dictionary(RLE(BitPack))))",SUM,mmap_hot,16384,1.00000000,16,17
10,heldout,"Nullable(Patch(Dictionary(RLE(BitPack))))",SUM,buffered_hot,14745,0.89996338,15,17
10,heldout,"Nullable(Patch(Dictionary(RLE(BitPack))))",SUM,buffered_drop_cache,14745,0.89996338,15,17
10,heldout,"Nullable(Patch(Dictionary(RLE(BitPack))))",BETWEEN,memory_warm,16384,1.00000000,16,17
10,heldout,"Nullable(Patch(Dictionary(RLE(BitPack))))",BETWEEN,mmap_hot,16384,1.00000000,16,17
10,heldout,"Nullable(Patch(Dictionary(RLE(BitPack))))",BETWEEN,buffered_hot,14745,0.89996338,15,17
10,heldout,"Nullable(Patch(Dictionary(RLE(BitPack))))",BETWEEN,buffered_drop_cache,14745,0.89996338,15,17
11,heldout,"Frame(Patch(FOR(BitPack)))",SUM,memory_warm,16384,1.00000000,16,17
11,heldout,"Frame(Patch(FOR(BitPack)))",SUM,mmap_hot,16384,1.00000000,16,17
11,heldout,"Frame(Patch(FOR(BitPack)))",SUM,buffered_hot,16384,1.00000000,16,17
11,heldout,"Frame(Patch(FOR(BitPack)))",SUM,buffered_drop_cache,16384,1.00000000,16,17
11,heldout,"Frame(Patch(FOR(BitPack)))",BETWEEN,memory_warm,,,17,17
11,heldout,"Frame(Patch(FOR(BitPack)))",BETWEEN,mmap_hot,,,17,17
11,heldout,"Frame(Patch(FOR(BitPack)))",BETWEEN,buffered_hot,,,17,17
11,heldout,"Frame(Patch(FOR(BitPack)))",BETWEEN,buffered_drop_cache,,,17,17
12,heldout,"Patch(Dictionary(RLE(BitPack)))",SUM,memory_warm,16384,1.00000000,16,17
12,heldout,"Patch(Dictionary(RLE(BitPack)))",SUM,mmap_hot,16384,1.00000000,16,17
12,heldout,"Patch(Dictionary(RLE(BitPack)))",SUM,buffered_hot,11468,0.69995117,13,17
12,heldout,"Patch(Dictionary(RLE(BitPack)))",SUM,buffered_drop_cache,11468,0.69995117,13,17
12,heldout,"Patch(Dictionary(RLE(BitPack)))",BETWEEN,memory_warm,14745,0.89996338,15,17
12,heldout,"Patch(Dictionary(RLE(BitPack)))",BETWEEN,mmap_hot,16384,1.00000000,16,17
12,heldout,"Patch(Dictionary(RLE(BitPack)))",BETWEEN,buffered_hot,11468,0.69995117,13,17
12,heldout,"Patch(Dictionary(RLE(BitPack)))",BETWEEN,buffered_drop_cache,11468,0.69995117,13,17
13,heldout,"Nullable(Dictionary(BitPack))",SUM,memory_warm,16384,1.00000000,16,17
13,heldout,"Nullable(Dictionary(BitPack))",SUM,mmap_hot,16384,1.00000000,16,17
13,heldout,"Nullable(Dictionary(BitPack))",SUM,buffered_hot,14745,0.89996338,15,17
13,heldout,"Nullable(Dictionary(BitPack))",SUM,buffered_drop_cache,14745,0.89996338,15,17
13,heldout,"Nullable(Dictionary(BitPack))",BETWEEN,memory_warm,16384,1.00000000,16,17
13,heldout,"Nullable(Dictionary(BitPack))",BETWEEN,mmap_hot,16384,1.00000000,16,17
13,heldout,"Nullable(Dictionary(BitPack))",BETWEEN,buffered_hot,14745,0.89996338,15,17
13,heldout,"Nullable(Dictionary(BitPack))",BETWEEN,buffered_drop_cache,14745,0.89996338,15,17
14,heldout,"Frame(Nullable(Patch(FOR(Delta(BitPack)))))",SUM,memory_warm,,,17,17
14,heldout,"Frame(Nullable(Patch(FOR(Delta(BitPack)))))",SUM,mmap_hot,,,17,17
14,heldout,"Frame(Nullable(Patch(FOR(Delta(BitPack)))))",SUM,buffered_hot,,,17,17
14,heldout,"Frame(Nullable(Patch(FOR(Delta(BitPack)))))",SUM,buffered_drop_cache,,,17,17
14,heldout,"Frame(Nullable(Patch(FOR(Delta(BitPack)))))",BETWEEN,memory_warm,,,17,17
14,heldout,"Frame(Nullable(Patch(FOR(Delta(BitPack)))))",BETWEEN,mmap_hot,,,17,17
14,heldout,"Frame(Nullable(Patch(FOR(Delta(BitPack)))))",BETWEEN,buffered_hot,,,17,17
14,heldout,"Frame(Nullable(Patch(FOR(Delta(BitPack)))))",BETWEEN,buffered_drop_cache,16384,1.00000000,16,17
