kind,case,query,p25_ns,median_ns,p75_ns
rust_source_generation,all,all,1405258.0,1423144.0,1443925.0
plan_compilation,0,GET,5819.8,5828.1,5840.8
plan_compilation,0,SUM_1PCT,5840.4,5872.0,5885.2
plan_compilation,0,SUM_70PCT,5853.0,5874.3,5887.6
plan_compilation,0,BETWEEN_1PCT,6067.3,6069.8,6094.3
plan_compilation,0,BETWEEN_70PCT,6035.7,6050.1,6066.7
plan_compilation,0,FILTER_POINT,5875.3,5882.8,5893.4
plan_compilation,0,FILTER_50PCT,5853.1,5876.6,5879.3
plan_compilation,1,GET,1720.0,1736.8,1746.8
plan_compilation,1,SUM_1PCT,1787.9,1802.1,1821.2
plan_compilation,1,SUM_70PCT,4888.2,4895.2,4909.2
plan_compilation,1,BETWEEN_1PCT,1784.3,1806.4,1811.3
plan_compilation,1,BETWEEN_70PCT,4921.1,4925.0,4940.6
plan_compilation,1,FILTER_POINT,6203.1,6238.0,6245.2
plan_compilation,1,FILTER_50PCT,6180.9,6191.0,6219.1
plan_compilation,2,GET,1909.7,1911.4,1925.6
plan_compilation,2,SUM_1PCT,1874.9,1880.4,1888.2
plan_compilation,2,SUM_70PCT,1885.3,1894.5,1897.2
plan_compilation,2,BETWEEN_1PCT,1885.2,1895.9,1903.8
plan_compilation,2,BETWEEN_70PCT,1881.0,1887.1,1892.7
plan_compilation,2,FILTER_POINT,1901.4,1921.3,1947.8
plan_compilation,2,FILTER_50PCT,1863.5,1885.1,1897.4
plan_compilation,3,GET,2039.2,2048.1,2055.8
plan_compilation,3,SUM_1PCT,2152.9,2158.8,2166.3
plan_compilation,3,SUM_70PCT,5236.8,5247.1,5263.3
plan_compilation,3,BETWEEN_1PCT,2139.1,2150.8,2156.6
plan_compilation,3,BETWEEN_70PCT,5260.4,5268.8,5278.9
plan_compilation,3,FILTER_POINT,1006.7,1008.9,1014.6
plan_compilation,3,FILTER_50PCT,994.3,1000.5,1010.5
plan_compilation,4,GET,1409.1,1425.7,1434.2
plan_compilation,4,SUM_1PCT,1496.5,1507.2,1516.7
plan_compilation,4,SUM_70PCT,4639.8,4643.9,4656.1
plan_compilation,4,BETWEEN_1PCT,1489.4,1498.0,1505.2
plan_compilation,4,BETWEEN_70PCT,4628.4,4632.2,4646.7
plan_compilation,4,FILTER_POINT,5889.5,5919.8,5942.4
plan_compilation,4,FILTER_50PCT,5889.5,5898.8,5919.9
plan_compilation,5,GET,6332.1,6342.2,6362.0
plan_compilation,5,SUM_1PCT,6395.8,6410.1,6431.2
plan_compilation,5,SUM_70PCT,6403.3,6414.6,6424.4
plan_compilation,5,BETWEEN_1PCT,6387.3,6407.8,6440.6
plan_compilation,5,BETWEEN_70PCT,6398.9,6420.0,6434.2
plan_compilation,5,FILTER_POINT,6403.0,6418.3,6436.0
plan_compilation,5,FILTER_50PCT,6419.8,6429.2,6466.5
plan_compilation,6,GET,5895.8,5909.4,5936.8
plan_compilation,6,SUM_1PCT,5940.6,5951.0,5959.6
plan_compilation,6,SUM_70PCT,5884.0,5901.7,5924.0
plan_compilation,6,BETWEEN_1PCT,5922.4,5926.8,5950.8
plan_compilation,6,BETWEEN_70PCT,5905.2,5926.6,5945.8
plan_compilation,6,FILTER_POINT,5944.0,5958.3,5980.1
plan_compilation,6,FILTER_50PCT,5908.9,5927.6,5943.5
plan_compilation,7,GET,6016.0,6024.9,6059.1
plan_compilation,7,SUM_1PCT,6183.6,6196.6,6214.7
plan_compilation,7,SUM_70PCT,6197.0,6223.0,6227.2
plan_compilation,7,BETWEEN_1PCT,6213.1,6221.7,6236.1
plan_compilation,7,BETWEEN_70PCT,6176.5,6178.8,6207.8
plan_compilation,7,FILTER_POINT,6217.7,6234.2,6289.2
plan_compilation,7,FILTER_50PCT,6240.2,6254.2,6281.2
plan_compilation,8,GET,2325.9,2331.2,2337.5
plan_compilation,8,SUM_1PCT,2401.5,2421.4,2433.7
plan_compilation,8,SUM_70PCT,5556.1,5569.9,5587.9
plan_compilation,8,BETWEEN_1PCT,2370.1,2389.4,2394.2
plan_compilation,8,BETWEEN_70PCT,5505.4,5516.1,5528.0
plan_compilation,8,FILTER_POINT,6852.8,6865.3,6890.8
plan_compilation,8,FILTER_50PCT,6796.1,6812.5,6828.3
plan_compilation,9,GET,1453.5,1468.1,1489.1
plan_compilation,9,SUM_1PCT,1478.9,1480.7,1507.8
plan_compilation,9,SUM_70PCT,1466.9,1482.6,1484.8
plan_compilation,9,BETWEEN_1PCT,1468.3,1484.3,1494.4
plan_compilation,9,BETWEEN_70PCT,1470.7,1486.7,1497.7
plan_compilation,9,FILTER_POINT,1635.6,1649.6,1669.9
plan_compilation,9,FILTER_50PCT,1647.3,1660.1,1677.2
plan_compilation,10,GET,2102.9,2114.2,2117.5
plan_compilation,10,SUM_1PCT,2105.9,2121.7,2138.8
plan_compilation,10,SUM_70PCT,2130.8,2153.7,2168.7
plan_compilation,10,BETWEEN_1PCT,2113.3,2140.2,2148.5
plan_compilation,10,BETWEEN_70PCT,2151.1,2168.5,2181.5
plan_compilation,10,FILTER_POINT,2212.4,2232.2,2249.3
plan_compilation,10,FILTER_50PCT,2228.6,2232.5,2252.4
plan_compilation,11,GET,1856.2,1857.6,1871.5
plan_compilation,11,SUM_1PCT,1902.7,1912.3,1929.4
plan_compilation,11,SUM_70PCT,5017.9,5020.1,5046.7
plan_compilation,11,BETWEEN_1PCT,1925.2,1933.5,1949.1
plan_compilation,11,BETWEEN_70PCT,4958.5,4965.7,4991.7
plan_compilation,11,FILTER_POINT,6144.7,6156.4,6171.7
plan_compilation,11,FILTER_50PCT,6153.0,6164.8,6169.3
plan_compilation,12,GET,1764.4,1771.5,1777.6
plan_compilation,12,SUM_1PCT,1718.4,1733.4,1754.2
plan_compilation,12,SUM_70PCT,1734.7,1743.0,1757.9
plan_compilation,12,BETWEEN_1PCT,1740.2,1751.6,1767.6
plan_compilation,12,BETWEEN_70PCT,1753.9,1785.9,1795.2
plan_compilation,12,FILTER_POINT,1763.4,1782.3,1793.8
plan_compilation,12,FILTER_50PCT,1788.5,1799.0,1801.7
plan_compilation,13,GET,5619.7,5626.9,5637.5
plan_compilation,13,SUM_1PCT,5631.7,5647.0,5668.2
plan_compilation,13,SUM_70PCT,5658.1,5670.3,5682.5
plan_compilation,13,BETWEEN_1PCT,5652.2,5664.6,5682.1
plan_compilation,13,BETWEEN_70PCT,5638.0,5643.6,5666.5
plan_compilation,13,FILTER_POINT,5529.3,5546.3,5578.8
plan_compilation,13,FILTER_50PCT,5561.9,5566.3,5588.4
plan_compilation,14,GET,6341.8,6358.4,6376.3
plan_compilation,14,SUM_1PCT,6395.3,6415.4,6445.2
plan_compilation,14,SUM_70PCT,6393.4,6435.2,6456.7
plan_compilation,14,BETWEEN_1PCT,6428.6,6445.0,6477.3
plan_compilation,14,BETWEEN_70PCT,6442.1,6448.3,6479.5
plan_compilation,14,FILTER_POINT,6410.3,6422.5,6523.9
plan_compilation,14,FILTER_50PCT,6349.3,6365.2,6387.3
plan_compilation,15,GET,5644.2,5650.6,5669.9
plan_compilation,15,SUM_1PCT,5629.3,5640.0,5651.1
plan_compilation,15,SUM_70PCT,5723.1,5751.2,5768.0
plan_compilation,15,BETWEEN_1PCT,5721.4,5740.7,5757.2
plan_compilation,15,BETWEEN_70PCT,5739.2,5747.0,5767.2
plan_compilation,15,FILTER_POINT,931.0,944.5,953.2
plan_compilation,15,FILTER_50PCT,933.1,939.2,964.5
plan_compilation,16,GET,5751.4,5761.7,5791.5
plan_compilation,16,SUM_1PCT,5774.9,5789.3,5806.4
plan_compilation,16,SUM_70PCT,5794.3,5807.3,5810.2
plan_compilation,16,BETWEEN_1PCT,5760.3,5769.7,5811.6
plan_compilation,16,BETWEEN_70PCT,5748.2,5753.4,5771.7
plan_compilation,16,FILTER_POINT,939.1,941.6,950.5
plan_compilation,16,FILTER_50PCT,936.3,943.6,946.2
plan_compilation,17,GET,1878.3,1886.1,1895.1
plan_compilation,17,SUM_1PCT,1880.3,1886.4,1896.3
plan_compilation,17,SUM_70PCT,1856.5,1887.3,1890.2
plan_compilation,17,BETWEEN_1PCT,2008.6,2021.3,2033.8
plan_compilation,17,BETWEEN_70PCT,2005.6,2024.1,2036.6
plan_compilation,17,FILTER_POINT,2273.6,2287.0,2292.4
plan_compilation,17,FILTER_50PCT,2255.3,2257.4,2264.0
plan_compilation,18,GET,1299.8,1305.9,1309.1
plan_compilation,18,SUM_1PCT,1396.9,1404.1,1413.7
plan_compilation,18,SUM_70PCT,4535.3,4563.1,4572.9
plan_compilation,18,BETWEEN_1PCT,1409.0,1413.2,1416.7
plan_compilation,18,BETWEEN_70PCT,4566.5,4572.8,4585.1
plan_compilation,18,FILTER_POINT,694.9,707.5,711.0
plan_compilation,18,FILTER_50PCT,680.8,694.7,697.0
rust_crate_compilation,all,all,9137903825,9195658803,9281812151
