case,recipe,file_bytes,field,field_name,logical_length,location,physical_offset,frame,decoded_offset,read_granularity
0,"Nullable(FOR(BitPack))",35728,0,"metadata",448,direct,0,,0,64
0,"Nullable(FOR(BitPack))",35728,1,"nullable.validity",2048,direct,448,,0,32
0,"Nullable(FOR(BitPack))",35728,2,"nullable.rank",260,direct,2496,,0,64
0,"Nullable(FOR(BitPack))",35728,3,"for.base",8,direct,2760,,0,8
0,"Nullable(FOR(BitPack))",35728,4,"bitpack.miniblocks",32912,direct,2816,,0,272
1,"Patch(FOR(BitPack))",35648,0,"metadata",576,direct,0,,0,64
1,"Patch(FOR(BitPack))",35648,1,"patch.positions",64,direct,576,,0,128
1,"Patch(FOR(BitPack))",35648,2,"patch.index",16,direct,640,,0,64
1,"Patch(FOR(BitPack))",35648,3,"patch.exceptions",128,direct,656,,0,64
1,"Patch(FOR(BitPack))",35648,4,"for.base",8,direct,784,,0,8
1,"Patch(FOR(BitPack))",35648,5,"bitpack.miniblocks",34816,direct,832,,0,272
2,"Nullable(Dictionary(RLE(BitPack)))",5056,0,"metadata",640,direct,0,,0,64
2,"Nullable(Dictionary(RLE(BitPack)))",5056,1,"nullable.validity",2048,direct,640,,0,32
2,"Nullable(Dictionary(RLE(BitPack)))",5056,2,"nullable.rank",260,direct,2688,,0,64
2,"Nullable(Dictionary(RLE(BitPack)))",5056,3,"dictionary.values",24,direct,2952,,0,64
2,"Nullable(Dictionary(RLE(BitPack)))",5056,4,"rle.lengths",1772,direct,2976,,0,128
2,"Nullable(Dictionary(RLE(BitPack)))",5056,5,"rle.index",120,direct,4752,,0,64
2,"Nullable(Dictionary(RLE(BitPack)))",5056,6,"bitpack.miniblocks",128,direct,4928,,0,32
3,"Frame(FOR(Delta(BitPack)))",866,0,"metadata",448,direct,0,,0,64
3,"Frame(FOR(Delta(BitPack)))",866,1,"for.base",8,framed,0,0,0,8
3,"Frame(FOR(Delta(BitPack)))",866,2,"delta.restarts",512,framed,0,0,8,64
3,"Frame(FOR(Delta(BitPack)))",866,3,"bitpack.miniblocks",10240,framed,0,0,576,80
4,"Patch(Dictionary(BitPack))",4928,0,"metadata",576,direct,0,,0,64
4,"Patch(Dictionary(BitPack))",4928,1,"patch.positions",64,direct,576,,0,128
4,"Patch(Dictionary(BitPack))",4928,2,"patch.index",16,direct,640,,0,64
4,"Patch(Dictionary(BitPack))",4928,3,"patch.exceptions",128,direct,656,,0,64
4,"Patch(Dictionary(BitPack))",4928,4,"dictionary.values",32,direct,784,,0,64
4,"Patch(Dictionary(BitPack))",4928,5,"bitpack.miniblocks",4096,direct,832,,0,32
5,"Nullable(Patch(FOR(Delta(BitPack))))",15456,0,"metadata",832,direct,0,,0,64
5,"Nullable(Patch(FOR(Delta(BitPack))))",15456,1,"nullable.validity",2048,direct,832,,0,32
5,"Nullable(Patch(FOR(Delta(BitPack))))",15456,2,"nullable.rank",260,direct,2880,,0,64
5,"Nullable(Patch(FOR(Delta(BitPack))))",15456,3,"patch.positions",60,direct,3140,,0,128
5,"Nullable(Patch(FOR(Delta(BitPack))))",15456,4,"patch.index",16,direct,3200,,0,64
5,"Nullable(Patch(FOR(Delta(BitPack))))",15456,5,"patch.exceptions",120,direct,3216,,0,64
5,"Nullable(Patch(FOR(Delta(BitPack))))",15456,6,"for.base",8,direct,3336,,0,8
5,"Nullable(Patch(FOR(Delta(BitPack))))",15456,7,"delta.restarts",488,direct,3344,,0,64
5,"Nullable(Patch(FOR(Delta(BitPack))))",15456,8,"bitpack.miniblocks",11616,direct,3840,,0,96
6,"Frame(Nullable(FOR(BitPack)))",33731,0,"metadata",512,direct,0,,0,64
6,"Frame(Nullable(FOR(BitPack)))",33731,1,"nullable.validity",2048,framed,0,0,0,32
6,"Frame(Nullable(FOR(BitPack)))",33731,2,"nullable.rank",260,framed,0,0,2048,64
6,"Frame(Nullable(FOR(BitPack)))",33731,3,"for.base",8,framed,0,0,2312,8
6,"Frame(Nullable(FOR(BitPack)))",33731,4,"bitpack.miniblocks",32912,framed,0,0,2368,272
7,"Nullable(FOR(Delta(BitPack)))",15008,0,"metadata",576,direct,0,,0,64
7,"Nullable(FOR(Delta(BitPack)))",15008,1,"nullable.validity",2048,direct,576,,0,32
7,"Nullable(FOR(Delta(BitPack)))",15008,2,"nullable.rank",260,direct,2624,,0,64
7,"Nullable(FOR(Delta(BitPack)))",15008,3,"for.base",8,direct,2888,,0,8
7,"Nullable(FOR(Delta(BitPack)))",15008,4,"delta.restarts",488,direct,2896,,0,64
7,"Nullable(FOR(Delta(BitPack)))",15008,5,"bitpack.miniblocks",11616,direct,3392,,0,96
8,"Patch(FOR(Delta(BitPack)))",13696,0,"metadata",640,direct,0,,0,64
8,"Patch(FOR(Delta(BitPack)))",13696,1,"patch.positions",64,direct,640,,0,128
8,"Patch(FOR(Delta(BitPack)))",13696,2,"patch.index",16,direct,704,,0,64
8,"Patch(FOR(Delta(BitPack)))",13696,3,"patch.exceptions",128,direct,720,,0,64
8,"Patch(FOR(Delta(BitPack)))",13696,4,"for.base",8,direct,848,,0,8
8,"Patch(FOR(Delta(BitPack)))",13696,5,"delta.restarts",512,direct,856,,0,64
8,"Patch(FOR(Delta(BitPack)))",13696,6,"bitpack.miniblocks",12288,direct,1408,,0,96
9,"Frame(Dictionary(RLE(BitPack)))",625,0,"metadata",512,direct,0,,0,64
9,"Frame(Dictionary(RLE(BitPack)))",625,1,"dictionary.values",24,framed,0,0,0,64
9,"Frame(Dictionary(RLE(BitPack)))",625,2,"rle.lengths",1772,framed,0,0,24,128
9,"Frame(Dictionary(RLE(BitPack)))",625,3,"rle.index",120,framed,0,0,1800,64
9,"Frame(Dictionary(RLE(BitPack)))",625,4,"bitpack.miniblocks",128,framed,0,0,1920,32
10,"Nullable(Patch(Dictionary(RLE(BitPack))))",5568,0,"metadata",960,direct,0,,0,64
10,"Nullable(Patch(Dictionary(RLE(BitPack))))",5568,1,"nullable.validity",2048,direct,960,,0,32
10,"Nullable(Patch(Dictionary(RLE(BitPack))))",5568,2,"nullable.rank",260,direct,3008,,0,64
10,"Nullable(Patch(Dictionary(RLE(BitPack))))",5568,3,"patch.positions",60,direct,3268,,0,128
10,"Nullable(Patch(Dictionary(RLE(BitPack))))",5568,4,"patch.index",16,direct,3328,,0,64
10,"Nullable(Patch(Dictionary(RLE(BitPack))))",5568,5,"patch.exceptions",120,direct,3344,,0,64
10,"Nullable(Patch(Dictionary(RLE(BitPack))))",5568,6,"dictionary.values",24,direct,3464,,0,64
10,"Nullable(Patch(Dictionary(RLE(BitPack))))",5568,7,"rle.lengths",1772,direct,3488,,0,128
10,"Nullable(Patch(Dictionary(RLE(BitPack))))",5568,8,"rle.index",120,direct,5264,,0,64
10,"Nullable(Patch(Dictionary(RLE(BitPack))))",5568,9,"bitpack.miniblocks",128,direct,5440,,0,32
11,"Frame(Patch(FOR(BitPack)))",35658,0,"metadata",576,direct,0,,0,64
11,"Frame(Patch(FOR(BitPack)))",35658,1,"patch.positions",64,framed,0,0,0,128
11,"Frame(Patch(FOR(BitPack)))",35658,2,"patch.index",16,framed,0,0,64,64
11,"Frame(Patch(FOR(BitPack)))",35658,3,"patch.exceptions",128,framed,0,0,80,64
11,"Frame(Patch(FOR(BitPack)))",35658,4,"for.base",8,framed,0,0,208,8
11,"Frame(Patch(FOR(BitPack)))",35658,5,"bitpack.miniblocks",34816,framed,0,0,256,272
12,"Patch(Dictionary(RLE(BitPack)))",3072,0,"metadata",768,direct,0,,0,64
12,"Patch(Dictionary(RLE(BitPack)))",3072,1,"patch.positions",64,direct,768,,0,128
12,"Patch(Dictionary(RLE(BitPack)))",3072,2,"patch.index",16,direct,832,,0,64
12,"Patch(Dictionary(RLE(BitPack)))",3072,3,"patch.exceptions",128,direct,848,,0,64
12,"Patch(Dictionary(RLE(BitPack)))",3072,4,"dictionary.values",24,direct,976,,0,64
12,"Patch(Dictionary(RLE(BitPack)))",3072,5,"rle.lengths",1772,direct,1000,,0,128
12,"Patch(Dictionary(RLE(BitPack)))",3072,6,"rle.index",120,direct,2776,,0,64
12,"Patch(Dictionary(RLE(BitPack)))",3072,7,"bitpack.miniblocks",128,direct,2944,,0,32
13,"Nullable(Dictionary(BitPack))",6688,0,"metadata",448,direct,0,,0,64
13,"Nullable(Dictionary(BitPack))",6688,1,"nullable.validity",2048,direct,448,,0,32
13,"Nullable(Dictionary(BitPack))",6688,2,"nullable.rank",260,direct,2496,,0,64
13,"Nullable(Dictionary(BitPack))",6688,3,"dictionary.values",32,direct,2760,,0,64
13,"Nullable(Dictionary(BitPack))",6688,4,"bitpack.miniblocks",3872,direct,2816,,0,32
14,"Frame(Nullable(Patch(FOR(Delta(BitPack)))))",1777,0,"metadata",896,direct,0,,0,64
14,"Frame(Nullable(Patch(FOR(Delta(BitPack)))))",1777,1,"nullable.validity",2048,framed,0,0,0,32
14,"Frame(Nullable(Patch(FOR(Delta(BitPack)))))",1777,2,"nullable.rank",260,framed,0,0,2048,64
14,"Frame(Nullable(Patch(FOR(Delta(BitPack)))))",1777,3,"patch.positions",60,framed,0,0,2308,128
14,"Frame(Nullable(Patch(FOR(Delta(BitPack)))))",1777,4,"patch.index",16,framed,0,0,2368,64
14,"Frame(Nullable(Patch(FOR(Delta(BitPack)))))",1777,5,"patch.exceptions",120,framed,0,0,2384,64
14,"Frame(Nullable(Patch(FOR(Delta(BitPack)))))",1777,6,"for.base",8,framed,0,0,2504,8
14,"Frame(Nullable(Patch(FOR(Delta(BitPack)))))",1777,7,"delta.restarts",488,framed,0,0,2512,64
14,"Frame(Nullable(Patch(FOR(Delta(BitPack)))))",1777,8,"bitpack.miniblocks",11616,framed,0,0,3008,96
15,"Nullable(UnsignedDelta(BitPack))",11008,0,"metadata",512,direct,0,,0,64
15,"Nullable(UnsignedDelta(BitPack))",11008,1,"nullable.validity",2048,direct,512,,0,32
15,"Nullable(UnsignedDelta(BitPack))",11008,2,"nullable.rank",260,direct,2560,,0,64
15,"Nullable(UnsignedDelta(BitPack))",11008,3,"delta.restarts",480,direct,2824,,0,64
15,"Nullable(UnsignedDelta(BitPack))",11008,4,"bitpack.miniblocks",7680,direct,3328,,0,64
16,"Nullable(UnsignedDelta(BitPack))",11008,0,"metadata",512,direct,0,,0,64
16,"Nullable(UnsignedDelta(BitPack))",11008,1,"nullable.validity",2048,direct,512,,0,32
16,"Nullable(UnsignedDelta(BitPack))",11008,2,"nullable.rank",260,direct,2560,,0,64
16,"Nullable(UnsignedDelta(BitPack))",11008,3,"delta.restarts",480,direct,2824,,0,64
16,"Nullable(UnsignedDelta(BitPack))",11008,4,"bitpack.miniblocks",7680,direct,3328,,0,64
17,"Dictionary(RLE(BitPack))",19968,0,"metadata",448,direct,0,,0,64
17,"Dictionary(RLE(BitPack))",19968,1,"dictionary.values",8192,direct,448,,0,64
17,"Dictionary(RLE(BitPack))",19968,2,"rle.lengths",8192,direct,8640,,0,128
17,"Dictionary(RLE(BitPack))",19968,3,"rle.index",520,direct,16832,,0,64
17,"Dictionary(RLE(BitPack))",19968,4,"bitpack.miniblocks",2560,direct,17408,,0,160
18,"UnsignedDelta(BitPack)",6976,0,"metadata",320,direct,0,,0,64
18,"UnsignedDelta(BitPack)",6976,1,"delta.restarts",512,direct,320,,0,64
18,"UnsignedDelta(BitPack)",6976,2,"bitpack.miniblocks",6144,direct,832,,0,48
