pair,predicate,baseline,p25_ns,median_ns,p75_ns,sum,selected_rows,logical_bytes,delivered_bytes,transferred_bytes,transfer_operations,frames_decoded,selector_decoded_rows,value_decoded_rows,selector_primitive_values_read,value_primitive_values_read,file_bytes,page_index_entries_examined,candidate_pages,boundary_order_used
0,0.1pct,generated_selective,11478.4,11482.4,11495.0,1950,17,385,2901,2901,2,1,0,17,0,34,2901,0,0,false
0,0.1pct,generated_fused,205421.8,205485.1,205632.1,1950,17,18056,2901,2901,1,1,0,16384,0,32768,2901,0,0,false
0,0.1pct,generated_direct_selective,1672.0,1673.9,1676.7,1950,17,1017,2840,2840,17,0,0,17,0,183,6784,0,0,false
0,0.1pct,parquet_row_selection,20076.3,20096.2,20163.4,1950,17,0,4261,4261,9,0,0,17,0,17,39870,0,0,false
0,1pct,generated_selective,13803.1,13803.8,13831.3,152299,165,549,2901,2901,2,1,0,165,0,330,2901,0,0,false
0,1pct,generated_fused,205796.8,205817.9,206108.3,152299,165,18056,2901,2901,1,1,0,16384,0,32768,2901,0,0,false
0,1pct,generated_direct_selective,6328.2,6330.5,6333.1,152299,165,2239,5048,5048,32,0,0,165,0,700,6784,0,0,false
0,1pct,parquet_row_selection,39213.7,39226.2,39266.7,152299,165,0,6858,6858,15,0,0,165,0,165,39870,0,0,false
0,10pct,generated_selective,34944.4,34946.5,34954.6,1927707,1638,2310,2901,2901,2,1,0,1638,0,3276,2901,0,0,false
0,10pct,generated_fused,208419.7,208474.1,208998.2,1927707,1638,18056,2901,2901,1,1,0,16384,0,32768,2901,0,0,false
0,10pct,generated_direct_selective,31852.0,31876.2,31903.1,1927707,1638,4228,6656,6656,44,0,0,1638,0,3523,6784,0,0,false
0,10pct,parquet_row_selection,76328.4,76569.5,76786.1,1927707,1638,0,8822,8822,19,0,0,1638,0,1638,39870,0,0,false
0,50pct,generated_selective,119693.4,119814.9,119831.2,9800271,8193,9441,2901,2901,2,1,0,8193,0,16386,2901,0,0,false
0,50pct,generated_fused,212345.6,212416.7,212472.3,9800271,8193,18056,2901,2901,1,1,0,16384,0,32768,2901,0,0,false
0,50pct,generated_direct_selective,84192.0,84329.7,84616.6,9800271,8193,5896,6784,6784,45,0,0,8193,0,9175,6784,0,0,false
0,50pct,parquet_row_selection,84144.2,84160.3,84321.0,9800271,8193,0,8822,8822,19,0,0,8193,0,8193,39870,0,0,false
1,0.1pct,generated_selective,9320.1,9327.8,9347.8,30078,17,1069,2923,2923,2,1,0,17,0,177,2923,0,0,false
1,0.1pct,generated_fused,37400.1,37435.6,37508.8,30078,17,6238,2923,2923,1,1,0,16384,0,3125,2923,0,0,false
1,0.1pct,generated_direct_selective,1631.7,1634.3,1635.1,30078,17,1005,2288,2288,20,0,0,17,0,177,6576,0,0,false
1,0.1pct,parquet_row_selection,20188.3,20191.3,20213.3,30078,17,0,4076,4076,9,0,0,17,0,17,39259,0,0,false
1,1pct,generated_selective,13080.4,13086.9,13092.3,266642,165,2010,2923,2923,2,1,0,165,0,623,2923,0,0,false
1,1pct,generated_fused,37533.7,37537.5,37539.0,266642,165,6238,2923,2923,1,1,0,16384,0,3125,2923,0,0,false
1,1pct,generated_direct_selective,5658.2,5671.4,5675.7,266642,165,1946,4480,4480,39,0,0,165,0,623,6576,0,0,false
1,1pct,parquet_row_selection,38220.1,38251.9,38257.8,266642,165,0,6378,6378,15,0,0,165,0,165,39259,0,0,false
1,10pct,generated_selective,36625.5,36735.0,36761.4,2675664,1638,4178,2923,2923,2,1,0,1638,0,3360,2923,0,0,false
1,10pct,generated_fused,38137.2,38176.2,38246.8,2675664,1638,6238,2923,2923,1,1,0,16384,0,3125,2923,0,0,false
1,10pct,generated_direct_selective,30654.6,30687.0,30703.9,2675664,1638,4114,6216,6216,55,0,0,1638,0,3360,6576,0,0,false
1,10pct,parquet_row_selection,73010.4,73105.5,73232.7,2675664,1638,0,8211,8211,19,0,0,1638,0,1638,39259,0,0,false
1,50pct,generated_selective,88169.2,88585.3,88892.1,13286683,8193,5977,2923,2923,2,1,0,8193,0,9235,2923,0,0,false
1,50pct,generated_fused,38248.8,38254.5,38425.3,13286683,8193,6238,2923,2923,1,1,0,16384,0,3125,2923,0,0,false
1,50pct,generated_direct_selective,85246.7,85338.6,85374.7,13286683,8193,5913,6516,6516,58,0,0,8193,0,9235,6576,0,0,false
1,50pct,parquet_row_selection,82722.5,82921.6,82975.8,13286683,8193,0,8211,8211,19,0,0,8193,0,8193,39259,0,0,false
2,0.1pct,generated_selective,279.0,279.3,280.5,0,17,264,264,264,2,0,0,17,0,34,320,0,0,false
2,0.1pct,generated_fused,103256.6,103395.7,103397.9,0,17,264,320,320,1,0,0,16384,0,32768,320,0,0,false
2,0.1pct,generated_direct_selective,278.0,278.0,283.4,0,17,264,264,264,2,0,0,17,0,34,320,0,0,false
2,0.1pct,parquet_row_selection,9427.3,9453.0,9469.1,0,17,0,1858,1858,9,0,0,17,0,17,33296,0,0,false
2,1pct,generated_selective,1641.0,1641.7,1644.4,0,165,264,264,264,2,0,0,165,0,330,320,0,0,false
2,1pct,generated_fused,103761.1,103823.3,103946.6,0,165,264,320,320,1,0,0,16384,0,32768,320,0,0,false
2,1pct,generated_direct_selective,1638.0,1642.4,1643.1,0,165,264,264,264,2,0,0,165,0,330,320,0,0,false
2,1pct,parquet_row_selection,14190.6,14207.3,14282.1,0,165,0,2092,2092,15,0,0,165,0,165,33296,0,0,false
2,10pct,generated_selective,14066.6,14101.2,14115.1,0,1638,264,264,264,2,0,0,1638,0,3276,320,0,0,false
2,10pct,generated_fused,105827.3,105893.7,105898.4,0,1638,264,320,320,1,0,0,16384,0,32768,320,0,0,false
2,10pct,generated_direct_selective,14117.6,14125.0,14136.5,0,1638,264,264,264,2,0,0,1638,0,3276,320,0,0,false
2,10pct,parquet_row_selection,29507.2,29607.9,29645.7,0,1638,0,2248,2248,19,0,0,1638,0,1638,33296,0,0,false
2,50pct,generated_selective,66529.9,66606.9,66677.7,0,8193,264,264,264,2,0,0,8193,0,16386,320,0,0,false
2,50pct,generated_fused,110435.8,110596.6,110672.8,0,8193,264,320,320,1,0,0,16384,0,32768,320,0,0,false
2,50pct,generated_direct_selective,65416.5,65435.9,65449.6,0,8193,264,264,264,2,0,0,8193,0,16386,320,0,0,false
2,50pct,parquet_row_selection,51474.7,51482.3,51573.8,0,8193,0,2248,2248,19,0,0,8193,0,8193,33296,0,0,false
3,0.1pct,generated_selective,26479.1,26487.6,26526.2,26638,16,1022,20987,20987,2,1,0,16,0,310,20987,0,0,false
3,0.1pct,generated_fused,273600.9,273806.9,273808.1,26638,16,31681,20987,20987,1,1,0,16384,0,32952,20987,0,0,false
3,0.1pct,generated_direct_selective,570.9,571.5,576.6,26638,16,522,1032,1032,6,0,0,16,0,65,31488,0,0,false
3,0.1pct,parquet_row_selection,13216.5,13229.6,13245.9,26638,16,0,4569,4569,5,0,0,16,0,16,26745,0,0,false
3,1pct,generated_selective,27705.0,27747.7,27748.8,266162,163,1160,20987,20987,2,1,0,163,0,521,20987,0,0,false
3,1pct,generated_fused,274020.0,274286.1,274645.1,266162,163,31681,20987,20987,1,1,0,16384,0,32952,20987,0,0,false
3,1pct,generated_direct_selective,2304.7,2310.8,2311.2,266162,163,789,1032,1032,6,0,0,163,0,350,31488,0,0,false
3,1pct,parquet_row_selection,13401.7,13415.3,13425.0,266162,163,0,4569,4569,5,0,0,163,0,163,26745,0,0,false
3,10pct,generated_selective,45738.4,45787.1,45790.1,2465906,1638,4025,20987,20987,2,1,0,1638,0,3506,20987,0,0,false
3,10pct,generated_fused,276861.4,277271.9,277290.7,2465906,1638,31681,20987,20987,1,1,0,16384,0,32952,20987,0,0,false
3,10pct,generated_direct_selective,19977.8,20001.2,20016.5,2465906,1638,3558,3912,3912,12,0,0,1638,0,3304,31488,0,0,false
3,10pct,parquet_row_selection,15597.2,15597.8,15623.5,2465906,1638,0,4569,4569,5,0,0,1638,0,1638,26745,0,0,false
3,50pct,generated_selective,124730.7,124800.7,124828.1,14705956,8192,16097,20987,20987,2,1,0,8192,0,16568,20987,0,0,false
3,50pct,generated_fused,290965.3,291302.5,291511.2,14705956,8192,31681,20987,20987,1,1,0,16384,0,32952,20987,0,0,false
3,50pct,generated_direct_selective,98297.1,98298.6,98477.4,14705956,8192,15817,15880,15880,37,0,0,8192,0,16387,31488,0,0,false
3,50pct,parquet_row_selection,33989.1,34078.7,34253.7,14705956,8192,0,13852,13852,11,0,0,8192,0,8192,26745,0,0,false
4,0.1pct,generated_selective,21635.9,21639.8,21675.5,146,16,924,14549,14549,2,1,0,16,0,310,14549,0,0,false
4,0.1pct,generated_fused,269187.0,269634.9,269650.7,146,16,25538,14549,14549,1,1,0,16384,0,32952,14549,0,0,false
4,0.1pct,generated_direct_selective,594.8,598.6,599.7,146,16,514,904,904,6,0,0,16,0,65,23296,0,0,false
4,0.1pct,parquet_row_selection,9050.9,9076.5,9141.7,146,16,0,3822,3822,5,0,0,16,0,16,19571,0,0,false
4,1pct,generated_selective,22892.6,22899.7,22927.8,10558,163,1034,14549,14549,2,1,0,163,0,521,14549,0,0,false
4,1pct,generated_fused,270089.9,270197.0,270270.1,10558,163,25538,14549,14549,1,1,0,16384,0,32952,14549,0,0,false
4,1pct,generated_direct_selective,2306.9,2306.9,2310.7,10558,163,707,904,904,6,0,0,163,0,350,23296,0,0,false
4,1pct,parquet_row_selection,9304.6,9307.6,9370.1,10558,163,0,3822,3822,5,0,0,163,0,163,19571,0,0,false
4,10pct,generated_selective,40924.4,40932.1,40951.1,205490,1638,3335,14549,14549,2,1,0,1638,0,3506,14549,0,0,false
4,10pct,generated_fused,272965.6,273256.0,273682.3,205490,1638,25538,14549,14549,1,1,0,16384,0,32952,14549,0,0,false
4,10pct,generated_direct_selective,20008.5,20028.3,20038.8,205490,1638,2740,3016,3016,12,0,0,1638,0,3304,23296,0,0,false
4,10pct,parquet_row_selection,11284.8,11298.4,11310.8,205490,1638,0,3822,3822,5,0,0,1638,0,1638,19571,0,0,false
4,50pct,generated_selective,120042.7,120208.6,120215.4,972716,8192,13026,14549,14549,2,1,0,8192,0,16568,14549,0,0,false
4,50pct,generated_fused,286675.7,286802.3,286896.0,972716,8192,25538,14549,14549,1,1,0,16384,0,32952,14549,0,0,false
4,50pct,generated_direct_selective,98549.4,98561.4,98742.2,972716,8192,11722,11784,11784,37,0,0,8192,0,16387,23296,0,0,false
4,50pct,parquet_row_selection,27870.5,27925.3,28044.1,972716,8192,0,10105,10105,11,0,0,8192,0,8192,19571,0,0,false
5,0.1pct,generated_selective,5714.4,5718.3,5723.4,0,4,345,2390,2390,2,1,0,4,0,5,2390,0,0,false
5,0.1pct,generated_fused,25352.5,25355.5,25361.7,0,4,19840,2390,2390,1,1,0,4730,0,4731,2390,0,0,false
5,0.1pct,generated_direct_selective,321.4,321.6,322.1,0,4,569,1240,1240,6,0,0,4,0,31,5648,0,0,false
5,0.1pct,parquet_row_selection,7608.7,7622.2,7634.8,0,4,0,1622,1622,4,0,0,4,0,4,5028,0,0,false
5,1pct,generated_selective,5883.8,5896.0,5897.7,0,47,523,2390,2390,2,1,0,47,0,48,2390,0,0,false
5,1pct,generated_fused,25376.9,25381.5,25389.0,0,47,19840,2390,2390,1,1,0,4730,0,4731,2390,0,0,false
5,1pct,generated_direct_selective,322.5,323.1,327.3,0,47,569,1240,1240,6,0,0,47,0,31,5648,0,0,false
5,1pct,parquet_row_selection,7931.3,7931.5,7933.9,0,47,0,1622,1622,4,0,0,47,0,47,5028,0,0,false
5,10pct,generated_selective,7557.8,7558.7,7559.9,9944054162,483,2322,2390,2390,2,1,0,483,0,484,2390,0,0,false
5,10pct,generated_fused,25588.8,25601.5,25623.8,9944054162,483,19840,2390,2390,1,1,0,4730,0,4731,2390,0,0,false
5,10pct,generated_direct_selective,1187.0,1187.2,1188.6,9944054162,483,788,1368,1368,7,0,0,483,0,112,5648,0,0,false
5,10pct,parquet_row_selection,8538.0,8558.4,8572.4,9944054162,483,0,1622,1622,4,0,0,483,0,483,5028,0,0,false
5,50pct,generated_selective,14598.4,14612.2,14613.7,180619064060,2365,10085,2390,2390,2,1,0,2365,0,2366,2390,0,0,false
5,50pct,generated_fused,26365.1,26376.2,26380.8,180619064060,2365,19840,2390,2390,1,1,0,4730,0,4731,2390,0,0,false
5,50pct,generated_direct_selective,11383.9,11392.8,11397.0,180619064060,2365,3365,4232,4232,20,0,0,2365,0,1072,5648,0,0,false
5,50pct,parquet_row_selection,15897.8,15922.8,15945.2,180619064060,2365,0,3629,3629,6,0,0,2365,0,2365,5028,0,0,false
6,0.1pct,generated_selective,7286.4,7291.7,7301.8,0,4,346,3567,3567,2,1,0,4,0,5,3567,0,0,false
6,0.1pct,generated_fused,23797.0,23812.1,23813.8,0,4,17464,3567,3567,1,1,0,4032,0,4033,3567,0,0,false
6,0.1pct,generated_direct_selective,365.2,366.9,368.6,0,4,589,1256,1256,6,0,0,4,0,36,9024,0,0,false
6,0.1pct,parquet_row_selection,7688.6,7692.1,7703.1,0,4,0,1807,1807,4,0,0,4,0,4,6511,0,0,false
6,1pct,generated_selective,7435.0,7435.2,7436.8,0,40,498,3567,3567,2,1,0,40,0,41,3567,0,0,false
6,1pct,generated_fused,23796.3,23810.9,23826.1,0,40,17464,3567,3567,1,1,0,4032,0,4033,3567,0,0,false
6,1pct,generated_direct_selective,366.3,367.1,371.1,0,40,589,1256,1256,6,0,0,40,0,36,9024,0,0,false
6,1pct,parquet_row_selection,7813.1,7820.1,7843.1,0,40,0,1807,1807,4,0,0,40,0,40,6511,0,0,false
6,10pct,generated_selective,8824.5,8831.8,8834.2,116065735014,403,2042,3567,3567,2,1,0,403,0,404,3567,0,0,false
6,10pct,generated_fused,23961.6,23962.1,23963.7,116065735014,403,17464,3567,3567,1,1,0,4032,0,4033,3567,0,0,false
6,10pct,generated_direct_selective,4216.6,4222.2,4224.1,116065735014,403,1552,2312,2312,11,0,0,403,0,393,9024,0,0,false
6,10pct,parquet_row_selection,10499.9,10502.3,10511.5,116065735014,403,0,3469,3469,5,0,0,403,0,403,6511,0,0,false
6,50pct,generated_selective,14807.8,14808.1,14817.8,423263374950,2016,8896,3567,3567,2,1,0,2016,0,2017,3567,0,0,false
6,50pct,generated_fused,24580.6,24594.3,24600.5,423263374950,2016,17464,3567,3567,1,1,0,4032,0,4033,3567,0,0,false
6,50pct,generated_direct_selective,15688.6,15689.0,15698.0,423263374950,2016,4514,5416,5416,26,0,0,2016,0,1472,9024,0,0,false
6,50pct,parquet_row_selection,15002.0,15017.4,15026.0,423263374950,2016,0,4758,4758,6,0,0,2016,0,2016,6511,0,0,false
7,0.1pct,generated_selective,11991.6,11995.2,11998.7,8701600,4,344,13212,13212,2,1,0,4,0,5,13212,0,0,false
7,0.1pct,generated_fused,28634.0,28667.8,28671.7,8701600,4,16456,13212,13212,1,1,0,4032,0,4033,13212,0,0,false
7,0.1pct,generated_direct_selective,105.8,105.8,106.1,8701600,4,280,776,776,3,0,0,4,0,5,16704,0,0,false
7,0.1pct,parquet_row_selection,6954.6,6960.1,6966.7,8701600,4,0,4361,4361,4,0,0,4,0,4,13511,0,0,false
7,1pct,generated_selective,12103.6,12105.6,12109.1,97169050,40,488,13212,13212,2,1,0,40,0,41,13212,0,0,false
7,1pct,generated_fused,28646.7,28683.4,28688.7,97169050,40,16456,13212,13212,1,1,0,4032,0,4033,13212,0,0,false
7,1pct,generated_direct_selective,232.1,234.1,239.1,97169050,40,424,776,776,3,0,0,40,0,41,16704,0,0,false
7,1pct,parquet_row_selection,6954.8,6962.4,6965.4,97169050,40,0,4361,4361,4,0,0,40,0,40,13511,0,0,false
7,10pct,generated_selective,13477.2,13480.7,13492.3,1031478178,403,1940,13212,13212,2,1,0,403,0,404,13212,0,0,false
7,10pct,generated_fused,28783.8,28786.6,28789.4,1031478178,403,16456,13212,13212,1,1,0,4032,0,4033,13212,0,0,false
7,10pct,generated_direct_selective,1602.3,1609.1,1610.8,1031478178,403,1876,2312,2312,3,0,0,403,0,404,16704,0,0,false
7,10pct,parquet_row_selection,8126.2,8131.1,8136.7,1031478178,403,0,7246,7246,5,0,0,403,0,403,13511,0,0,false
7,50pct,generated_selective,19535.5,19542.5,19545.6,12948315171,2016,8392,13212,13212,2,1,0,2016,0,2017,13212,0,0,false
7,50pct,generated_fused,29326.1,29327.1,29333.9,12948315171,2016,16456,13212,13212,1,1,0,4032,0,4033,13212,0,0,false
7,50pct,generated_direct_selective,7574.4,7574.5,7583.4,12948315171,2016,8328,8968,8968,3,0,0,2016,0,2017,16704,0,0,false
7,50pct,parquet_row_selection,11466.6,11482.4,11493.2,12948315171,2016,0,10685,10685,6,0,0,2016,0,2016,13511,0,0,false
8,0.1pct,generated_selective,14322.6,14327.4,14328.9,26520,4,350,4849,4849,2,1,0,4,0,8,4849,0,0,false
8,0.1pct,generated_fused,69478.2,69482.9,69513.3,26520,4,10697,4849,4849,1,1,0,4730,0,9460,4849,0,0,false
8,0.1pct,generated_direct_selective,126.7,126.8,126.8,26520,4,286,608,608,5,0,0,4,0,8,10656,0,0,false
8,0.1pct,parquet_row_selection,9207.9,9210.8,9228.5,26520,4,0,3420,3420,4,0,0,4,0,4,12616,0,0,false
8,1pct,generated_selective,14831.1,14850.2,14853.6,334800,47,443,4849,4849,2,1,0,47,0,94,4849,0,0,false
8,1pct,generated_fused,69385.6,69404.2,69430.3,334800,47,10697,4849,4849,1,1,0,4730,0,9460,4849,0,0,false
8,1pct,generated_direct_selective,675.5,676.3,676.3,334800,47,379,672,672,6,0,0,47,0,94,10656,0,0,false
8,1pct,parquet_row_selection,9421.9,9427.8,9446.3,334800,47,0,3420,3420,4,0,0,47,0,47,12616,0,0,false
8,10pct,generated_selective,19739.4,19770.0,19776.1,2533014540,484,1254,4849,4849,2,1,0,484,0,968,4849,0,0,false
8,10pct,generated_fused,69550.5,69671.0,69706.8,2533014540,484,10697,4849,4849,1,1,0,4730,0,9460,4849,0,0,false
8,10pct,generated_direct_selective,5754.9,5758.6,5771.0,2533014540,484,1190,2592,2592,26,0,0,484,0,968,10656,0,0,false
8,10pct,parquet_row_selection,9950.5,9952.7,9957.9,2533014540,484,0,3420,3420,4,0,0,484,0,484,12616,0,0,false
8,50pct,generated_selective,40765.3,40769.6,40834.1,35029220800,2365,6101,4849,4849,2,1,0,2365,0,4730,4849,0,0,false
8,50pct,generated_fused,70595.3,70625.3,70683.6,35029220800,2365,10697,4849,4849,1,1,0,4730,0,9460,4849,0,0,false
8,50pct,generated_direct_selective,27542.3,27547.6,27561.4,35029220800,2365,6037,7760,7760,72,0,0,2365,0,4730,10656,0,0,false
8,50pct,parquet_row_selection,19575.7,19609.3,19621.2,35029220800,2365,0,8606,8606,6,0,0,2365,0,2365,12616,0,0,false
9,0.1pct,generated_selective,4889.2,4893.7,4895.0,511,4,334,4863,4863,2,1,0,4,0,5,4863,0,0,false
9,0.1pct,generated_fused,21602.3,21604.8,21619.8,511,4,5368,4863,4863,1,1,0,4032,0,4033,4863,0,0,false
9,0.1pct,generated_direct_selective,95.9,95.9,96.0,511,4,270,424,424,3,0,0,4,0,5,5440,0,0,false
9,0.1pct,parquet_row_selection,6621.7,6623.0,6643.1,511,4,0,2063,2063,4,0,0,4,0,4,5995,0,0,false
9,1pct,generated_selective,5073.6,5077.0,5080.7,3202,40,378,4863,4863,2,1,0,40,0,41,4863,0,0,false
9,1pct,generated_fused,21654.8,21665.4,21666.4,3202,40,5368,4863,4863,1,1,0,4032,0,4033,4863,0,0,false
9,1pct,generated_direct_selective,264.9,264.9,265.0,3202,40,314,424,424,3,0,0,40,0,41,5440,0,0,false
9,1pct,parquet_row_selection,6785.0,6793.7,6816.6,3202,40,0,2063,2063,4,0,0,40,0,40,5995,0,0,false
9,10pct,generated_selective,6489.3,6493.1,6520.1,29982,403,833,4863,4863,2,1,0,403,0,404,4863,0,0,false
9,10pct,generated_fused,21740.9,21742.5,21752.9,29982,403,5368,4863,4863,1,1,0,4032,0,4033,4863,0,0,false
9,10pct,generated_direct_selective,1669.5,1670.6,1673.8,29982,403,769,904,904,3,0,0,403,0,404,5440,0,0,false
9,10pct,parquet_row_selection,7837.4,7853.3,7882.4,29982,403,0,3283,3283,5,0,0,403,0,403,5995,0,0,false
9,50pct,generated_selective,12408.3,12417.6,12428.6,121749,2016,2848,4863,4863,2,1,0,2016,0,2017,4863,0,0,false
9,50pct,generated_fused,22307.0,22307.7,22350.1,121749,2016,5368,4863,4863,1,1,0,4032,0,4033,4863,0,0,false
9,50pct,generated_direct_selective,7643.5,7643.7,7650.6,121749,2016,2784,2984,2984,3,0,0,2016,0,2017,5440,0,0,false
9,50pct,parquet_row_selection,10806.2,10821.8,10833.2,121749,2016,0,4536,4536,6,0,0,2016,0,2016,5995,0,0,false
10,0.1pct,generated_selective,5323.6,5334.5,5340.7,56405898,1,738,4753,4753,2,1,0,1,0,110,4753,0,0,false
10,0.1pct,generated_fused,13870.3,13877.5,13885.1,56405898,1,5007,4753,4753,1,1,0,1243,0,1243,4753,0,0,false
10,0.1pct,generated_direct_selective,78.2,78.3,78.3,56405898,1,269,744,744,3,0,0,1,0,2,5120,0,0,false
10,0.1pct,parquet_row_selection,6525.8,6539.6,6540.2,56405898,1,0,4255,4255,4,0,0,1,0,1,5116,0,0,false
10,1pct,generated_selective,5349.9,5352.8,5359.0,713746114,12,757,4753,4753,2,1,0,12,0,115,4753,0,0,false
10,1pct,generated_fused,13874.1,13876.9,13886.4,713746114,12,5007,4753,4753,1,1,0,1243,0,1243,4753,0,0,false
10,1pct,generated_direct_selective,135.6,135.6,135.7,713746114,12,310,744,744,3,0,0,12,0,13,5120,0,0,false
10,1pct,parquet_row_selection,6606.7,6608.4,6628.0,713746114,12,0,4255,4255,4,0,0,12,0,12,5116,0,0,false
10,10pct,generated_selective,5613.6,5620.4,5621.9,5997398414,124,967,4753,4753,2,1,0,124,0,171,4753,0,0,false
10,10pct,generated_fused,14119.1,14122.5,14124.2,5997398414,124,5007,4753,4753,1,1,0,1243,0,1243,4753,0,0,false
10,10pct,generated_direct_selective,543.2,547.6,554.0,5997398414,124,730,1224,1224,3,0,0,124,0,125,5120,0,0,false
10,10pct,parquet_row_selection,6795.8,6806.5,6807.5,5997398414,124,0,4255,4255,4,0,0,124,0,124,5116,0,0,false
10,50pct,generated_selective,7968.0,7968.2,7972.1,21092643372,621,2870,4753,4753,2,1,0,621,0,676,4753,0,0,false
10,50pct,generated_fused,15141.7,15151.0,15173.8,21092643372,621,5007,4753,4753,1,1,0,1243,0,1243,4753,0,0,false
10,50pct,generated_direct_selective,2434.5,2445.3,2445.5,21092643372,621,2593,3144,3144,3,0,0,621,0,622,5120,0,0,false
10,50pct,parquet_row_selection,7348.5,7365.5,7376.0,21092643372,621,0,4255,4255,4,0,0,621,0,621,5116,0,0,false
11,0.1pct,generated_selective,16374.3,16380.6,16386.3,182914,10,416,18855,18855,2,1,0,10,0,45,18855,0,0,false
11,0.1pct,generated_fused,93402.1,93406.4,93494.2,182914,10,21206,18855,18855,1,1,0,10320,0,10320,18855,0,0,false
11,0.1pct,generated_direct_selective,134.8,134.9,135.1,182914,10,284,520,520,3,0,0,10,0,11,21056,0,0,false
11,0.1pct,parquet_row_selection,6373.1,6387.6,6389.1,182914,10,0,3173,3173,4,0,0,10,0,10,20311,0,0,false
11,1pct,generated_selective,17794.6,17795.6,17808.6,1719974,103,1026,18855,18855,2,1,0,103,0,347,18855,0,0,false
11,1pct,generated_fused,93415.5,93477.5,93480.8,1719974,103,21206,18855,18855,1,1,0,10320,0,10320,18855,0,0,false
11,1pct,generated_direct_selective,470.6,472.9,474.8,1719974,103,470,776,776,3,0,0,103,0,104,21056,0,0,false
11,1pct,parquet_row_selection,7783.1,7787.0,7787.6,1719974,103,0,5011,5011,5,0,0,103,0,103,20311,0,0,false
11,10pct,generated_selective,20965.4,20971.5,20979.1,16551387,1032,2486,18855,18855,2,1,0,1032,0,1068,18855,0,0,false
11,10pct,generated_fused,92545.6,92576.6,92689.7,16551387,1032,21206,18855,18855,1,1,0,10320,0,10320,18855,0,0,false
11,10pct,generated_direct_selective,3944.4,3945.6,3945.8,16551387,1032,2328,2568,2568,3,0,0,1032,0,1033,21056,0,0,false
11,10pct,parquet_row_selection,9152.4,9155.8,9156.6,16551387,1032,0,5011,5011,5,0,0,1032,0,1032,20311,0,0,false
11,50pct,generated_selective,40823.9,40860.1,40872.6,80404463,5160,10806,18855,18855,2,1,0,5160,0,5180,18855,0,0,false
11,50pct,generated_fused,103825.9,103880.2,103901.2,80404463,5160,21206,18855,18855,1,1,0,10320,0,10320,18855,0,0,false
11,50pct,generated_direct_selective,19208.7,19210.0,19227.6,80404463,5160,10584,10760,10760,3,0,0,5160,0,5161,21056,0,0,false
11,50pct,parquet_row_selection,19425.6,19444.6,19445.0,80404463,5160,0,12322,12322,9,0,0,5160,0,5160,20311,0,0,false
12,0.1pct,generated_selective,5490.2,5498.8,5498.8,779,2,725,3696,3696,2,1,0,2,0,227,3696,0,0,false
12,0.1pct,generated_fused,22684.6,22716.3,22722.3,779,2,4765,3696,3696,1,1,0,2500,0,2500,3696,0,0,false
12,0.1pct,generated_direct_selective,81.4,81.4,81.6,779,2,268,472,472,3,0,0,2,0,3,4480,0,0,false
12,0.1pct,parquet_row_selection,6086.1,6091.4,6224.0,779,2,0,2294,2294,4,0,0,2,0,2,7128,0,0,false
12,1pct,generated_selective,5578.9,5581.6,5582.6,8500,25,744,3696,3696,2,1,0,25,0,238,3696,0,0,false
12,1pct,generated_fused,22744.4,22766.8,22773.4,8500,25,4765,3696,3696,1,1,0,2500,0,2500,3696,0,0,false
12,1pct,generated_direct_selective,205.9,205.9,206.0,8500,25,305,472,472,3,0,0,25,0,26,4480,0,0,false
12,1pct,parquet_row_selection,6196.1,6204.0,6221.1,8500,25,0,2294,2294,4,0,0,25,0,25,7128,0,0,false
12,10pct,generated_selective,6127.7,6131.4,6136.5,84588,250,949,3696,3696,2,1,0,250,0,351,3696,0,0,false
12,10pct,generated_fused,23218.7,23229.6,23273.2,84588,250,4765,3696,3696,1,1,0,2500,0,2500,3696,0,0,false
12,10pct,generated_direct_selective,1044.9,1045.2,1045.4,84588,250,671,888,888,3,0,0,250,0,251,4480,0,0,false
12,10pct,parquet_row_selection,6616.6,6632.2,6643.8,84588,250,0,2294,2294,4,0,0,250,0,250,7128,0,0,false
12,50pct,generated_selective,10772.7,10784.4,10788.8,475636,1250,2748,3696,3696,2,1,0,1250,0,1363,3696,0,0,false
12,50pct,generated_fused,25259.9,25277.6,25279.1,475636,1250,4765,3696,3696,1,1,0,2500,0,2500,3696,0,0,false
12,50pct,generated_direct_selective,4762.3,4783.0,4783.3,475636,1250,2296,2552,2552,3,0,0,1250,0,1251,4480,0,0,false
12,50pct,parquet_row_selection,9147.3,9150.1,9161.7,475636,1250,0,3795,3795,5,0,0,1250,0,1250,7128,0,0,false
13,0.1pct,generated_selective,4470.4,4472.2,4475.0,1114,2,429,3328,3328,2,1,0,2,0,58,3328,0,0,false
13,0.1pct,generated_fused,19954.2,19956.6,19958.7,1114,2,4167,3328,3328,1,1,0,2162,0,2162,3328,0,0,false
13,0.1pct,generated_direct_selective,82.3,82.3,82.3,1114,2,268,472,472,3,0,0,2,0,3,3856,0,0,false
13,0.1pct,parquet_row_selection,5971.4,5979.0,5997.9,1114,2,0,2261,2261,4,0,0,2,0,2,7162,0,0,false
13,1pct,generated_selective,4512.7,4513.5,4516.0,8698,21,445,3328,3328,2,1,0,21,0,67,3328,0,0,false
13,1pct,generated_fused,19986.8,19987.6,20010.5,8698,21,4167,3328,3328,1,1,0,2162,0,2162,3328,0,0,false
13,1pct,generated_direct_selective,184.8,188.2,188.3,8698,21,299,472,472,3,0,0,21,0,22,3856,0,0,false
13,1pct,parquet_row_selection,6082.2,6084.2,6109.6,8698,21,0,2261,2261,4,0,0,21,0,21,7162,0,0,false
13,10pct,generated_selective,6111.0,6128.5,6134.3,67603,216,1071,3328,3328,2,1,0,216,0,421,3328,0,0,false
13,10pct,generated_fused,20423.5,20438.9,20473.8,67603,216,4167,3328,3328,1,1,0,2162,0,2162,3328,0,0,false
13,10pct,generated_direct_selective,943.8,945.7,947.4,67603,216,616,888,888,3,0,0,216,0,217,3856,0,0,false
13,10pct,parquet_row_selection,7566.0,7566.0,7594.6,67603,216,0,3970,3970,5,0,0,216,0,216,7162,0,0,false
13,50pct,generated_selective,9329.4,9342.5,9367.0,363853,1081,2296,3328,3328,2,1,0,1081,0,1109,3328,0,0,false
13,50pct,generated_fused,22139.9,22164.1,22187.7,363853,1081,4167,3328,3328,1,1,0,2162,0,2162,3328,0,0,false
13,50pct,generated_direct_selective,4143.6,4174.1,4190.8,363853,1081,2022,2136,2136,3,0,0,1081,0,1082,3856,0,0,false
13,50pct,parquet_row_selection,8974.7,9012.1,9016.6,363853,1081,0,3970,3970,5,0,0,1081,0,1081,7162,0,0,false
14,0.1pct,generated_selective,5690.9,5696.0,5699.9,722,2,338,2764,2764,2,1,0,2,0,4,2764,0,0,false
14,0.1pct,generated_fused,33442.6,33442.9,33451.6,722,2,4100,2764,2764,1,1,0,2380,0,4760,2764,0,0,false
14,0.1pct,generated_direct_selective,80.5,80.5,80.6,722,2,268,456,456,3,0,0,2,0,3,3968,0,0,false
14,0.1pct,parquet_row_selection,6008.2,6011.3,6022.3,722,2,0,2269,2269,4,0,0,2,0,2,6106,0,0,false
14,1pct,generated_selective,5982.5,5984.2,5991.7,7927,23,495,2764,2764,2,1,0,23,0,46,2764,0,0,false
14,1pct,generated_fused,33513.7,33533.2,33567.8,7927,23,4100,2764,2764,1,1,0,2380,0,4760,2764,0,0,false
14,1pct,generated_direct_selective,187.9,187.9,188.0,7927,23,299,456,456,3,0,0,23,0,24,3968,0,0,false
14,1pct,parquet_row_selection,6177.1,6197.1,6202.6,7927,23,0,2269,2269,4,0,0,23,0,23,6106,0,0,false
14,10pct,generated_selective,8567.0,8570.6,8574.7,92436,238,1246,2764,2764,2,1,0,238,0,476,2764,0,0,false
14,10pct,generated_fused,33568.4,33573.1,33582.3,92436,238,4100,2764,2764,1,1,0,2380,0,4760,2764,0,0,false
14,10pct,generated_direct_selective,1009.6,1009.6,1009.7,92436,238,622,840,840,3,0,0,238,0,239,3968,0,0,false
14,10pct,parquet_row_selection,6571.9,6572.0,6572.2,92436,238,0,2269,2269,4,0,0,238,0,238,6106,0,0,false
14,50pct,generated_selective,19870.9,19878.5,19885.5,505888,1190,2630,2764,2764,2,1,0,1190,0,2380,2764,0,0,false
14,50pct,generated_fused,34029.2,34081.0,34118.8,505888,1190,4100,2764,2764,1,1,0,2380,0,4760,2764,0,0,false
14,50pct,generated_direct_selective,4537.3,4544.1,4560.3,505888,1190,2050,2184,2184,3,0,0,1190,0,1191,3968,0,0,false
14,50pct,parquet_row_selection,9463.3,9472.9,9497.8,505888,1190,0,3770,3770,5,0,0,1190,0,1190,6106,0,0,false
15,0.1pct,generated_selective,4041.8,4042.2,4043.6,600,2,339,3622,3622,2,1,0,2,0,4,3622,0,0,false
15,0.1pct,generated_fused,33608.9,33612.7,33721.0,600,2,5741,3622,3622,1,1,0,2500,0,5000,3622,0,0,false
15,0.1pct,generated_direct_selective,81.4,81.4,82.1,600,2,268,472,472,3,0,0,2,0,3,4480,0,0,false
15,0.1pct,parquet_row_selection,6201.9,6207.1,6212.0,600,2,0,2317,2317,4,0,0,2,0,2,6320,0,0,false
15,1pct,generated_selective,4358.3,4362.2,4363.5,5630,25,525,3622,3622,2,1,0,25,0,50,3622,0,0,false
15,1pct,generated_fused,33601.6,33625.1,33639.8,5630,25,5741,3622,3622,1,1,0,2500,0,5000,3622,0,0,false
15,1pct,generated_direct_selective,201.8,202.3,202.3,5630,25,305,472,472,3,0,0,25,0,26,4480,0,0,false
15,1pct,parquet_row_selection,6287.2,6293.2,6308.3,5630,25,0,2317,2317,4,0,0,25,0,25,6320,0,0,false
15,10pct,generated_selective,6909.2,6913.9,6923.4,159580,250,1818,3622,3622,2,1,0,250,0,500,3622,0,0,false
15,10pct,generated_fused,33787.3,33806.3,33852.0,159580,250,5741,3622,3622,1,1,0,2500,0,5000,3622,0,0,false
15,10pct,generated_direct_selective,1063.2,1063.8,1064.4,159580,250,671,888,888,3,0,0,250,0,251,4480,0,0,false
15,10pct,parquet_row_selection,6580.9,6583.1,6594.7,159580,250,0,2317,2317,4,0,0,250,0,250,6320,0,0,false
15,50pct,generated_selective,18092.7,18134.0,18143.5,794556,1250,3823,3622,3622,2,1,0,1250,0,2500,3622,0,0,false
15,50pct,generated_fused,34361.9,34366.8,34400.6,794556,1250,5741,3622,3622,1,1,0,2500,0,5000,3622,0,0,false
15,50pct,generated_direct_selective,4784.2,4785.4,4790.0,794556,1250,2296,2552,2552,3,0,0,1250,0,1251,4480,0,0,false
15,50pct,parquet_row_selection,9019.8,9033.5,9051.4,794556,1250,0,3858,3858,5,0,0,1250,0,1250,6320,0,0,false
16,0.1pct,generated_selective,3439.8,3440.0,3451.0,160,2,339,2372,2372,2,1,0,2,0,4,2372,0,0,false
16,0.1pct,generated_fused,32525.6,32555.3,32565.1,160,2,2667,2372,2372,1,1,0,2500,0,5000,2372,0,0,false
16,0.1pct,generated_direct_selective,79.9,80.0,80.1,160,2,267,376,376,3,0,0,2,0,3,2560,0,0,false
16,0.1pct,parquet_row_selection,6064.0,6067.1,6091.3,160,2,0,1633,1633,4,0,0,2,0,2,4755,0,0,false
16,1pct,generated_selective,3745.7,3748.7,3753.7,2037,25,484,2372,2372,2,1,0,25,0,50,2372,0,0,false
16,1pct,generated_fused,32612.6,32641.5,32651.8,2037,25,2667,2372,2372,1,1,0,2500,0,5000,2372,0,0,false
16,1pct,generated_direct_selective,214.8,214.8,215.1,2037,25,287,376,376,3,0,0,25,0,26,2560,0,0,false
16,1pct,parquet_row_selection,6112.1,6119.8,6120.2,2037,25,0,1633,1633,4,0,0,25,0,25,4755,0,0,false
16,10pct,generated_selective,6307.8,6313.7,6313.8,20816,250,845,2372,2372,2,1,0,250,0,500,2372,0,0,false
16,10pct,generated_fused,32675.0,32694.4,32712.1,20816,250,2667,2372,2372,1,1,0,2500,0,5000,2372,0,0,false
16,10pct,generated_direct_selective,1091.4,1097.2,1098.4,20816,250,484,600,600,3,0,0,250,0,251,2560,0,0,false
16,10pct,parquet_row_selection,6379.2,6389.9,6407.8,20816,250,0,1633,1633,4,0,0,250,0,250,4755,0,0,false
16,50pct,generated_selective,17456.7,17489.4,17492.8,103380,1250,1675,2372,2372,2,1,0,1250,0,2500,2372,0,0,false
16,50pct,generated_fused,33175.3,33196.8,33225.7,103380,1250,2667,2372,2372,1,1,0,2500,0,5000,2372,0,0,false
16,50pct,generated_direct_selective,4785.1,4786.7,4787.0,103380,1250,1359,1496,1496,3,0,0,1250,0,1251,2560,0,0,false
16,50pct,parquet_row_selection,8629.0,8650.7,8661.6,103380,1250,0,2474,2474,5,0,0,1250,0,1250,4755,0,0,false
17,0.1pct,generated_selective,2475.8,2478.9,2480.7,71,1,374,1207,1207,2,1,0,1,0,52,1207,0,0,false
17,0.1pct,generated_fused,10486.3,10495.0,10498.4,71,1,1347,1207,1207,1,1,0,1127,0,1127,1207,0,0,false
17,0.1pct,generated_direct_selective,73.2,73.4,74.0,71,1,266,376,376,3,0,0,1,0,2,1328,0,0,false
17,0.1pct,parquet_row_selection,6267.6,6268.2,6301.2,71,1,0,1563,1563,4,0,0,1,0,1,2781,0,0,false
17,1pct,generated_selective,2500.8,2504.4,2511.4,743,11,378,1207,1207,2,1,0,11,0,57,1207,0,0,false
17,1pct,generated_fused,10537.7,10545.4,10559.6,743,11,1347,1207,1207,1,1,0,1127,0,1127,1207,0,0,false
17,1pct,generated_direct_selective,142.1,142.1,142.1,743,11,274,376,376,3,0,0,11,0,12,1328,0,0,false
17,1pct,parquet_row_selection,6377.2,6381.6,6391.9,743,11,0,1563,1563,4,0,0,11,0,11,2781,0,0,false
17,10pct,generated_selective,3851.0,3853.8,3858.7,7480,112,654,1207,1207,2,1,0,112,0,363,1207,0,0,false
17,10pct,generated_fused,10725.2,10731.6,10735.8,7480,112,1347,1207,1207,1,1,0,1127,0,1127,1207,0,0,false
17,10pct,generated_direct_selective,537.3,538.1,543.2,7480,112,363,488,488,3,0,0,112,0,113,1328,0,0,false
17,10pct,parquet_row_selection,6397.6,6401.7,6411.3,7480,112,0,1563,1563,4,0,0,112,0,112,2781,0,0,false
17,50pct,generated_selective,4999.6,5000.1,5013.3,36761,563,860,1207,1207,2,1,0,563,0,589,1207,0,0,false
17,50pct,generated_fused,11692.5,11702.9,11719.9,36761,563,1347,1207,1207,1,1,0,1127,0,1127,1207,0,0,false
17,50pct,generated_direct_selective,2264.4,2265.5,2265.8,36761,563,758,824,824,3,0,0,563,0,564,1328,0,0,false
17,50pct,parquet_row_selection,7298.1,7300.8,7311.2,36761,563,0,1563,1563,4,0,0,563,0,563,2781,0,0,false
18,0.1pct,generated_selective,4103.8,4106.7,4112.7,133,2,524,2074,2074,2,1,0,2,0,224,2074,0,0,false
18,0.1pct,generated_fused,21396.6,21420.4,21426.8,133,2,2584,2074,2074,1,1,0,2495,0,2495,2074,0,0,false
18,0.1pct,generated_direct_selective,77.8,78.0,78.1,133,2,266,376,376,3,0,0,2,0,3,2560,0,0,false
18,0.1pct,parquet_row_selection,6048.0,6052.0,6071.8,133,2,0,1505,1505,4,0,0,2,0,2,4383,0,0,false
18,1pct,generated_selective,4159.6,4163.2,4164.7,1539,24,534,2074,2074,2,1,0,24,0,235,2074,0,0,false
18,1pct,generated_fused,21449.7,21455.7,21523.5,1539,24,2584,2074,2074,1,1,0,2495,0,2495,2074,0,0,false
18,1pct,generated_direct_selective,217.0,217.0,217.0,1539,24,286,376,376,3,0,0,24,0,25,2560,0,0,false
18,1pct,parquet_row_selection,6154.8,6180.2,6182.9,1539,24,0,1505,1505,4,0,0,24,0,24,4383,0,0,false
18,10pct,generated_selective,4743.9,4745.9,4747.1,16242,249,641,2074,2074,2,1,0,249,0,348,2074,0,0,false
18,10pct,generated_fused,21950.1,21970.0,21971.8,16242,249,2584,2074,2074,1,1,0,2495,0,2495,2074,0,0,false
18,10pct,generated_direct_selective,1068.0,1068.3,1082.2,16242,249,483,600,600,3,0,0,249,0,250,2560,0,0,false
18,10pct,parquet_row_selection,6572.1,6586.7,6587.5,16242,249,0,1505,1505,4,0,0,249,0,249,4383,0,0,false
18,50pct,generated_selective,9479.0,9484.3,9496.1,80054,1247,1558,2074,2074,2,1,0,1247,0,1359,2074,0,0,false
18,50pct,generated_fused,23991.1,24051.2,24078.2,80054,1247,2584,2074,2074,1,1,0,2495,0,2495,2074,0,0,false
18,50pct,generated_direct_selective,4792.0,4799.0,4807.8,80054,1247,1356,1496,1496,3,0,0,1247,0,1248,2560,0,0,false
18,50pct,parquet_row_selection,9127.4,9129.4,9142.8,80054,1247,0,2257,2257,5,0,0,1247,0,1247,4383,0,0,false
19,0.1pct,generated_selective,19004.6,19048.1,19048.9,403,15,366,18983,18983,2,1,0,15,0,22,18983,0,0,false
19,0.1pct,generated_fused,134082.1,134112.8,134151.4,403,15,28590,18983,18983,1,1,0,15902,0,15902,18983,0,0,false
19,0.1pct,generated_direct_selective,286.1,286.7,287.4,403,15,380,736,736,7,0,0,15,0,30,25312,0,0,false
19,0.1pct,parquet_row_selection,7168.4,7171.5,7181.4,403,15,0,2881,2881,4,0,0,15,0,15,22868,0,0,false
19,1pct,generated_selective,20452.3,20455.5,20459.3,7092,159,947,18983,18983,2,1,0,159,0,350,18983,0,0,false
19,1pct,generated_fused,134386.8,134505.5,134512.6,7092,159,28590,18983,18983,1,1,0,15902,0,15902,18983,0,0,false
19,1pct,generated_direct_selective,1970.9,1980.6,1983.1,7092,159,960,1728,1728,20,0,0,159,0,318,25312,0,0,false
19,1pct,parquet_row_selection,7587.6,7614.4,7617.6,7092,159,0,2881,2881,4,0,0,159,0,159,22868,0,0,false
19,10pct,generated_selective,27252.8,27264.1,27344.6,88270,1590,3586,18983,18983,2,1,0,1590,0,1834,18983,0,0,false
19,10pct,generated_fused,137497.9,137522.2,137582.3,88270,1590,28590,18983,18983,1,1,0,15902,0,15902,18983,0,0,false
19,10pct,generated_direct_selective,18557.1,18565.6,18575.6,88270,1590,3612,5504,5504,49,0,0,1590,0,3180,25312,0,0,false
19,10pct,parquet_row_selection,10924.9,10951.2,10954.4,88270,1590,0,5360,5360,6,0,0,1590,0,1590,22868,0,0,false
19,50pct,generated_selective,55901.3,55915.4,55947.4,675121,7951,14695,18983,18983,2,1,0,7951,0,8086,18983,0,0,false
19,50pct,generated_fused,150415.0,150463.6,150487.5,675121,7951,28590,18983,18983,1,1,0,15902,0,15902,18983,0,0,false
19,50pct,generated_direct_selective,92313.3,92317.6,92326.7,675121,7951,13732,15384,15384,81,0,0,7951,0,15902,25312,0,0,false
19,50pct,parquet_row_selection,28686.7,28787.2,28808.8,675121,7951,0,13627,13627,12,0,0,7951,0,7951,22868,0,0,false
20,0.1pct,generated_selective,15126.4,15140.9,15144.8,456,15,439,13831,13831,2,1,0,15,0,30,13831,0,0,false
20,0.1pct,generated_fused,199306.2,199547.6,199650.7,456,15,17943,13831,13831,1,1,0,15831,0,31662,13831,0,0,false
20,0.1pct,generated_direct_selective,265.7,269.7,270.5,456,15,375,704,704,7,0,0,15,0,30,17920,0,0,false
20,0.1pct,parquet_row_selection,6984.2,6998.0,7021.9,456,15,0,2646,2646,4,0,0,15,0,15,18333,0,0,false
20,1pct,generated_selective,16759.5,16765.4,16794.4,6990,158,998,13831,13831,2,1,0,158,0,316,13831,0,0,false
20,1pct,generated_fused,199277.2,199509.5,199871.0,6990,158,17943,13831,13831,1,1,0,15831,0,31662,13831,0,0,false
20,1pct,generated_direct_selective,1951.9,1955.3,1956.9,6990,158,934,1280,1280,14,0,0,158,0,316,17920,0,0,false
20,1pct,parquet_row_selection,7476.7,7482.8,7490.5,6990,158,0,2646,2646,4,0,0,158,0,158,18333,0,0,false
20,10pct,generated_selective,32673.9,32698.1,32716.1,85399,1583,2927,13831,13831,2,1,0,1583,0,3166,13831,0,0,false
20,10pct,generated_fused,199875.8,200289.7,200515.6,85399,1583,17943,13831,13831,1,1,0,15831,0,31662,13831,0,0,false
20,10pct,generated_direct_selective,18417.8,18444.2,18446.4,85399,1583,2863,3520,3520,25,0,0,1583,0,3166,17920,0,0,false
20,10pct,parquet_row_selection,10354.7,10376.9,10378.9,85399,1583,0,4706,4706,6,0,0,1583,0,1583,18333,0,0,false
20,50pct,generated_selective,103533.8,103546.5,103766.8,429689,7915,9803,13831,13831,2,1,0,7915,0,15830,13831,0,0,false
20,50pct,generated_fused,203257.4,203271.9,203298.7,429689,7915,17943,13831,13831,1,1,0,15831,0,31662,13831,0,0,false
20,50pct,generated_direct_selective,91814.0,91839.8,91941.9,429689,7915,9739,10112,10112,30,0,0,7915,0,15830,17920,0,0,false
20,50pct,parquet_row_selection,25450.6,25475.0,25533.3,429689,7915,0,11065,11065,12,0,0,7915,0,7915,18333,0,0,false
21,0.1pct,generated_selective,24064.8,24086.3,24097.9,75,15,343,7782,7782,2,1,0,15,0,16,7782,0,0,false
21,0.1pct,generated_fused,89164.3,89183.0,89287.4,75,15,16230,7782,7782,1,1,0,15902,0,15903,7782,0,0,false
21,0.1pct,generated_direct_selective,283.1,283.5,283.7,75,15,316,480,480,4,0,0,15,0,30,12640,0,0,false
21,0.1pct,parquet_row_selection,7076.3,7082.6,7093.7,75,15,0,2320,2320,4,0,0,15,0,15,12910,0,0,false
21,1pct,generated_selective,24645.0,24665.3,24710.6,1440,159,487,7782,7782,2,1,0,159,0,160,7782,0,0,false
21,1pct,generated_fused,89056.0,89146.5,89240.4,1440,159,16230,7782,7782,1,1,0,15902,0,15903,7782,0,0,false
21,1pct,generated_direct_selective,1974.7,1976.8,1977.0,1440,159,608,768,768,7,0,0,159,0,318,12640,0,0,false
21,1pct,parquet_row_selection,7441.5,7446.0,7482.8,1440,159,0,2320,2320,4,0,0,159,0,159,12910,0,0,false
21,10pct,generated_selective,29991.3,30043.9,30058.7,8907,1590,1918,7782,7782,2,1,0,1590,0,1591,7782,0,0,false
21,10pct,generated_fused,89645.0,89689.6,89694.7,8907,1590,16230,7782,7782,1,1,0,15902,0,15903,7782,0,0,false
21,10pct,generated_direct_selective,18546.8,18551.3,18564.3,8907,1590,1745,1920,1920,7,0,0,1590,0,3180,12640,0,0,false
21,10pct,parquet_row_selection,10476.6,10488.9,10494.3,8907,1590,0,3696,3696,6,0,0,1590,0,1590,12910,0,0,false
21,50pct,generated_selective,53588.3,53644.9,53745.8,29529,7951,8279,7782,7782,2,1,0,7951,0,7952,7782,0,0,false
21,50pct,generated_fused,92028.6,92077.8,92104.8,29529,7951,16230,7782,7782,1,1,0,15902,0,15903,7782,0,0,false
21,50pct,generated_direct_selective,92444.0,92459.3,92514.6,29529,7951,6564,6648,6648,8,0,0,7951,0,15902,12640,0,0,false
21,50pct,parquet_row_selection,24943.9,24984.4,24998.3,29529,7951,0,7921,7921,12,0,0,7951,0,7951,12910,0,0,false
22,0.1pct,generated_selective,13450.0,13459.4,13460.0,2,15,346,3877,3877,2,1,0,15,0,30,3877,0,0,false
22,0.1pct,generated_fused,197796.0,197920.1,197949.2,2,15,10405,3877,3877,1,1,0,15853,0,31706,3877,0,0,false
22,0.1pct,generated_direct_selective,280.9,281.1,283.4,2,15,282,400,400,3,0,0,15,0,30,10368,0,0,false
22,0.1pct,parquet_row_selection,7569.4,7584.3,7596.7,2,15,0,2021,2021,4,0,0,15,0,15,8732,0,0,false
22,1pct,generated_selective,15094.0,15120.2,15121.5,276,158,540,3877,3877,2,1,0,158,0,316,3877,0,0,false
22,1pct,generated_fused,197724.8,197730.9,198226.6,276,158,10405,3877,3877,1,1,0,15853,0,31706,3877,0,0,false
22,1pct,generated_direct_selective,1991.9,1994.2,1994.3,276,158,476,544,544,4,0,0,158,0,316,10368,0,0,false
22,1pct,parquet_row_selection,7783.6,7805.3,7807.4,276,158,0,2021,2021,4,0,0,158,0,158,8732,0,0,false
22,10pct,generated_selective,31091.7,31111.9,31121.1,913,1585,1432,3877,3877,2,1,0,1585,0,3170,3877,0,0,false
22,10pct,generated_fused,198820.9,198823.0,198909.8,913,1585,10405,3877,3877,1,1,0,15853,0,31706,3877,0,0,false
22,10pct,generated_direct_selective,18479.8,18489.2,18495.6,913,1585,1368,1504,1504,4,0,0,1585,0,3170,10368,0,0,false
22,10pct,parquet_row_selection,13310.8,13321.9,13324.5,913,1585,0,2714,2714,6,0,0,1585,0,1585,8732,0,0,false
22,50pct,generated_selective,102266.2,102370.0,102459.1,3070,7926,5411,3877,3877,2,1,0,7926,0,15852,3877,0,0,false
22,50pct,generated_fused,202041.1,202362.8,202449.6,3070,7926,10405,3877,3877,1,1,0,15853,0,31706,3877,0,0,false
22,50pct,generated_direct_selective,92071.1,92087.8,92188.0,3070,7926,5347,5472,5472,5,0,0,7926,0,15852,10368,0,0,false
22,50pct,parquet_row_selection,32374.3,32397.0,32462.0,3070,7926,0,5180,5180,12,0,0,7926,0,7926,8732,0,0,false
23,0.1pct,generated_selective,12273.4,12274.2,12287.2,383,15,423,11428,11428,2,1,0,15,0,30,11428,0,0,false
23,0.1pct,generated_fused,196557.1,196579.2,196643.2,383,15,17377,11428,11428,1,1,0,15833,0,31666,11428,0,0,false
23,0.1pct,generated_direct_selective,265.0,269.5,270.5,383,15,359,640,640,6,0,0,15,0,30,17408,0,0,false
23,0.1pct,parquet_row_selection,7159.0,7161.8,7163.8,383,15,0,2573,2573,4,0,0,15,0,15,17015,0,0,false
23,1pct,generated_selective,13914.0,13918.2,13921.2,4293,158,926,11428,11428,2,1,0,158,0,316,11428,0,0,false
23,1pct,generated_fused,196541.1,196669.3,196722.3,4293,158,17377,11428,11428,1,1,0,15833,0,31666,11428,0,0,false
23,1pct,generated_direct_selective,1946.4,1946.6,1947.3,4293,158,862,1280,1280,14,0,0,158,0,316,17408,0,0,false
23,1pct,parquet_row_selection,7562.5,7578.9,7579.5,4293,158,0,2573,2573,4,0,0,158,0,158,17015,0,0,false
23,10pct,generated_selective,29887.3,29900.1,29906.2,36090,1583,2663,11428,11428,2,1,0,1583,0,3166,11428,0,0,false
23,10pct,generated_fused,197361.9,197584.6,197940.7,36090,1583,17377,11428,11428,1,1,0,15833,0,31666,11428,0,0,false
23,10pct,generated_direct_selective,18413.4,18419.0,18421.2,36090,1583,2599,3200,3200,20,0,0,1583,0,3166,17408,0,0,false
23,10pct,parquet_row_selection,10577.1,10579.5,10595.2,36090,1583,0,4440,4440,6,0,0,1583,0,1583,17015,0,0,false
23,50pct,generated_selective,100657.5,100696.4,100783.9,147537,7916,9180,11428,11428,2,1,0,7916,0,15832,11428,0,0,false
23,50pct,generated_fused,200248.6,200296.7,200327.7,147537,7916,17377,11428,11428,1,1,0,15833,0,31666,11428,0,0,false
23,50pct,generated_direct_selective,91725.8,91773.0,91824.0,147537,7916,9116,9544,9544,22,0,0,7916,0,15832,17408,0,0,false
23,50pct,parquet_row_selection,25431.3,25435.9,25461.1,147537,7916,0,10093,10093,12,0,0,7916,0,7916,17015,0,0,false
24,0.1pct,generated_selective,11988.5,11993.0,12001.7,302,15,423,11917,11917,2,1,0,15,0,30,11917,0,0,false
24,0.1pct,generated_fused,195863.1,195877.1,195937.2,302,15,17530,11917,11917,1,1,0,15842,0,31684,11917,0,0,false
24,0.1pct,generated_direct_selective,273.3,273.3,277.9,302,15,359,704,704,7,0,0,15,0,30,17536,0,0,false
24,0.1pct,parquet_row_selection,7072.8,7091.7,7113.0,302,15,0,2614,2614,4,0,0,15,0,15,16881,0,0,false
24,1pct,generated_selective,13641.1,13648.0,13651.3,3612,158,862,11917,11917,2,1,0,158,0,316,11917,0,0,false
24,1pct,generated_fused,196147.5,196199.5,196230.6,3612,158,17530,11917,11917,1,1,0,15842,0,31684,11917,0,0,false
24,1pct,generated_direct_selective,1972.5,1972.9,1979.1,3612,158,798,1216,1216,13,0,0,158,0,316,17536,0,0,false
24,1pct,parquet_row_selection,7419.6,7425.2,7448.7,3612,158,0,2614,2614,4,0,0,158,0,158,16881,0,0,false
24,10pct,generated_selective,29592.0,29592.8,29601.7,35763,1584,2648,11917,11917,2,1,0,1584,0,3168,11917,0,0,false
24,10pct,generated_fused,196800.4,196922.6,197035.8,35763,1584,17530,11917,11917,1,1,0,15842,0,31684,11917,0,0,false
24,10pct,generated_direct_selective,18470.9,18490.4,18520.4,35763,1584,2584,3264,3264,21,0,0,1584,0,3168,17536,0,0,false
24,10pct,parquet_row_selection,10320.6,10321.7,10343.9,35763,1584,0,4561,4561,6,0,0,1584,0,1584,16881,0,0,false
24,50pct,generated_selective,100363.1,100374.2,100389.2,170006,7921,9449,11917,11917,2,1,0,7921,0,15842,11917,0,0,false
24,50pct,generated_fused,199812.0,199951.1,200273.7,170006,7921,17530,11917,11917,1,1,0,15842,0,31684,11917,0,0,false
24,50pct,generated_direct_selective,91871.7,91881.3,91913.2,170006,7921,9385,9688,9688,24,0,0,7921,0,15842,17536,0,0,false
24,50pct,parquet_row_selection,24891.4,24896.7,24930.6,170006,7921,0,10207,10207,12,0,0,7921,0,7921,16881,0,0,false
25,0.1pct,generated_selective,22711.0,22736.3,22768.7,56,15,343,8323,8323,2,1,0,15,0,16,8323,0,0,false
25,0.1pct,generated_fused,87763.8,87989.6,87990.1,56,15,16221,8323,8323,1,1,0,15893,0,15894,8323,0,0,false
25,0.1pct,generated_direct_selective,292.8,293.9,298.1,56,15,326,496,496,4,0,0,15,0,30,14832,0,0,false
25,0.1pct,parquet_row_selection,7188.1,7193.9,7208.3,56,15,0,2384,2384,4,0,0,15,0,15,14340,0,0,false
25,1pct,generated_selective,23320.7,23336.5,23337.1,648,158,486,8323,8323,2,1,0,158,0,159,8323,0,0,false
25,1pct,generated_fused,87806.8,87887.0,88012.1,648,158,16221,8323,8323,1,1,0,15893,0,15894,8323,0,0,false
25,1pct,generated_direct_selective,2056.1,2058.9,2063.5,648,158,531,672,672,5,0,0,158,0,316,14832,0,0,false
25,1pct,parquet_row_selection,7380.1,7382.7,7389.0,648,158,0,2384,2384,4,0,0,158,0,158,14340,0,0,false
25,10pct,generated_selective,28537.2,28543.1,28546.8,6924,1589,1917,8323,8323,2,1,0,1589,0,1590,8323,0,0,false
25,10pct,generated_fused,88433.7,88472.4,88501.0,6924,1589,16221,8323,8323,1,1,0,15893,0,15894,8323,0,0,false
25,10pct,generated_direct_selective,18600.8,18602.2,18606.7,6924,1589,1863,2208,2208,8,0,0,1589,0,3178,14832,0,0,false
25,10pct,parquet_row_selection,10486.0,10518.3,10520.9,6924,1589,0,3720,3720,6,0,0,1589,0,1589,14340,0,0,false
25,50pct,generated_selective,52140.9,52183.3,52195.5,33808,7946,8274,8323,8323,2,1,0,7946,0,7947,8323,0,0,false
25,50pct,generated_fused,90804.5,90911.9,90942.5,33808,7946,16221,8323,8323,1,1,0,15893,0,15894,8323,0,0,false
25,50pct,generated_direct_selective,92317.7,92330.5,92359.1,33808,7946,7594,7824,7824,10,0,0,7946,0,15892,14832,0,0,false
25,50pct,parquet_row_selection,25371.7,25372.8,25383.5,33808,7946,0,8392,8392,12,0,0,7946,0,7946,14340,0,0,false
26,0.1pct,generated_selective,11963.2,11970.9,11985.0,510,15,455,10433,10433,2,1,0,15,0,30,10433,0,0,false
26,0.1pct,generated_fused,196123.3,196627.6,196644.2,510,15,17467,10433,10433,1,1,0,15851,0,31702,10433,0,0,false
26,0.1pct,generated_direct_selective,271.2,271.2,276.5,510,15,391,960,960,11,0,0,15,0,30,17472,0,0,false
26,0.1pct,parquet_row_selection,7190.7,7210.6,7227.3,510,15,0,2702,2702,4,0,0,15,0,15,17553,0,0,false
26,1pct,generated_selective,13633.8,13637.7,13643.4,2741,158,830,10433,10433,2,1,0,158,0,316,10433,0,0,false
26,1pct,generated_fused,196717.4,196744.3,197029.8,2741,158,17467,10433,10433,1,1,0,15851,0,31702,10433,0,0,false
26,1pct,generated_direct_selective,1953.5,1956.7,1959.1,2741,158,766,1280,1280,14,0,0,158,0,316,17472,0,0,false
26,1pct,parquet_row_selection,7351.8,7369.3,7372.8,2741,158,0,2702,2702,4,0,0,158,0,158,17553,0,0,false
26,10pct,generated_selective,29501.2,29512.8,29527.3,25471,1585,2625,10433,10433,2,1,0,1585,0,3170,10433,0,0,false
26,10pct,generated_fused,196875.6,197248.1,197260.2,25471,1585,17467,10433,10433,1,1,0,15851,0,31702,10433,0,0,false
26,10pct,generated_direct_selective,18483.4,18492.1,18508.4,25471,1585,2561,3200,3200,20,0,0,1585,0,3170,17472,0,0,false
26,10pct,parquet_row_selection,10637.3,10657.5,10669.6,25471,1585,0,4755,4755,6,0,0,1585,0,1585,17553,0,0,false
26,50pct,generated_selective,100312.1,100369.6,100400.7,97685,7925,9421,10433,10433,2,1,0,7925,0,15850,10433,0,0,false
26,50pct,generated_fused,200424.8,200441.9,200445.8,97685,7925,17467,10433,10433,1,1,0,15851,0,31702,10433,0,0,false
26,50pct,generated_direct_selective,91992.4,92040.1,92114.0,97685,7925,9357,9616,9616,23,0,0,7925,0,15850,17472,0,0,false
26,50pct,parquet_row_selection,30868.7,30893.4,30900.5,97685,7925,0,10714,10714,12,0,0,7925,0,7925,17553,0,0,false
27,0.1pct,generated_selective,13931.5,13933.7,13936.2,4,15,346,5459,5459,2,1,0,15,0,30,5459,0,0,false
27,0.1pct,generated_fused,198449.9,198517.0,198983.7,4,15,10400,5459,5459,1,1,0,15858,0,31716,5459,0,0,false
27,0.1pct,generated_direct_selective,281.8,282.1,289.3,4,15,282,400,400,3,0,0,15,0,30,10368,0,0,false
27,0.1pct,parquet_row_selection,7052.9,7054.1,7061.1,4,15,0,2189,2189,4,0,0,15,0,15,10719,0,0,false
27,1pct,generated_selective,15561.1,15583.3,15586.7,104,158,475,5459,5459,2,1,0,158,0,316,5459,0,0,false
27,1pct,generated_fused,198417.8,198429.9,198558.0,104,158,10400,5459,5459,1,1,0,15858,0,31716,5459,0,0,false
27,1pct,generated_direct_selective,1989.2,1989.4,1991.5,104,158,411,480,480,3,0,0,158,0,316,10368,0,0,false
27,1pct,parquet_row_selection,7312.2,7317.7,7322.2,104,158,0,2189,2189,4,0,0,158,0,158,10719,0,0,false
27,10pct,generated_selective,31450.9,31454.5,31476.1,1273,1585,1391,5459,5459,2,1,0,1585,0,3170,5459,0,0,false
27,10pct,generated_fused,198984.3,199130.1,199363.9,1273,1585,10400,5459,5459,1,1,0,15858,0,31716,5459,0,0,false
27,10pct,generated_direct_selective,18446.7,18465.4,18474.7,1273,1585,1327,1504,1504,4,0,0,1585,0,3170,10368,0,0,false
27,10pct,parquet_row_selection,12482.0,12482.4,12497.8,1273,1585,0,3166,3166,6,0,0,1585,0,1585,10719,0,0,false
27,50pct,generated_selective,102460.7,102465.9,102503.9,7016,7929,5421,5459,5459,2,1,0,7929,0,15858,5459,0,0,false
27,50pct,generated_fused,202391.8,202583.1,202681.0,7016,7929,10400,5459,5459,1,1,0,15858,0,31716,5459,0,0,false
27,50pct,generated_direct_selective,91854.6,91860.8,91909.4,7016,7929,5357,5464,5464,5,0,0,7929,0,15858,10368,0,0,false
27,50pct,parquet_row_selection,31213.3,31242.9,31250.5,7016,7929,0,6396,6396,12,0,0,7929,0,7929,10719,0,0,false
28,0.1pct,generated_selective,23660.7,23681.1,23681.9,8,15,343,7563,7563,2,1,0,15,0,16,7563,0,0,false
28,0.1pct,generated_fused,88599.4,88603.5,88662.2,8,15,16194,7563,7563,1,1,0,15866,0,15867,7563,0,0,false
28,0.1pct,generated_direct_selective,152.3,152.8,153.5,8,15,279,520,520,3,0,0,15,0,16,16192,0,0,false
28,0.1pct,parquet_row_selection,9214.9,9229.5,9236.9,8,15,0,2455,2455,4,0,0,15,0,15,15052,0,0,false
28,1pct,generated_selective,24220.4,24226.4,24250.4,1197,158,486,7563,7563,2,1,0,158,0,159,7563,0,0,false
28,1pct,generated_fused,88756.0,88864.8,88897.5,1197,158,16194,7563,7563,1,1,0,15866,0,15867,7563,0,0,false
28,1pct,generated_direct_selective,703.6,703.7,703.8,1197,158,422,520,520,3,0,0,158,0,159,16192,0,0,false
28,1pct,parquet_row_selection,9541.1,9545.9,9564.5,1197,158,0,2455,2455,4,0,0,158,0,158,15052,0,0,false
28,10pct,generated_selective,29658.4,29674.7,29699.2,6951,1586,1914,7563,7563,2,1,0,1586,0,1587,7563,0,0,false
28,10pct,generated_fused,89391.9,89473.9,89592.3,6951,1586,16194,7563,7563,1,1,0,15866,0,15867,7563,0,0,false
28,10pct,generated_direct_selective,5988.0,5996.2,6003.9,6951,1586,1850,2056,2056,3,0,0,1586,0,1587,16192,0,0,false
28,10pct,parquet_row_selection,12654.6,12661.0,12684.2,6951,1586,0,3853,3853,6,0,0,1586,0,1586,15052,0,0,false
28,50pct,generated_selective,53176.8,53186.1,53242.4,35499,7933,8261,7563,7563,2,1,0,7933,0,7934,7563,0,0,false
28,50pct,generated_fused,91794.0,91816.9,91843.1,35499,7933,16194,7563,7563,1,1,0,15866,0,15867,7563,0,0,false
28,50pct,generated_direct_selective,29596.8,29599.2,29632.7,35499,7933,8197,8328,8328,3,0,0,7933,0,7934,16192,0,0,false
28,50pct,parquet_row_selection,30885.3,30894.4,30909.1,35499,7933,0,8947,8947,12,0,0,7933,0,7933,15052,0,0,false
29,0.1pct+1pct+10pct,generated_selective,89576.9,89720.9,89978.0,26010156760,3720,11424,46728,46728,123,0,0,3720,0,5612,49472,0,0,false
29,0.1pct+1pct+10pct,generated_fused,71812.6,71885.7,72011.8,26010156760,3720,49416,49472,49472,1,0,0,16384,0,16385,49472,0,0,false
29,0.1pct+1pct+10pct,generated_direct_selective,89127.0,89287.7,89290.9,26010156760,3720,11424,46728,46728,123,0,0,3720,0,5612,49472,0,0,false
29,0.1pct+1pct+10pct,parquet_row_selection,70732.6,71366.8,71853.2,26010156760,3720,0,51715,51715,19,0,0,3720,0,3720,58815,0,0,false
29,50pct,generated_selective,118511.3,118533.4,118552.7,70675249901,10088,30528,49416,49416,130,0,0,10088,0,11837,49472,0,0,false
29,50pct,generated_fused,73638.2,73643.7,73675.6,70675249901,10088,49416,49472,49472,1,0,0,16384,0,16385,49472,0,0,false
29,50pct,generated_direct_selective,118366.5,118369.0,118375.2,70675249901,10088,30528,49416,49416,130,0,0,10088,0,11837,49472,0,0,false
29,50pct,parquet_row_selection,79612.9,79668.3,79852.8,70675249901,10088,0,51715,51715,19,0,0,10088,0,10088,58815,0,0,false
30,0.1pct+1pct+10pct,generated_selective,106474.3,106598.9,106896.1,9353,9353,1500,363,363,2,1,0,9353,0,18706,363,0,0,false
30,0.1pct+1pct+10pct,generated_fused,197896.1,197900.6,198097.6,9353,9353,2384,363,363,1,1,0,16384,0,32768,363,0,0,false
30,0.1pct+1pct+10pct,generated_direct_selective,536.3,538.2,539.5,9353,9353,497,524,524,5,0,0,9353,0,51,528,0,0,false
30,0.1pct+1pct+10pct,parquet_row_selection,25514.2,25520.3,25595.3,9353,9353,0,2107,2107,15,0,0,9353,0,9353,3070,0,0,false
30,50pct,generated_selective,154924.3,155107.1,155131.2,13723,13723,2046,363,363,2,1,0,13723,0,27446,363,0,0,false
30,50pct,generated_fused,198639.4,198869.8,198951.0,13723,13723,2384,363,363,1,1,0,16384,0,32768,363,0,0,false
30,50pct,generated_direct_selective,432.5,434.1,435.2,13723,13723,497,524,524,5,0,0,13723,0,40,528,0,0,false
30,50pct,parquet_row_selection,33533.4,33617.1,33645.9,13723,13723,0,2289,2289,19,0,0,13723,0,13723,3070,0,0,false
31,0.1pct+1pct+10pct,generated_selective,76069.6,76082.3,76195.5,6522920954,9353,28387,5707,5707,2,1,0,9353,0,9358,5707,0,0,false
31,0.1pct+1pct+10pct,generated_fused,112479.5,112519.5,112656.8,6522920954,9353,49480,5707,5707,1,1,0,16384,0,16385,5707,0,0,false
31,0.1pct+1pct+10pct,generated_direct_selective,31302.4,31318.1,31357.2,6522920954,9353,7941,9704,9704,56,0,0,9353,0,3171,13248,0,0,false
31,0.1pct+1pct+10pct,parquet_row_selection,57026.2,57101.0,57126.6,6522920954,9353,0,9296,9296,15,0,0,9353,0,9353,12498,0,0,false
31,50pct,generated_selective,92072.0,92129.3,92154.5,12262447509,13723,41497,5707,5707,2,1,0,13723,0,13727,5707,0,0,false
31,50pct,generated_fused,113379.6,113617.6,113665.9,12262447509,13723,49480,5707,5707,1,1,0,16384,0,16385,5707,0,0,false
31,50pct,generated_direct_selective,41810.4,41836.2,41852.4,12262447509,13723,10381,11752,11752,68,0,0,13723,0,4229,13248,0,0,false
31,50pct,parquet_row_selection,75486.8,75507.2,75511.8,12262447509,13723,0,11717,11717,19,0,0,13723,0,13723,12498,0,0,false
32,0.1pct+1pct,generated_selective,1253706.0,1253896.0,1258273.0,19334,2904,16592,6353,6353,2,1,0,2904,0,264152,6353,0,0,false
32,0.1pct+1pct,generated_fused,148419.0,148754.1,148813.5,19334,2904,17152,6353,6353,1,1,0,16384,0,16384,6353,0,0,false
32,0.1pct+1pct,generated_direct_selective,88496.0,88528.0,88578.0,19334,2904,3894,10608,10608,131,0,0,2904,0,5808,10752,0,0,false
32,0.1pct+1pct,parquet_row_selection,77519.1,77884.6,78092.6,19334,2904,0,10406,10406,19,0,0,2904,0,2904,19676,0,0,false
32,10pct,generated_selective,1731821.0,1733283.0,1738301.0,35329,5412,16807,6353,6353,2,1,0,5412,0,367559,6353,0,0,false
32,10pct,generated_fused,153513.0,153558.1,153638.2,35329,5412,17152,6353,6353,1,1,0,16384,0,16384,6353,0,0,false
32,10pct,generated_direct_selective,146196.2,146338.2,146462.4,35329,5412,6036,10608,10608,131,0,0,5412,0,10824,10752,0,0,false
32,10pct,parquet_row_selection,91105.9,91811.9,92613.1,35329,5412,0,10406,10406,19,0,0,5412,0,5412,19676,0,0,false
32,50pct,generated_selective,1226074.0,1226936.0,1228568.0,63797,9943,16927,6353,6353,2,1,0,9943,0,258378,6353,0,0,false
32,50pct,generated_fused,159597.1,159614.6,159708.2,63797,9943,17152,6353,6353,1,1,0,16384,0,16384,6353,0,0,false
32,50pct,generated_direct_selective,185582.6,185960.3,186027.4,63797,9943,8063,10608,10608,121,0,0,9943,0,19886,10752,0,0,false
32,50pct,parquet_row_selection,91170.8,91205.1,91802.1,63797,9943,0,10406,10406,19,0,0,9943,0,9943,19676,0,0,false
33,0.1pct+1pct,generated_selective,75967.9,76022.6,76029.5,12039,2904,2901,491,491,2,1,0,2904,0,4946,491,0,0,false
33,0.1pct+1pct,generated_fused,73732.9,73744.0,73767.4,12039,2904,6472,491,491,1,1,0,16384,0,16385,491,0,0,false
33,0.1pct+1pct,generated_direct_selective,417953.0,418538.8,418779.0,12039,2904,578,620,620,5,0,0,2904,0,48739,624,0,0,false
33,0.1pct+1pct,parquet_row_selection,65725.5,66671.3,66897.0,12039,2904,0,2506,2506,19,0,0,2904,0,2904,11776,0,0,false
33,10pct,generated_selective,114369.2,114400.6,114503.2,22775,5412,4188,491,491,2,1,0,5412,0,8285,491,0,0,false
33,10pct,generated_fused,75118.9,75153.6,75262.2,22775,5412,6472,491,491,1,1,0,16384,0,16385,491,0,0,false
33,10pct,generated_direct_selective,591224.7,592082.7,593214.3,22775,5412,578,620,620,5,0,0,5412,0,69003,624,0,0,false
33,10pct,parquet_row_selection,76407.4,80565.2,83153.3,22775,5412,0,2506,2506,19,0,0,5412,0,5412,11776,0,0,false
33,50pct,generated_selective,114497.2,114507.2,114623.2,41961,9943,5186,491,491,2,1,0,9943,0,11919,491,0,0,false
33,50pct,generated_fused,75118.0,75185.3,75187.7,41961,9943,6472,491,491,1,1,0,16384,0,16385,491,0,0,false
33,50pct,generated_direct_selective,416175.2,418245.8,418381.0,41961,9943,578,620,620,5,0,0,9943,0,48727,624,0,0,false
33,50pct,parquet_row_selection,78327.6,78694.4,79020.1,41961,9943,0,2506,2506,19,0,0,9943,0,9943,11776,0,0,false
34,0.1pct,generated_selective,4625.4,4625.7,4628.1,33,17,345,1710,1710,2,1,0,17,0,34,1710,0,0,false
34,0.1pct,generated_fused,72242.5,72256.3,72269.6,33,17,2376,1710,1710,1,1,0,16384,0,16385,1710,0,0,false
34,0.1pct,generated_direct_selective,659.1,661.7,662.4,33,17,289,496,496,16,0,0,17,0,34,2368,0,0,false
34,0.1pct,parquet_row_selection,21358.8,21370.3,21387.7,33,17,0,2627,2627,8,0,0,17,0,17,72003,0,0,false
34,1pct,generated_selective,9455.0,9456.2,9472.2,292,164,479,1710,1710,2,1,0,164,0,322,1710,0,0,false
34,1pct,generated_fused,72468.4,72484.0,72572.3,292,164,2376,1710,1710,1,1,0,16384,0,16385,1710,0,0,false
34,1pct,generated_direct_selective,6011.4,6024.5,6024.6,292,164,423,960,960,45,0,0,164,0,328,2368,0,0,false
34,1pct,parquet_row_selection,44784.6,44984.5,45008.3,292,164,0,2815,2815,9,0,0,164,0,164,72003,0,0,false
34,10pct,generated_selective,49278.7,49310.8,49341.6,2945,1639,1022,1710,1710,2,1,0,1639,0,2914,1710,0,0,false
34,10pct,generated_fused,73884.6,73980.7,74028.6,2945,1639,2376,1710,1710,1,1,0,16384,0,16385,1710,0,0,false
34,10pct,generated_direct_selective,52593.0,52596.3,52662.6,2945,1639,966,1008,1008,48,0,0,1639,0,3278,2368,0,0,false
34,10pct,parquet_row_selection,51683.0,51879.6,52630.7,2945,1639,0,3017,3017,10,0,0,1639,0,1639,72003,0,0,false
34,50pct,generated_selective,98468.9,98532.9,98552.9,14777,8195,2247,1710,1710,2,1,0,8195,0,10232,1710,0,0,false
34,50pct,generated_fused,77630.9,77690.2,77771.6,14777,8195,2376,1710,1710,1,1,0,16384,0,16385,1710,0,0,false
34,50pct,generated_direct_selective,151777.9,152116.0,152312.0,14777,8195,2191,2320,2320,90,0,0,8195,0,16390,2368,0,0,false
34,50pct,parquet_row_selection,94087.2,94315.6,94728.2,14777,8195,0,4776,4776,19,0,0,8195,0,8195,72003,0,0,false
35,0.1pct,generated_selective,8515.6,8521.1,8526.3,20,17,350,4569,4569,2,1,0,17,0,34,4569,0,0,false
35,0.1pct,generated_fused,76089.5,76134.3,76258.5,20,17,6472,4569,4569,1,1,0,16384,0,16385,4569,0,0,false
35,0.1pct,generated_direct_selective,649.8,652.8,653.7,20,17,294,984,984,16,0,0,17,0,34,6464,0,0,false
35,0.1pct,parquet_row_selection,20832.8,20844.8,20849.2,20,17,0,3997,3997,8,0,0,17,0,17,76257,0,0,false
35,1pct,generated_selective,13388.6,13404.8,13406.1,243,164,529,4569,4569,2,1,0,164,0,322,4569,0,0,false
35,1pct,generated_fused,76143.2,76330.8,76335.4,243,164,6472,4569,4569,1,1,0,16384,0,16385,4569,0,0,false
35,1pct,generated_direct_selective,5995.4,5996.7,5999.1,243,164,513,2376,2376,45,0,0,164,0,328,6464,0,0,false
35,1pct,parquet_row_selection,43629.4,43666.2,43675.8,243,164,0,4442,4442,9,0,0,164,0,164,76257,0,0,false
35,10pct,generated_selective,52985.5,53031.5,53117.3,2533,1639,1879,4569,4569,2,1,0,1639,0,2914,4569,0,0,false
35,10pct,generated_fused,77670.6,77697.4,77734.7,2533,1639,6472,4569,4569,1,1,0,16384,0,16385,4569,0,0,false
35,10pct,generated_direct_selective,51162.3,51166.0,51222.2,2533,1639,1863,2520,2520,48,0,0,1639,0,3278,6464,0,0,false
35,10pct,parquet_row_selection,50046.6,50175.1,50380.5,2533,1639,0,4895,4895,10,0,0,1639,0,1639,76257,0,0,false
35,50pct,generated_selective,101499.8,101576.2,101580.9,12901,8195,4921,4569,4569,2,1,0,8195,0,10232,4569,0,0,false
35,50pct,generated_fused,81370.1,81408.9,81440.6,12901,8195,6472,4569,4569,1,1,0,16384,0,16385,4569,0,0,false
35,50pct,generated_direct_selective,147456.8,147574.7,147804.2,12901,8195,4905,6456,6456,90,0,0,8195,0,16390,6464,0,0,false
35,50pct,parquet_row_selection,92399.7,92567.6,93563.8,12901,8195,0,9030,9030,19,0,0,8195,0,8195,76257,0,0,false
36,0.1pct,generated_selective,10382.7,10387.4,10401.6,65,19,336,3262,3262,2,1,0,19,0,20,3262,0,0,false
36,0.1pct,generated_fused,77517.2,77652.6,78059.6,65,19,6472,3262,3262,1,1,0,16384,0,16385,3262,0,0,false
36,0.1pct,generated_direct_selective,338.7,339.0,341.1,65,19,320,408,408,3,0,0,19,0,38,6464,0,0,false
36,0.1pct,parquet_row_selection,11590.0,11600.2,11600.4,65,19,0,2244,2244,5,0,0,19,0,19,11714,0,0,false
36,1pct,generated_selective,10998.6,11000.6,11008.9,501,167,392,3262,3262,2,1,0,167,0,168,3262,0,0,false
36,1pct,generated_fused,77602.9,77618.5,77636.2,501,167,6472,3262,3262,1,1,0,16384,0,16385,3262,0,0,false
36,1pct,generated_direct_selective,2130.6,2141.5,2143.0,501,167,376,408,408,3,0,0,167,0,334,6464,0,0,false
36,1pct,parquet_row_selection,11835.8,11840.8,11844.6,501,167,0,2244,2244,5,0,0,167,0,167,11714,0,0,false
36,10pct,generated_selective,16492.8,16504.1,16513.0,4840,1645,945,3262,3262,2,1,0,1645,0,1646,3262,0,0,false
36,10pct,generated_fused,78004.7,78040.0,78154.9,4840,1645,6472,3262,3262,1,1,0,16384,0,16385,3262,0,0,false
36,10pct,generated_direct_selective,19195.5,19200.8,19203.9,4840,1645,929,984,984,3,0,0,1645,0,3290,6464,0,0,false
36,10pct,parquet_row_selection,13790.5,13790.9,13811.9,4840,1645,0,2244,2244,5,0,0,1645,0,1645,11714,0,0,false
36,50pct,generated_selective,40929.1,40954.4,40981.7,24472,8193,3401,3262,3262,2,1,0,8193,0,8194,3262,0,0,false
36,50pct,generated_fused,80521.7,80586.8,80759.5,24472,8193,6472,3262,3262,1,1,0,16384,0,16385,3262,0,0,false
36,50pct,generated_direct_selective,95345.8,95381.1,95405.9,24472,8193,3385,3432,3432,3,0,0,8193,0,16386,6464,0,0,false
36,50pct,parquet_row_selection,41437.7,41437.7,41522.6,24472,8193,0,4447,4447,12,0,0,8193,0,8193,11714,0,0,false
37,0.1pct,generated_selective,197.3,197.4,197.4,517,19,279,456,456,3,0,0,19,0,20,12608,0,0,false
37,0.1pct,generated_fused,67245.4,67245.8,67357.4,517,19,12552,12608,12608,1,0,0,16384,0,16385,12608,0,0,false
37,0.1pct,generated_direct_selective,194.4,194.4,194.4,517,19,279,456,456,3,0,0,19,0,20,12608,0,0,false
37,0.1pct,parquet_row_selection,7716.9,7725.2,7776.5,517,19,0,3529,3529,5,0,0,19,0,19,21943,0,0,false
37,1pct,generated_selective,765.5,766.6,768.2,4327,167,390,456,456,3,0,0,167,0,168,12608,0,0,false
37,1pct,generated_fused,67282.8,67355.6,67379.4,4327,167,12552,12608,12608,1,0,0,16384,0,16385,12608,0,0,false
37,1pct,generated_direct_selective,776.1,776.9,778.7,4327,167,390,456,456,3,0,0,167,0,168,12608,0,0,false
37,1pct,parquet_row_selection,7995.5,7995.5,7999.2,4327,167,0,3529,3529,5,0,0,167,0,167,21943,0,0,false
37,10pct,generated_selective,6321.4,6333.9,6334.8,42792,1645,1498,1608,1608,3,0,0,1645,0,1646,12608,0,0,false
37,10pct,generated_fused,67840.1,67861.2,67892.3,42792,1645,12552,12608,12608,1,0,0,16384,0,16385,12608,0,0,false
37,10pct,generated_direct_selective,6274.4,6277.6,6287.5,42792,1645,1498,1608,1608,3,0,0,1645,0,1646,12608,0,0,false
37,10pct,parquet_row_selection,10094.3,10117.1,10131.3,42792,1645,0,3529,3529,5,0,0,1645,0,1645,21943,0,0,false
37,50pct,generated_selective,30421.1,30423.4,30448.8,211770,8193,6409,6504,6504,3,0,0,8193,0,8194,12608,0,0,false
37,50pct,generated_fused,70325.6,70334.9,70355.6,211770,8193,12552,12608,12608,1,0,0,16384,0,16385,12608,0,0,false
37,50pct,generated_direct_selective,30445.4,30483.5,30505.8,211770,8193,6409,6504,6504,3,0,0,8193,0,8194,12608,0,0,false
37,50pct,parquet_row_selection,24087.1,24103.0,24128.9,211770,8193,0,10193,10193,12,0,0,8193,0,8193,21943,0,0,false
38,0.1pct,generated_selective,10759.4,10762.6,10767.2,51,16,348,3262,3262,2,1,0,16,0,32,3262,0,0,false
38,0.1pct,generated_fused,78857.6,78911.7,78922.9,51,16,6472,3262,3262,1,1,0,16384,0,16385,3262,0,0,false
38,0.1pct,generated_direct_selective,606.0,610.3,610.7,51,16,324,1032,1032,17,0,0,16,0,32,6464,0,0,false
38,0.1pct,parquet_row_selection,40449.7,40468.5,40481.4,51,16,0,5086,5086,14,0,0,16,0,16,61897,0,0,false
38,1pct,generated_selective,15205.4,15221.3,15235.6,482,169,516,3262,3262,2,1,0,169,0,311,3262,0,0,false
38,1pct,generated_fused,79840.2,79895.9,79981.2,482,169,6472,3262,3262,1,1,0,16384,0,16385,3262,0,0,false
38,1pct,generated_direct_selective,5578.4,5582.2,5582.5,482,169,500,4104,4104,81,0,0,169,0,338,6464,0,0,false
38,1pct,parquet_row_selection,81681.4,81796.1,82038.6,482,169,0,6653,6653,19,0,0,169,0,169,61897,0,0,false
38,10pct,generated_selective,36632.4,36638.3,36640.0,4841,1641,1408,3262,3262,2,1,0,1641,0,2227,3262,0,0,false
38,10pct,generated_fused,80168.0,80218.8,80245.6,4841,1641,6472,3262,3262,1,1,0,16384,0,16385,3262,0,0,false
38,10pct,generated_direct_selective,36238.9,36253.5,36254.1,4841,1641,1392,6456,6456,130,0,0,1641,0,3282,6464,0,0,false
38,10pct,parquet_row_selection,80222.1,80225.9,80398.6,4841,1641,0,6653,6653,19,0,0,1641,0,1641,61897,0,0,false
38,50pct,generated_selective,95985.1,96096.8,96496.4,24571,8193,4351,3262,3262,2,1,0,8193,0,9405,3262,0,0,false
38,50pct,generated_fused,82743.4,82774.7,82853.5,24571,8193,6472,3262,3262,1,1,0,16384,0,16385,3262,0,0,false
38,50pct,generated_direct_selective,145139.5,145622.5,146107.1,24571,8193,4335,6456,6456,130,0,0,8193,0,16386,6464,0,0,false
38,50pct,parquet_row_selection,100643.6,101201.9,101494.9,24571,8193,0,6653,6653,19,0,0,8193,0,8193,61897,0,0,false
39,0.1pct,generated_selective,590.0,594.6,594.7,484,16,290,1704,1704,17,0,0,16,0,32,12608,0,0,false
39,0.1pct,generated_fused,68583.7,68618.2,68675.2,484,16,12552,12608,12608,1,0,0,16384,0,16385,12608,0,0,false
39,0.1pct,generated_direct_selective,604.8,609.4,609.4,484,16,290,1704,1704,17,0,0,16,0,32,12608,0,0,false
39,0.1pct,parquet_row_selection,17861.9,17902.5,17946.8,484,16,0,12116,12116,14,0,0,16,0,16,72120,0,0,false
39,1pct,generated_selective,5227.7,5229.1,5229.9,4147,169,508,7848,7848,81,0,0,169,0,311,12608,0,0,false
39,1pct,generated_fused,69556.2,69612.4,69643.1,4147,169,12552,12608,12608,1,0,0,16384,0,16385,12608,0,0,false
39,1pct,generated_direct_selective,5341.5,5342.1,5348.7,4147,169,508,7848,7848,81,0,0,169,0,311,12608,0,0,false
39,1pct,parquet_row_selection,49445.9,49483.2,49561.2,4147,169,0,16876,16876,19,0,0,169,0,169,72120,0,0,false
39,10pct,generated_selective,27741.6,27804.3,27862.7,41746,1641,1928,12552,12552,130,0,0,1641,0,2227,12608,0,0,false
39,10pct,generated_fused,70017.6,70031.2,70053.4,41746,1641,12552,12608,12608,1,0,0,16384,0,16385,12608,0,0,false
39,10pct,generated_direct_selective,28367.7,28369.5,28388.3,41746,1641,1928,12552,12552,130,0,0,1641,0,2227,12608,0,0,false
39,10pct,parquet_row_selection,47173.4,47179.4,47585.0,41746,1641,0,16876,16876,19,0,0,1641,0,1641,72120,0,0,false
39,50pct,generated_selective,89891.8,89896.3,89908.6,209960,8193,7312,12552,12552,130,0,0,8193,0,9405,12608,0,0,false
39,50pct,generated_fused,72512.6,72538.1,72598.6,209960,8193,12552,12608,12608,1,0,0,16384,0,16385,12608,0,0,false
39,50pct,generated_direct_selective,90822.1,90834.5,90894.6,209960,8193,7312,12552,12552,130,0,0,8193,0,9405,12608,0,0,false
39,50pct,parquet_row_selection,69509.2,69562.7,69698.1,209960,8193,0,16876,16876,19,0,0,8193,0,8193,72120,0,0,false
