column,recipe,bytes,structural_monotone,structural_piecewise_monotone,checked_monotone,order_preserving_mapping,framed,restart_bound,semantic_facts,mapping_facts,access_facts,access_ready
0,Frame(UnsignedDelta@65536(BitPack)),348,true,false,true,false,true,65536,4,0,3,false
0,Frame(Dictionary(BitPack)),351,false,false,true,true,true,,3,2,2,false
0,Frame(FOR(BitPack)),352,false,false,true,true,true,,3,3,2,false
0,Frame(UnsignedDelta@256(BitPack)),357,false,true,true,false,true,256,4,0,3,false
0,Frame(Delta@256(BitPack)),358,false,false,true,false,true,256,3,0,3,false
0,Dictionary(RLE(BitPack)),544,false,false,true,true,false,,3,2,2,true
0,Frame(RLE(FOR(BitPack))),552,false,false,true,true,true,,3,3,3,false
0,Frame(Dictionary(RLE(BitPack))),556,false,false,true,true,true,,3,2,3,false
0,RLE(FOR(BitPack)),592,false,false,true,true,false,,3,3,2,true
0,Dictionary(BitPack),16704,false,false,true,true,false,,3,2,1,true
0,FOR(BitPack),41280,false,false,true,true,false,,3,3,1,true
0,UnsignedDelta@65536(BitPack),41344,true,false,true,false,false,65536,4,0,2,false
0,UnsignedDelta@256(BitPack),43328,false,true,true,false,false,256,4,0,2,true
0,Delta@256(BitPack),51520,false,false,true,false,false,256,3,0,2,true
1,Frame(Dictionary(RLE(BitPack))),9895,false,false,false,true,true,,2,2,3,false
1,Frame(RLE(FOR(BitPack))),10180,false,false,false,true,true,,2,3,3,false
1,Frame(Dictionary(BitPack)),13567,false,false,false,true,true,,2,2,2,false
1,Frame(Delta@256(BitPack)),14138,false,false,false,false,true,256,2,0,3,false
1,Frame(FOR(BitPack)),15456,false,false,false,true,true,,2,3,2,false
1,Dictionary(RLE(BitPack)),24240,false,false,false,true,false,,2,2,2,true
1,RLE(FOR(BitPack)),25520,false,false,false,true,false,,2,3,2,true
1,Dictionary(BitPack),76736,false,false,false,true,false,,2,2,1,true
1,FOR(BitPack),139584,false,false,false,true,false,,2,3,1,true
1,Delta@256(BitPack),149824,false,false,false,false,false,256,2,0,2,true
2,Frame(Dictionary(RLE(BitPack))),8218,false,false,false,true,true,,2,2,3,false
2,Frame(Dictionary(BitPack)),8392,false,false,false,true,true,,2,2,2,false
2,Frame(RLE(FOR(BitPack))),10529,false,false,false,true,true,,2,3,3,false
2,Frame(Delta@256(BitPack)),13178,false,false,false,false,true,256,2,0,3,false
2,Frame(FOR(BitPack)),14347,false,false,false,true,true,,2,3,2,false
2,Dictionary(RLE(BitPack)),23488,false,false,false,true,false,,2,2,2,true
2,RLE(FOR(BitPack)),24848,false,false,false,true,false,,2,3,2,true
2,Dictionary(BitPack),67136,false,false,false,true,false,,2,2,1,true
2,FOR(BitPack),106816,false,false,false,true,false,,2,3,1,true
2,Delta@256(BitPack),117056,false,false,false,false,false,256,2,0,2,true
3,Frame(Dictionary(RLE(BitPack))),8399,false,false,false,true,true,,2,2,3,false
3,Frame(Dictionary(BitPack)),8622,false,false,false,true,true,,2,2,2,false
3,Frame(RLE(FOR(BitPack))),10310,false,false,false,true,true,,2,3,3,false
3,Frame(Delta@256(BitPack)),12156,false,false,false,false,true,256,2,0,3,false
3,Frame(FOR(BitPack)),13858,false,false,false,true,true,,2,3,2,false
3,RLE(FOR(BitPack)),23856,false,false,false,true,false,,2,3,2,true
3,Dictionary(RLE(BitPack)),23936,false,false,false,true,false,,2,2,2,true
3,Dictionary(BitPack),67520,false,false,false,true,false,,2,2,1,true
3,FOR(BitPack),90432,false,false,false,true,false,,2,3,1,true
3,Delta@256(BitPack),100672,false,false,false,false,false,256,2,0,2,true
4,Frame(RLE(FOR(BitPack))),18023,false,false,false,true,true,,2,3,3,false
4,Frame(Dictionary(RLE(BitPack))),18659,false,false,false,true,true,,2,2,3,false
4,Frame(FOR(BitPack)),21967,false,false,false,true,true,,2,3,2,false
4,Frame(Delta@256(BitPack)),23313,false,false,false,false,true,256,2,0,3,false
4,Frame(Dictionary(BitPack)),24578,false,false,false,true,true,,2,2,2,false
4,RLE(FOR(BitPack)),48064,false,false,false,true,false,,2,3,2,true
4,Dictionary(RLE(BitPack)),52512,false,false,false,true,false,,2,2,2,true
4,Dictionary(BitPack),88768,false,false,false,true,false,,2,2,1,true
4,FOR(BitPack),98624,false,false,false,true,false,,2,3,1,true
4,Delta@256(BitPack),108864,false,false,false,false,false,256,2,0,2,true
5,Frame(Dictionary(BitPack)),583,false,false,false,true,true,,2,2,2,false
5,Frame(Delta@256(BitPack)),721,false,false,false,false,true,256,2,0,3,false
5,Frame(FOR(BitPack)),792,false,false,false,true,true,,2,3,2,false
5,Frame(Dictionary(RLE(BitPack))),808,false,false,false,true,true,,2,2,3,false
5,Frame(RLE(FOR(BitPack))),810,false,false,false,true,true,,2,3,3,false
5,Dictionary(RLE(BitPack)),1040,false,false,false,true,false,,2,2,2,true
5,RLE(FOR(BitPack)),1200,false,false,false,true,false,,2,3,2,true
5,Dictionary(BitPack),8512,false,false,false,true,false,,2,2,1,true
5,FOR(BitPack),90432,false,false,false,true,false,,2,3,1,true
5,Delta@256(BitPack),100672,false,false,false,false,false,256,2,0,2,true
6,Frame(FOR(BitPack)),7632,false,false,false,true,true,,2,3,2,false
6,Frame(Dictionary(BitPack)),8021,false,false,false,true,true,,2,2,2,false
6,Frame(RLE(FOR(BitPack))),9328,false,false,false,true,true,,2,3,3,false
6,Frame(Dictionary(RLE(BitPack))),9580,false,false,false,true,true,,2,2,3,false
6,Frame(Delta@256(BitPack)),10419,false,false,false,false,true,256,2,0,3,false
6,Dictionary(RLE(BitPack)),36912,false,false,false,true,false,,2,2,2,true
6,RLE(FOR(BitPack)),39616,false,false,false,true,false,,2,3,2,true
6,Dictionary(BitPack),41408,false,false,false,true,false,,2,2,1,true
6,FOR(BitPack),65856,false,false,false,true,false,,2,3,1,true
6,Delta@256(BitPack),76096,false,false,false,false,false,256,2,0,2,true
7,Dictionary(BitPack),320,false,false,true,true,false,,3,2,1,true
7,FOR(BitPack),320,false,false,true,true,false,,3,3,1,true
7,Frame(Dictionary(BitPack)),337,false,false,true,true,true,,3,2,2,false
7,Frame(FOR(BitPack)),337,false,false,true,true,true,,3,3,2,false
7,Frame(UnsignedDelta@65536(BitPack)),337,true,false,true,false,true,65536,4,0,3,false
7,Frame(Delta@256(BitPack)),339,false,false,true,false,true,256,3,0,3,false
7,Frame(UnsignedDelta@256(BitPack)),339,false,true,true,false,true,256,4,0,3,false
7,UnsignedDelta@65536(BitPack),384,true,false,true,false,false,65536,4,0,2,false
7,Dictionary(RLE(BitPack)),512,false,false,true,true,false,,3,2,2,true
7,RLE(FOR(BitPack)),512,false,false,true,true,false,,3,3,2,true
7,Frame(RLE(FOR(BitPack))),536,false,false,true,true,true,,3,3,3,false
7,Frame(Dictionary(RLE(BitPack))),538,false,false,true,true,true,,3,2,3,false
7,Delta@256(BitPack),2368,false,false,true,false,false,256,3,0,2,true
7,UnsignedDelta@256(BitPack),2368,false,true,true,false,false,256,4,0,2,true
8,Frame(Delta@256(BitPack)),70095,false,false,false,false,true,256,2,0,3,false
8,Frame(RLE(FOR(BitPack))),89782,false,false,false,true,true,,2,3,3,false
8,Frame(Dictionary(RLE(BitPack))),111534,false,false,false,true,true,,2,2,3,false
8,FOR(BitPack),139584,false,false,false,true,false,,2,3,1,true
8,Frame(FOR(BitPack)),139663,false,false,false,true,true,,2,3,2,false
8,Delta@256(BitPack),149824,false,false,false,false,false,256,2,0,2,true
8,Frame(Dictionary(BitPack)),153481,false,false,false,true,true,,2,2,2,false
8,RLE(FOR(BitPack)),227232,false,false,false,true,false,,2,3,2,true
8,Dictionary(BitPack),356416,false,false,false,true,false,,2,2,1,true
8,Dictionary(RLE(BitPack)),451552,false,false,false,true,false,,2,2,2,true
9,Frame(Delta@256(BitPack)),77063,false,false,false,false,true,256,2,0,4,false
9,Frame(Dictionary(BitPack)),94651,false,false,false,true,true,,2,2,3,false
9,Frame(FOR(BitPack)),100703,false,false,false,true,true,,2,3,3,false
9,Frame(Dictionary(RLE(BitPack))),109068,false,false,false,true,true,,2,2,4,false
9,Frame(RLE(FOR(BitPack))),114744,false,false,false,true,true,,2,3,4,false
9,FOR(BitPack),124416,false,false,false,true,false,,2,3,2,true
9,Delta@256(BitPack),126528,false,false,false,false,false,256,2,0,3,true
9,Dictionary(BitPack),133888,false,false,false,true,false,,2,2,2,true
9,RLE(FOR(BitPack)),358880,false,false,false,true,false,,2,3,3,true
9,Dictionary(RLE(BitPack)),370176,false,false,false,true,false,,2,2,3,true
10,Frame(Dictionary(BitPack)),36068,false,false,false,true,true,,2,2,3,false
10,Frame(Delta@256(BitPack)),36290,false,false,false,false,true,256,2,0,4,false
10,Frame(Dictionary(RLE(BitPack))),43786,false,false,false,true,true,,2,2,4,false
10,Frame(FOR(BitPack)),44421,false,false,false,true,true,,2,3,3,false
10,Frame(RLE(FOR(BitPack))),48994,false,false,false,true,true,,2,3,4,false
10,Dictionary(BitPack),76736,false,false,false,true,false,,2,2,2,true
10,FOR(BitPack),83456,false,false,false,true,false,,2,3,2,true
10,Delta@256(BitPack),85568,false,false,false,false,false,256,2,0,3,true
10,Dictionary(RLE(BitPack)),168320,false,false,false,true,false,,2,2,3,true
10,RLE(FOR(BitPack)),170592,false,false,false,true,false,,2,3,3,true
11,Frame(Delta@256(BitPack)),53698,false,false,false,false,true,256,2,0,4,false
11,Frame(Dictionary(BitPack)),58203,false,false,false,true,true,,2,2,3,false
11,Frame(FOR(BitPack)),60535,false,false,false,true,true,,2,3,3,false
11,Frame(Dictionary(RLE(BitPack))),68793,false,false,false,true,true,,2,2,4,false
11,Frame(RLE(FOR(BitPack))),70329,false,false,false,true,true,,2,3,4,false
11,Dictionary(BitPack),86336,false,false,false,true,false,,2,2,2,true
11,FOR(BitPack),91648,false,false,false,true,false,,2,3,2,true
11,Delta@256(BitPack),101952,false,false,false,false,false,256,2,0,3,true
11,Dictionary(RLE(BitPack)),243968,false,false,false,true,false,,2,2,3,true
11,RLE(FOR(BitPack)),246400,false,false,false,true,false,,2,3,3,true
12,Frame(Delta@256(BitPack)),4209,false,false,false,false,true,256,2,0,4,false
12,Frame(Dictionary(BitPack)),4279,false,false,false,true,true,,2,2,3,false
12,Frame(FOR(BitPack)),4502,false,false,false,true,true,,2,3,3,false
12,Frame(Dictionary(RLE(BitPack))),5486,false,false,false,true,true,,2,2,4,false
12,Frame(RLE(FOR(BitPack))),5530,false,false,false,true,true,,2,3,4,false
12,RLE(FOR(BitPack)),27280,false,false,false,true,false,,2,3,3,true
12,Dictionary(RLE(BitPack)),27296,false,false,false,true,false,,2,2,3,true
12,Dictionary(BitPack),59328,false,false,false,true,false,,2,2,2,true
12,FOR(BitPack),67072,false,false,false,true,false,,2,3,2,true
12,Delta@256(BitPack),69184,false,false,false,false,false,256,2,0,3,true
13,Frame(Delta@256(BitPack)),9971,false,false,false,false,true,256,2,0,4,false
13,Frame(FOR(BitPack)),10133,false,false,false,true,true,,2,3,3,false
13,Frame(Dictionary(BitPack)),10362,false,false,false,true,true,,2,2,3,false
13,Frame(RLE(FOR(BitPack))),14639,false,false,false,true,true,,2,3,4,false
13,Frame(Dictionary(RLE(BitPack))),14926,false,false,false,true,true,,2,2,4,false
13,FOR(BitPack),67072,false,false,false,true,false,,2,3,2,true
13,Dictionary(BitPack),67648,false,false,false,true,false,,2,2,2,true
13,Delta@256(BitPack),69184,false,false,false,false,false,256,2,0,3,true
13,RLE(FOR(BitPack)),85328,false,false,false,true,false,,2,3,3,true
13,Dictionary(RLE(BitPack)),85904,false,false,false,true,false,,2,2,3,true
14,Frame(Delta@256(BitPack)),8581,false,false,false,false,true,256,2,0,4,false
14,Frame(FOR(BitPack)),8873,false,false,false,true,true,,2,3,3,false
14,Frame(Dictionary(BitPack)),8992,false,false,false,true,true,,2,2,3,false
14,Frame(RLE(FOR(BitPack))),12519,false,false,false,true,true,,2,3,4,false
14,Frame(Dictionary(RLE(BitPack))),12583,false,false,false,true,true,,2,2,4,false
14,FOR(BitPack),50688,false,false,false,true,false,,2,3,2,true
14,Dictionary(BitPack),50816,false,false,false,true,false,,2,2,2,true
14,Delta@256(BitPack),60992,false,false,false,false,false,256,2,0,3,true
14,RLE(FOR(BitPack)),80736,false,false,false,true,false,,2,3,3,true
14,Dictionary(RLE(BitPack)),80928,false,false,false,true,false,,2,2,3,true
15,Frame(UnsignedDelta@65536(BitPack)),348,true,false,true,false,true,65536,4,0,3,false
15,Frame(UnsignedDelta@256(BitPack)),746,false,true,true,false,true,256,4,0,3,false
15,Frame(Delta@256(BitPack)),1282,false,false,true,false,true,256,3,0,3,false
15,UnsignedDelta@65536(BitPack),49536,true,false,true,false,false,65536,4,0,2,false
15,UnsignedDelta@256(BitPack),51520,false,true,true,false,false,256,4,0,2,true
15,Delta@256(BitPack),59712,false,false,true,false,false,256,3,0,2,true
15,Frame(FOR(BitPack)),171606,false,false,true,true,true,,3,3,2,false
15,Frame(RLE(FOR(BitPack))),173146,false,false,true,true,true,,3,3,3,false
15,FOR(BitPack),180544,false,false,true,true,false,,3,3,1,true
15,Frame(Dictionary(BitPack)),212709,false,false,true,true,true,,3,2,2,false
15,Frame(Dictionary(RLE(BitPack))),214520,false,false,true,true,true,,3,2,3,false
15,RLE(FOR(BitPack)),459264,false,false,true,true,false,,3,3,2,true
15,Dictionary(BitPack),655616,false,false,true,true,false,,3,2,1,true
15,Dictionary(RLE(BitPack)),934400,false,false,true,true,false,,3,2,2,true
16,Frame(Delta@256(BitPack)),83062,false,false,false,false,true,256,2,0,4,false
16,Frame(FOR(BitPack)),96382,false,false,false,true,true,,2,3,3,false
16,Frame(Dictionary(BitPack)),98714,false,false,false,true,true,,2,2,3,false
16,Delta@256(BitPack),101952,false,false,false,false,false,256,2,0,3,true
16,FOR(BitPack),108032,false,false,false,true,false,,2,3,2,true
16,Frame(RLE(FOR(BitPack))),110302,false,false,false,true,true,,2,3,4,false
16,Frame(Dictionary(RLE(BitPack))),111713,false,false,false,true,true,,2,2,4,false
16,Dictionary(BitPack),125184,false,false,false,true,false,,2,2,2,true
16,RLE(FOR(BitPack)),384320,false,false,false,true,false,,2,3,3,true
16,Dictionary(RLE(BitPack)),401536,false,false,false,true,false,,2,2,3,true
17,Frame(Dictionary(BitPack)),5202,false,false,false,true,true,,2,2,2,false
17,Frame(Dictionary(RLE(BitPack))),9802,false,false,false,true,true,,2,2,3,false
17,Frame(Delta@256(BitPack)),9994,false,false,false,false,true,256,2,0,3,false
17,Frame(FOR(BitPack)),10014,false,false,false,true,true,,2,3,2,false
17,Frame(RLE(FOR(BitPack))),10077,false,false,false,true,true,,2,3,3,false
17,Dictionary(BitPack),16704,false,false,false,true,false,,2,2,1,true
17,Dictionary(RLE(BitPack)),47136,false,false,false,true,false,,2,2,2,true
17,RLE(FOR(BitPack)),56208,false,false,false,true,false,,2,3,2,true
17,FOR(BitPack),74048,false,false,false,true,false,,2,3,1,true
17,Delta@256(BitPack),84288,false,false,false,false,false,256,2,0,2,true
18,Frame(Dictionary(BitPack)),53141,false,false,false,true,true,,2,2,2,false
18,Dictionary(BitPack),67840,false,false,false,true,false,,2,2,1,true
18,Frame(Dictionary(RLE(BitPack))),70294,false,false,false,true,true,,2,2,3,false
18,Frame(FOR(BitPack)),72091,false,false,false,true,true,,2,3,2,false
18,FOR(BitPack),74048,false,false,false,true,false,,2,3,1,true
18,Frame(Delta@256(BitPack)),78458,false,false,false,false,true,256,2,0,3,false
18,Delta@256(BitPack),84288,false,false,false,false,false,256,2,0,2,true
18,Frame(RLE(FOR(BitPack))),86914,false,false,false,true,true,,2,3,3,false
18,Dictionary(RLE(BitPack)),332224,false,false,false,true,false,,2,2,2,true
18,RLE(FOR(BitPack)),338032,false,false,false,true,false,,2,3,2,true
19,Frame(Dictionary(BitPack)),47844,false,false,false,true,true,,2,2,2,false
19,Frame(Dictionary(RLE(BitPack))),66034,false,false,false,true,true,,2,2,3,false
19,Dictionary(BitPack),67392,false,false,false,true,false,,2,2,1,true
19,Frame(FOR(BitPack)),70796,false,false,false,true,true,,2,3,2,false
19,FOR(BitPack),74048,false,false,false,true,false,,2,3,1,true
19,Frame(Delta@256(BitPack)),76366,false,false,false,false,true,256,2,0,3,false
19,Delta@256(BitPack),84288,false,false,false,false,false,256,2,0,2,true
19,Frame(RLE(FOR(BitPack))),85819,false,false,false,true,true,,2,3,3,false
19,Dictionary(RLE(BitPack)),319936,false,false,false,true,false,,2,2,2,true
19,RLE(FOR(BitPack)),325904,false,false,false,true,false,,2,3,2,true
20,Frame(Dictionary(BitPack)),6646,false,false,false,true,true,,2,2,2,false
20,Frame(FOR(BitPack)),8733,false,false,false,true,true,,2,3,2,false
20,Frame(Delta@256(BitPack)),8796,false,false,false,false,true,256,2,0,3,false
20,Frame(Dictionary(RLE(BitPack))),10236,false,false,false,true,true,,2,2,3,false
20,Frame(RLE(FOR(BitPack))),10664,false,false,false,true,true,,2,3,3,false
20,Dictionary(BitPack),24896,false,false,false,true,false,,2,2,1,true
20,Dictionary(RLE(BitPack)),42512,false,false,false,true,false,,2,2,2,true
20,RLE(FOR(BitPack)),46992,false,false,false,true,false,,2,3,2,true
20,FOR(BitPack),57664,false,false,false,true,false,,2,3,1,true
20,Delta@256(BitPack),67904,false,false,false,false,false,256,2,0,2,true
21,Frame(FOR(BitPack)),6154,false,false,false,true,true,,2,3,2,false
21,Frame(Dictionary(BitPack)),6159,false,false,false,true,true,,2,2,2,false
21,Frame(Delta@256(BitPack)),7848,false,false,false,false,true,256,2,0,3,false
21,Dictionary(BitPack),8512,false,false,false,true,false,,2,2,1,true
21,FOR(BitPack),8512,false,false,false,true,false,,2,3,1,true
21,Frame(Dictionary(RLE(BitPack))),13422,false,false,false,true,true,,2,2,3,false
21,Frame(RLE(FOR(BitPack))),13438,false,false,false,true,true,,2,3,3,false
21,Delta@256(BitPack),18752,false,false,false,false,false,256,2,0,2,true
21,Dictionary(RLE(BitPack)),58560,false,false,false,true,false,,2,2,2,true
21,RLE(FOR(BitPack)),58560,false,false,false,true,false,,2,3,2,true
22,Frame(Dictionary(BitPack)),6224,false,false,false,true,true,,2,2,2,false
22,Frame(Dictionary(RLE(BitPack))),11479,false,false,false,true,true,,2,2,3,false
22,Frame(FOR(BitPack)),12006,false,false,false,true,true,,2,3,2,false
22,Frame(Delta@256(BitPack)),12063,false,false,false,false,true,256,2,0,3,false
22,Frame(RLE(FOR(BitPack))),12221,false,false,false,true,true,,2,3,3,false
22,Dictionary(BitPack),16704,false,false,false,true,false,,2,2,1,true
22,Dictionary(RLE(BitPack)),52768,false,false,false,true,false,,2,2,2,true
22,RLE(FOR(BitPack)),62896,false,false,false,true,false,,2,3,2,true
22,FOR(BitPack),74048,false,false,false,true,false,,2,3,1,true
22,Delta@256(BitPack),84288,false,false,false,false,false,256,2,0,2,true
23,Frame(Dictionary(BitPack)),18025,false,false,false,true,true,,2,2,2,false
23,Frame(Delta@256(BitPack)),22081,false,false,false,false,true,256,2,0,3,false
23,Frame(FOR(BitPack)),23923,false,false,false,true,true,,2,3,2,false
23,Frame(Dictionary(RLE(BitPack))),26670,false,false,false,true,true,,2,2,3,false
23,Frame(RLE(FOR(BitPack))),28909,false,false,false,true,true,,2,3,3,false
23,Dictionary(BitPack),41408,false,false,false,true,false,,2,2,1,true
23,FOR(BitPack),90432,false,false,false,true,false,,2,3,1,true
23,Dictionary(RLE(BitPack)),97200,false,false,false,true,false,,2,2,2,true
23,Delta@256(BitPack),100672,false,false,false,false,false,256,2,0,2,true
23,RLE(FOR(BitPack)),111888,false,false,false,true,false,,2,3,2,true
24,Frame(Dictionary(BitPack)),76891,false,false,false,true,true,,2,2,2,false
24,Dictionary(BitPack),88384,false,false,false,true,false,,2,2,1,true
24,Frame(Dictionary(RLE(BitPack))),92838,false,false,false,true,true,,2,2,3,false
24,Frame(FOR(BitPack)),97109,false,false,false,true,true,,2,3,2,false
24,Frame(Delta@256(BitPack)),105345,false,false,false,false,true,256,2,0,3,false
24,Frame(RLE(FOR(BitPack))),119010,false,false,false,true,true,,2,3,3,false
24,FOR(BitPack),139584,false,false,false,true,false,,2,3,1,true
24,Delta@256(BitPack),149824,false,false,false,false,false,256,2,0,2,true
24,Dictionary(RLE(BitPack)),355776,false,false,false,true,false,,2,2,2,true
24,RLE(FOR(BitPack)),405184,false,false,false,true,false,,2,3,2,true
25,Frame(FOR(BitPack)),2235,false,false,false,true,true,,2,3,2,false
25,Frame(Dictionary(BitPack)),2241,false,false,false,true,true,,2,2,2,false
25,Frame(RLE(FOR(BitPack))),2303,false,false,false,true,true,,2,3,3,false
25,Frame(Dictionary(RLE(BitPack))),2313,false,false,false,true,true,,2,2,3,false
25,Frame(Delta@256(BitPack)),2885,false,false,false,false,true,256,2,0,3,false
25,RLE(FOR(BitPack)),10304,false,false,false,true,false,,2,3,2,true
25,Dictionary(RLE(BitPack)),10368,false,false,false,true,false,,2,2,2,true
25,Dictionary(BitPack),16704,false,false,false,true,false,,2,2,1,true
25,FOR(BitPack),16704,false,false,false,true,false,,2,3,1,true
25,Delta@256(BitPack),26944,false,false,false,false,false,256,2,0,2,true
26,Frame(Dictionary(BitPack)),3746,false,false,false,true,true,,2,2,2,false
26,Frame(FOR(BitPack)),4287,false,false,false,true,true,,2,3,2,false
26,Frame(RLE(FOR(BitPack))),4828,false,false,false,true,true,,2,3,3,false
26,Frame(Dictionary(RLE(BitPack))),4862,false,false,false,true,true,,2,2,3,false
26,Frame(Delta@256(BitPack)),5696,false,false,false,false,true,256,2,0,3,false
26,Dictionary(BitPack),16704,false,false,false,true,false,,2,2,1,true
26,Dictionary(RLE(BitPack)),20864,false,false,false,true,false,,2,2,2,true
26,RLE(FOR(BitPack)),22016,false,false,false,true,false,,2,3,2,true
26,FOR(BitPack),33088,false,false,false,true,false,,2,3,1,true
26,Delta@256(BitPack),43328,false,false,false,false,false,256,2,0,2,true
27,Frame(FOR(BitPack)),14877,false,false,false,true,true,,2,3,2,false
27,Frame(Dictionary(BitPack)),16971,false,false,false,true,true,,2,2,2,false
27,Frame(Delta@256(BitPack)),17313,false,false,false,false,true,256,2,0,3,false
27,Dictionary(BitPack),24896,false,false,false,true,false,,2,2,1,true
27,Frame(RLE(FOR(BitPack))),31036,false,false,false,true,true,,2,3,3,false
27,Frame(Dictionary(RLE(BitPack))),32123,false,false,false,true,true,,2,2,3,false
27,FOR(BitPack),33088,false,false,false,true,false,,2,3,1,true
27,Delta@256(BitPack),35136,false,false,false,false,false,256,2,0,2,true
27,Dictionary(RLE(BitPack)),133360,false,false,false,true,false,,2,2,2,true
27,RLE(FOR(BitPack)),136896,false,false,false,true,false,,2,3,2,true
28,Frame(FOR(BitPack)),8641,false,false,false,true,true,,2,3,2,false
28,Frame(Dictionary(BitPack)),8645,false,false,false,true,true,,2,2,2,false
28,Frame(Delta@256(BitPack)),12264,false,false,false,false,true,256,2,0,3,false
28,Dictionary(BitPack),16704,false,false,false,true,false,,2,2,1,true
28,FOR(BitPack),16704,false,false,false,true,false,,2,3,1,true
28,Frame(RLE(FOR(BitPack))),21052,false,false,false,true,true,,2,3,3,false
28,Frame(Dictionary(RLE(BitPack))),21067,false,false,false,true,true,,2,2,3,false
28,Delta@256(BitPack),26944,false,false,false,false,false,256,2,0,2,true
28,RLE(FOR(BitPack)),101760,false,false,false,true,false,,2,3,2,true
28,Dictionary(RLE(BitPack)),101824,false,false,false,true,false,,2,2,2,true
29,Frame(Dictionary(BitPack)),83978,false,false,false,true,true,,2,2,2,false
29,Frame(FOR(BitPack)),89358,false,false,false,true,true,,2,3,2,false
29,Frame(Dictionary(RLE(BitPack))),99138,false,false,false,true,true,,2,2,3,false
29,Frame(Delta@256(BitPack)),104221,false,false,false,false,true,256,2,0,3,false
29,Dictionary(BitPack),104832,false,false,false,true,false,,2,2,1,true
29,Frame(RLE(FOR(BitPack))),110559,false,false,false,true,true,,2,3,3,false
29,FOR(BitPack),115008,false,false,false,true,false,,2,3,1,true
29,Delta@256(BitPack),125248,false,false,false,false,false,256,2,0,2,true
29,Dictionary(RLE(BitPack)),344976,false,false,false,true,false,,2,2,2,true
29,RLE(FOR(BitPack)),352544,false,false,false,true,false,,2,3,2,true
30,Frame(Dictionary(BitPack)),9164,false,false,false,true,true,,2,2,2,false
30,Frame(Dictionary(RLE(BitPack))),11806,false,false,false,true,true,,2,2,3,false
30,Frame(RLE(FOR(BitPack))),12806,false,false,false,true,true,,2,3,3,false
30,Frame(FOR(BitPack)),12845,false,false,false,true,true,,2,3,2,false
30,Frame(Delta@256(BitPack)),14508,false,false,false,false,true,256,2,0,3,false
30,Dictionary(RLE(BitPack)),57536,false,false,false,true,false,,2,2,2,true
30,RLE(FOR(BitPack)),64224,false,false,false,true,false,,2,3,2,true
30,Dictionary(BitPack),67136,false,false,false,true,false,,2,2,1,true
30,FOR(BitPack),115008,false,false,false,true,false,,2,3,1,true
30,Delta@256(BitPack),125248,false,false,false,false,false,256,2,0,2,true
31,Frame(Dictionary(BitPack)),112475,false,false,false,true,true,,2,2,2,false
31,Frame(Dictionary(RLE(BitPack))),124901,false,false,false,true,true,,2,2,3,false
31,Frame(FOR(BitPack)),131144,false,false,false,true,true,,2,3,2,false
31,Frame(Delta@256(BitPack)),131275,false,false,false,false,true,256,2,0,3,false
31,FOR(BitPack),139584,false,false,false,true,false,,2,3,1,true
31,Frame(RLE(FOR(BitPack))),144395,false,false,false,true,true,,2,3,3,false
31,Dictionary(BitPack),147712,false,false,false,true,false,,2,2,1,true
31,Delta@256(BitPack),149824,false,false,false,false,false,256,2,0,2,true
31,RLE(FOR(BitPack)),415568,false,false,false,true,false,,2,3,2,true
31,Dictionary(RLE(BitPack)),423952,false,false,false,true,false,,2,2,2,true
32,Frame(Delta@256(BitPack)),241314,false,false,false,false,true,256,2,0,3,false
32,Frame(Dictionary(BitPack)),249001,false,false,false,true,true,,2,2,2,false
32,Frame(Dictionary(RLE(BitPack))),260763,false,false,false,true,true,,2,2,3,false
32,Frame(FOR(BitPack)),332649,false,false,false,true,true,,2,3,2,false
32,Frame(RLE(FOR(BitPack))),340251,false,false,false,true,true,,2,3,3,false
32,FOR(BitPack),409920,false,false,false,true,false,,2,3,1,true
32,Delta@256(BitPack),420160,false,false,false,false,false,256,2,0,2,true
32,Dictionary(BitPack),460032,false,false,false,true,false,,2,2,1,true
32,RLE(FOR(BitPack)),677696,false,false,false,true,false,,2,3,2,true
32,Dictionary(RLE(BitPack)),732160,false,false,false,true,false,,2,2,2,true
33,Frame(Delta@256(BitPack)),234609,false,false,false,false,true,256,2,0,3,false
33,Frame(Dictionary(BitPack)),249049,false,false,false,true,true,,2,2,2,false
33,Frame(Dictionary(RLE(BitPack))),259297,false,false,false,true,true,,2,2,3,false
33,Frame(FOR(BitPack)),332695,false,false,false,true,true,,2,3,2,false
33,Frame(RLE(FOR(BitPack))),339626,false,false,false,true,true,,2,3,3,false
33,FOR(BitPack),409920,false,false,false,true,false,,2,3,1,true
33,Delta@256(BitPack),420160,false,false,false,false,false,256,2,0,2,true
33,Dictionary(BitPack),458048,false,false,false,true,false,,2,2,1,true
33,RLE(FOR(BitPack)),677632,false,false,false,true,false,,2,3,2,true
33,Dictionary(RLE(BitPack)),730176,false,false,false,true,false,,2,2,2,true
34,Frame(Dictionary(BitPack)),95445,false,false,false,true,true,,2,2,2,false
34,Frame(FOR(BitPack)),96664,false,false,false,true,true,,2,3,2,false
34,Frame(Delta@256(BitPack)),104114,false,false,false,false,true,256,2,0,3,false
34,FOR(BitPack),106816,false,false,false,true,false,,2,3,1,true
34,Frame(RLE(FOR(BitPack))),109773,false,false,false,true,true,,2,3,3,false
34,Frame(Dictionary(RLE(BitPack))),109828,false,false,false,true,true,,2,2,3,false
34,Delta@256(BitPack),117056,false,false,false,false,false,256,2,0,2,true
34,Dictionary(BitPack),118784,false,false,false,true,false,,2,2,1,true
34,RLE(FOR(BitPack)),376720,false,false,false,true,false,,2,3,2,true
34,Dictionary(RLE(BitPack)),388864,false,false,false,true,false,,2,2,2,true
35,Frame(UnsignedDelta@4736(BitPack)),368,true,false,true,false,true,4736,4,0,3,false
35,Frame(UnsignedDelta@256(BitPack)),455,false,true,true,false,true,256,4,0,3,false
35,Frame(Delta@256(BitPack)),471,false,false,true,false,true,256,3,0,3,false
35,UnsignedDelta@4736(BitPack),7488,true,false,true,false,false,4736,4,0,2,false
35,UnsignedDelta@256(BitPack),7616,false,true,true,false,false,256,4,0,2,true
35,Delta@256(BitPack),8208,false,false,true,false,false,256,3,0,2,true
35,Frame(FOR(BitPack)),12369,false,false,true,true,true,,3,3,2,false
35,FOR(BitPack),12752,false,false,true,true,false,,3,3,1,true
35,Frame(RLE(FOR(BitPack))),13263,false,false,true,true,true,,3,3,3,false
35,Frame(Dictionary(BitPack)),17134,false,false,true,true,true,,3,2,2,false
35,Frame(Dictionary(RLE(BitPack))),18177,false,false,true,true,true,,3,2,3,false
35,RLE(FOR(BitPack)),32976,false,false,true,true,false,,3,3,2,true
35,Dictionary(BitPack),45712,false,false,true,true,false,,3,2,1,true
35,Dictionary(RLE(BitPack)),66000,false,false,true,true,false,,3,2,2,true
36,Frame(FOR(BitPack)),2390,false,false,false,true,true,,2,3,2,false
36,Frame(Dictionary(BitPack)),2736,false,false,false,true,true,,2,2,2,false
36,Frame(RLE(FOR(BitPack))),2894,false,false,false,true,true,,2,3,3,false
36,Frame(Delta@256(BitPack)),2959,false,false,false,false,true,256,2,0,3,false
36,Frame(Dictionary(RLE(BitPack))),3149,false,false,false,true,true,,2,2,3,false
36,RLE(FOR(BitPack)),5648,false,false,false,true,false,,2,3,2,true
36,Dictionary(RLE(BitPack)),7312,false,false,false,true,false,,2,2,2,true
36,Dictionary(BitPack),9168,false,false,false,true,false,,2,2,1,true
36,FOR(BitPack),19856,false,false,false,true,false,,2,3,1,true
36,Delta@256(BitPack),20640,false,false,false,false,false,256,2,0,2,true
37,Frame(UnsignedDelta@4096(BitPack)),361,true,false,true,false,true,4096,4,0,3,false
37,Frame(Delta@256(BitPack)),421,false,false,true,false,true,256,3,0,3,false
37,Frame(UnsignedDelta@256(BitPack)),425,false,true,true,false,true,256,4,0,3,false
37,UnsignedDelta@4096(BitPack),4992,true,false,true,false,false,4096,4,0,2,false
37,UnsignedDelta@256(BitPack),5056,false,true,true,false,false,256,4,0,2,true
37,Delta@256(BitPack),5568,false,false,true,false,false,256,3,0,2,true
37,Frame(FOR(BitPack)),10557,false,false,true,true,true,,3,3,2,false
37,Frame(RLE(FOR(BitPack))),10927,false,false,true,true,true,,3,3,3,false
37,FOR(BitPack),11072,false,false,true,true,false,,3,3,1,true
37,Frame(Dictionary(BitPack)),14230,false,false,true,true,true,,3,2,2,false
37,Frame(Dictionary(RLE(BitPack))),14763,false,false,true,true,true,,3,2,3,false
37,RLE(FOR(BitPack)),28352,false,false,true,true,false,,3,3,2,true
37,Dictionary(BitPack),38656,false,false,true,true,false,,3,2,1,true
37,Dictionary(RLE(BitPack)),56000,false,false,true,true,false,,3,2,2,true
38,Frame(FOR(BitPack)),3567,false,false,false,true,true,,2,3,2,false
38,Frame(Dictionary(BitPack)),4163,false,false,false,true,true,,2,2,2,false
38,Frame(RLE(FOR(BitPack))),4216,false,false,false,true,true,,2,3,3,false
38,Frame(Delta@256(BitPack)),4460,false,false,false,false,true,256,2,0,3,false
38,Frame(Dictionary(RLE(BitPack))),4605,false,false,false,true,true,,2,2,3,false
38,RLE(FOR(BitPack)),9024,false,false,false,true,false,,2,3,2,true
38,Dictionary(BitPack),10816,false,false,false,true,false,,2,2,1,true
38,Dictionary(RLE(BitPack)),11392,false,false,false,true,false,,2,2,2,true
38,FOR(BitPack),17728,false,false,false,true,false,,2,3,1,true
38,Delta@256(BitPack),17856,false,false,false,false,false,256,2,0,2,true
39,Frame(UnsignedDelta@4096(BitPack)),371,true,false,true,false,true,4096,4,0,3,false
39,Frame(UnsignedDelta@256(BitPack)),443,false,true,true,false,true,256,4,0,3,false
39,Frame(Delta@256(BitPack)),452,false,false,true,false,true,256,3,0,3,false
39,UnsignedDelta@4096(BitPack),5504,true,false,true,false,false,4096,4,0,2,false
39,UnsignedDelta@256(BitPack),5568,false,true,true,false,false,256,4,0,2,true
39,Delta@256(BitPack),6080,false,false,true,false,false,256,3,0,2,true
39,Frame(FOR(BitPack)),10427,false,false,true,true,true,,3,3,2,false
39,Frame(RLE(FOR(BitPack))),10977,false,false,true,true,true,,3,3,3,false
39,FOR(BitPack),11072,false,false,true,true,false,,3,3,1,true
39,Frame(Dictionary(BitPack)),14231,false,false,true,true,true,,3,2,2,false
39,Frame(Dictionary(RLE(BitPack))),14764,false,false,true,true,true,,3,2,3,false
39,RLE(FOR(BitPack)),28352,false,false,true,true,false,,3,3,2,true
39,Dictionary(BitPack),38656,false,false,true,true,false,,3,2,1,true
39,Dictionary(RLE(BitPack)),56000,false,false,true,true,false,,3,2,2,true
40,Frame(FOR(BitPack)),13212,false,false,false,true,true,,2,3,2,false
40,Frame(RLE(FOR(BitPack))),13599,false,false,false,true,true,,2,3,3,false
40,Frame(Delta@256(BitPack)),13885,false,false,false,false,true,256,2,0,3,false
40,Frame(Dictionary(BitPack)),14115,false,false,false,true,true,,2,2,2,false
40,Frame(Dictionary(RLE(BitPack))),14517,false,false,false,true,true,,2,2,3,false
40,FOR(BitPack),16704,false,false,false,true,false,,2,3,1,true
40,Delta@256(BitPack),17344,false,false,false,false,false,256,2,0,2,true
40,RLE(FOR(BitPack)),33984,false,false,false,true,false,,2,3,2,true
40,Dictionary(BitPack),37952,false,false,false,true,false,,2,2,1,true
40,Dictionary(RLE(BitPack)),55296,false,false,false,true,false,,2,2,2,true
41,Frame(UnsignedDelta@4736(BitPack)),369,true,false,true,false,true,4736,4,0,3,false
41,Frame(UnsignedDelta@256(BitPack)),457,false,true,true,false,true,256,4,0,3,false
41,Frame(Delta@256(BitPack)),470,false,false,true,false,true,256,3,0,3,false
41,UnsignedDelta@4736(BitPack),7488,true,false,true,false,false,4736,4,0,2,false
41,UnsignedDelta@256(BitPack),7616,false,true,true,false,false,256,4,0,2,true
41,Delta@256(BitPack),8208,false,false,true,false,false,256,3,0,2,true
41,Frame(FOR(BitPack)),12369,false,false,true,true,true,,3,3,2,false
41,FOR(BitPack),12752,false,false,true,true,false,,3,3,1,true
41,Frame(RLE(FOR(BitPack))),13263,false,false,true,true,true,,3,3,3,false
41,Frame(Dictionary(BitPack)),17142,false,false,true,true,true,,3,2,2,false
41,Frame(Dictionary(RLE(BitPack))),18176,false,false,true,true,true,,3,2,3,false
41,RLE(FOR(BitPack)),32976,false,false,true,true,false,,3,3,2,true
41,Dictionary(BitPack),45712,false,false,true,true,false,,3,2,1,true
41,Dictionary(RLE(BitPack)),66000,false,false,true,true,false,,3,2,2,true
42,Frame(Dictionary(BitPack)),4849,false,false,false,true,true,,2,2,2,false
42,Frame(FOR(BitPack)),5093,false,false,false,true,true,,2,3,2,false
42,Frame(Dictionary(RLE(BitPack))),6611,false,false,false,true,true,,2,2,3,false
42,Frame(RLE(FOR(BitPack))),6837,false,false,false,true,true,,2,3,3,false
42,Frame(Delta@256(BitPack)),7165,false,false,false,false,true,256,2,0,3,false
42,Dictionary(BitPack),10656,false,false,false,true,false,,2,2,1,true
42,FOR(BitPack),18080,false,false,false,true,false,,2,3,1,true
42,Delta@256(BitPack),18864,false,false,false,false,false,256,2,0,2,true
42,Dictionary(RLE(BitPack)),28736,false,false,false,true,false,,2,2,2,true
42,RLE(FOR(BitPack)),35136,false,false,false,true,false,,2,3,2,true
43,Frame(UnsignedDelta@4096(BitPack)),409,true,false,true,false,true,4096,4,0,3,false
43,Frame(UnsignedDelta@256(BitPack)),484,false,true,true,false,true,256,4,0,3,false
43,Frame(Delta@256(BitPack)),497,false,false,true,false,true,256,3,0,3,false
43,UnsignedDelta@4096(BitPack),5504,true,false,true,false,false,4096,4,0,2,false
43,UnsignedDelta@256(BitPack),5568,false,true,true,false,false,256,4,0,2,true
43,Delta@256(BitPack),6080,false,false,true,false,false,256,3,0,2,true
43,Frame(FOR(BitPack)),10625,false,false,true,true,true,,3,3,2,false
43,FOR(BitPack),11072,false,false,true,true,false,,3,3,1,true
43,Frame(RLE(FOR(BitPack))),11105,false,false,true,true,true,,3,3,3,false
43,Frame(Dictionary(BitPack)),14231,false,false,true,true,true,,3,2,2,false
43,Frame(Dictionary(RLE(BitPack))),14764,false,false,true,true,true,,3,2,3,false
43,RLE(FOR(BitPack)),28352,false,false,true,true,false,,3,3,2,true
43,Dictionary(BitPack),38656,false,false,true,true,false,,3,2,1,true
43,Dictionary(RLE(BitPack)),56000,false,false,true,true,false,,3,2,2,true
44,Frame(FOR(BitPack)),4863,false,false,false,true,true,,2,3,2,false
44,Frame(Dictionary(BitPack)),5134,false,false,false,true,true,,2,2,2,false
44,Frame(Delta@256(BitPack)),5138,false,false,false,false,true,256,2,0,3,false
44,FOR(BitPack),5440,false,false,false,true,false,,2,3,1,true
44,Delta@256(BitPack),5568,false,false,false,false,false,256,2,0,2,true
44,Frame(RLE(FOR(BitPack))),5863,false,false,false,true,true,,2,3,3,false
44,Frame(Dictionary(RLE(BitPack))),6152,false,false,false,true,true,,2,2,3,false
44,Dictionary(BitPack),7040,false,false,false,true,false,,2,2,1,true
44,RLE(FOR(BitPack)),22528,false,false,false,true,false,,2,3,2,true
44,Dictionary(RLE(BitPack)),24128,false,false,false,true,false,,2,2,2,true
45,Frame(UnsignedDelta@1280(BitPack)),359,true,false,true,false,true,1280,4,0,3,false
45,Frame(Delta@256(BitPack)),379,false,false,true,false,true,256,3,0,3,false
45,Frame(UnsignedDelta@256(BitPack)),388,false,true,true,false,true,256,4,0,3,false
45,UnsignedDelta@1280(BitPack),1824,true,false,true,false,false,1280,4,0,2,false
45,UnsignedDelta@256(BitPack),1824,false,true,true,false,false,256,4,0,2,true
45,Delta@256(BitPack),1984,false,false,true,false,false,256,3,0,2,true
45,Frame(FOR(BitPack)),3235,false,false,true,true,true,,3,3,2,false
45,FOR(BitPack),3360,false,false,true,true,false,,3,3,1,true
45,Frame(RLE(FOR(BitPack))),3535,false,false,true,true,true,,3,3,3,false
45,Frame(Dictionary(BitPack)),4596,false,false,true,true,true,,3,2,2,false
45,Frame(Dictionary(RLE(BitPack))),4843,false,false,true,true,true,,3,2,3,false
45,RLE(FOR(BitPack)),8800,false,false,true,true,false,,3,3,2,true
45,Dictionary(BitPack),12000,false,false,true,true,false,,3,2,1,true
45,Dictionary(RLE(BitPack)),17504,false,false,true,true,false,,3,2,2,true
46,Frame(Delta@256(BitPack)),4753,false,false,false,false,true,256,2,0,3,false
46,Frame(FOR(BitPack)),4915,false,false,false,true,true,,2,3,2,false
46,FOR(BitPack),5120,false,false,false,true,false,,2,3,1,true
46,Delta@256(BitPack),5184,false,false,false,false,false,256,2,0,2,true
46,Frame(RLE(FOR(BitPack))),5204,false,false,false,true,true,,2,3,3,false
46,Frame(Dictionary(BitPack)),5681,false,false,false,true,true,,2,2,2,false
46,Frame(Dictionary(RLE(BitPack))),5997,false,false,false,true,true,,2,2,3,false
46,RLE(FOR(BitPack)),10560,false,false,false,true,false,,2,3,2,true
46,Dictionary(BitPack),12000,false,false,false,true,false,,2,2,1,true
46,Dictionary(RLE(BitPack)),17504,false,false,false,true,false,,2,2,2,true
47,Frame(UnsignedDelta@10368(BitPack)),368,true,false,true,false,true,10368,4,0,3,false
47,Frame(Delta@256(BitPack)),503,false,false,true,false,true,256,3,0,3,false
47,Frame(UnsignedDelta@256(BitPack)),510,false,true,true,false,true,256,4,0,3,false
47,UnsignedDelta@10368(BitPack),14640,true,false,true,false,false,10368,4,0,2,false
47,UnsignedDelta@256(BitPack),14960,false,true,true,false,false,256,4,0,2,true
47,Delta@256(BitPack),16256,false,false,true,false,false,256,3,0,2,true
47,Frame(FOR(BitPack)),31141,false,false,true,true,true,,3,3,2,false
47,Frame(RLE(FOR(BitPack))),31754,false,false,true,true,true,,3,3,3,false
47,FOR(BitPack),32720,false,false,true,true,false,,3,3,1,true
47,Frame(Dictionary(BitPack)),38315,false,false,true,true,true,,3,2,2,false
47,Frame(Dictionary(RLE(BitPack))),38526,false,false,true,true,true,,3,2,3,false
47,RLE(FOR(BitPack)),76752,false,false,true,true,false,,3,3,2,true
47,Dictionary(BitPack),100960,false,false,true,true,false,,3,2,1,true
47,Dictionary(RLE(BitPack)),145056,false,false,true,true,false,,3,2,2,true
48,Frame(Delta@256(BitPack)),18855,false,false,false,false,true,256,2,0,3,false
48,Frame(FOR(BitPack)),20299,false,false,false,true,true,,2,3,2,false
48,FOR(BitPack),21056,false,false,false,true,false,,2,3,1,true
48,Delta@256(BitPack),21440,false,false,false,false,false,256,2,0,2,true
48,Frame(RLE(FOR(BitPack))),22539,false,false,false,true,true,,2,3,3,false
48,Frame(Dictionary(BitPack)),25833,false,false,false,true,true,,2,2,2,false
48,Frame(Dictionary(RLE(BitPack))),28454,false,false,false,true,true,,2,2,3,false
48,RLE(FOR(BitPack)),65088,false,false,false,true,false,,2,3,2,true
48,Dictionary(BitPack),81872,false,false,false,true,false,,2,2,1,true
48,Dictionary(RLE(BitPack)),125904,false,false,false,true,false,,2,2,2,true
49,Frame(UnsignedDelta@2560(BitPack)),2311,true,false,true,false,true,2560,4,0,3,false
49,Frame(Delta@256(BitPack)),2338,false,false,true,false,true,256,3,0,3,false
49,Frame(UnsignedDelta@256(BitPack)),2380,false,true,true,false,true,256,4,0,3,false
49,UnsignedDelta@2560(BitPack),5824,true,false,true,false,false,2560,4,0,2,false
49,UnsignedDelta@256(BitPack),5888,false,true,true,false,false,256,4,0,2,true
49,Delta@256(BitPack),6208,false,false,true,false,false,256,3,0,2,true
49,Frame(FOR(BitPack)),7561,false,false,true,true,true,,3,3,2,false
49,FOR(BitPack),7680,false,false,true,true,false,,3,3,1,true
49,Frame(RLE(FOR(BitPack))),7897,false,false,true,true,true,,3,3,3,false
49,Frame(Dictionary(BitPack)),9170,false,false,true,true,true,,3,2,2,false
49,Frame(Dictionary(RLE(BitPack))),9566,false,false,true,true,true,,3,2,3,false
49,RLE(FOR(BitPack)),18496,false,false,true,true,false,,3,3,2,true
49,Dictionary(BitPack),24128,false,false,true,true,false,,3,2,1,true
49,Dictionary(RLE(BitPack)),34944,false,false,true,true,false,,3,2,2,true
50,Frame(Delta@256(BitPack)),3696,false,false,false,false,true,256,2,0,3,false
50,Frame(FOR(BitPack)),4121,false,false,false,true,true,,2,3,2,false
50,FOR(BitPack),4480,false,false,false,true,false,,2,3,1,true
50,Frame(Dictionary(BitPack)),4634,false,false,false,true,true,,2,2,2,false
50,Frame(RLE(FOR(BitPack))),4802,false,false,false,true,true,,2,3,3,false
50,Delta@256(BitPack),4928,false,false,false,false,false,256,2,0,2,true
50,Frame(Dictionary(RLE(BitPack))),5363,false,false,false,true,true,,2,2,3,false
50,Dictionary(BitPack),9728,false,false,false,true,false,,2,2,1,true
50,RLE(FOR(BitPack)),15168,false,false,false,true,false,,2,3,2,true
50,Dictionary(RLE(BitPack)),20416,false,false,false,true,false,,2,2,2,true
51,Frame(Delta@256(BitPack)),2830,false,false,true,false,true,256,3,0,3,false
51,Frame(UnsignedDelta@2176(BitPack)),2898,true,false,true,false,true,2176,4,0,3,false
51,Frame(UnsignedDelta@256(BitPack)),2938,false,true,true,false,true,256,4,0,3,false
51,UnsignedDelta@2176(BitPack),5008,true,false,true,false,false,2176,4,0,2,false
51,UnsignedDelta@256(BitPack),5072,false,true,true,false,false,256,4,0,2,true
51,Delta@256(BitPack),5344,false,false,true,false,false,256,3,0,2,true
51,FOR(BitPack),6576,false,false,true,true,false,,3,3,1,true
51,Frame(FOR(BitPack)),6650,false,false,true,true,true,,3,3,2,false
51,Frame(RLE(FOR(BitPack))),6881,false,false,true,true,true,,3,3,3,false
51,Frame(Dictionary(BitPack)),7950,false,false,true,true,true,,3,2,2,false
51,Frame(Dictionary(RLE(BitPack))),8315,false,false,true,true,true,,3,2,3,false
51,RLE(FOR(BitPack)),15920,false,false,true,true,false,,3,3,2,true
51,Dictionary(BitPack),20864,false,false,true,true,false,,3,2,1,true
51,Dictionary(RLE(BitPack)),30208,false,false,true,true,false,,3,2,2,true
52,Frame(Delta@256(BitPack)),3328,false,false,false,false,true,256,2,0,3,false
52,Frame(FOR(BitPack)),3595,false,false,false,true,true,,2,3,2,false
52,FOR(BitPack),3856,false,false,false,true,false,,2,3,1,true
52,Frame(Dictionary(BitPack)),4022,false,false,false,true,true,,2,2,2,false
52,Frame(RLE(FOR(BitPack))),4204,false,false,false,true,true,,2,3,3,false
52,Delta@256(BitPack),4256,false,false,false,false,false,256,2,0,2,true
52,Frame(Dictionary(RLE(BitPack))),4665,false,false,false,true,true,,2,2,3,false
52,Dictionary(BitPack),8224,false,false,false,true,false,,2,2,1,true
52,RLE(FOR(BitPack)),13136,false,false,false,true,false,,2,3,2,true
52,Dictionary(RLE(BitPack)),17568,false,false,false,true,false,,2,2,2,true
53,Frame(Delta@256(BitPack)),1529,false,false,true,false,true,256,3,0,3,false
53,Frame(UnsignedDelta@2432(BitPack)),1639,true,false,true,false,true,2432,4,0,3,false
53,Frame(UnsignedDelta@256(BitPack)),1710,false,true,true,false,true,256,4,0,3,false
53,UnsignedDelta@2432(BitPack),6160,true,false,true,false,false,2432,4,0,2,false
53,UnsignedDelta@256(BitPack),6224,false,true,true,false,false,256,4,0,2,true
53,Delta@256(BitPack),6528,false,false,true,false,false,256,3,0,2,true
53,Frame(FOR(BitPack)),6616,false,false,true,true,true,,3,3,2,false
53,FOR(BitPack),6704,false,false,true,true,false,,3,3,1,true
53,Frame(RLE(FOR(BitPack))),6931,false,false,true,true,true,,3,3,3,false
53,Frame(Dictionary(BitPack)),8571,false,false,true,true,true,,3,2,2,false
53,Frame(Dictionary(RLE(BitPack))),8961,false,false,true,true,true,,3,2,3,false
53,RLE(FOR(BitPack)),17008,false,false,true,true,false,,3,3,2,true
53,Dictionary(BitPack),22976,false,false,true,true,false,,3,2,1,true
53,Dictionary(RLE(BitPack)),33280,false,false,true,true,false,,3,2,2,true
54,Frame(Dictionary(BitPack)),2764,false,false,false,true,true,,2,2,2,false
54,Frame(Dictionary(RLE(BitPack))),3514,false,false,false,true,true,,2,2,3,false
54,Frame(FOR(BitPack)),3619,false,false,false,true,true,,2,3,2,false
54,Frame(Delta@256(BitPack)),3692,false,false,false,false,true,256,2,0,3,false
54,FOR(BitPack),3968,false,false,false,true,false,,2,3,1,true
54,Delta@256(BitPack),4096,false,false,false,false,false,256,2,0,2,true
54,Dictionary(BitPack),4096,false,false,false,true,false,,2,2,1,true
54,Frame(RLE(FOR(BitPack))),4320,false,false,false,true,true,,2,3,3,false
54,RLE(FOR(BitPack)),14080,false,false,false,true,false,,2,3,2,true
54,Dictionary(RLE(BitPack)),14208,false,false,false,true,false,,2,2,2,true
55,Frame(Delta@256(BitPack)),1506,false,false,true,false,true,256,3,0,3,false
55,Frame(UnsignedDelta@2560(BitPack)),1587,true,false,true,false,true,2560,4,0,3,false
55,Frame(UnsignedDelta@256(BitPack)),1643,false,true,true,false,true,256,4,0,3,false
55,UnsignedDelta@2560(BitPack),6464,true,false,true,false,false,2560,4,0,2,false
55,UnsignedDelta@256(BitPack),6528,false,true,true,false,false,256,4,0,2,true
55,Delta@256(BitPack),6848,false,false,true,false,false,256,3,0,2,true
55,Frame(FOR(BitPack)),6901,false,false,true,true,true,,3,3,2,false
55,FOR(BitPack),7040,false,false,true,true,false,,3,3,1,true
55,Frame(RLE(FOR(BitPack))),7483,false,false,true,true,true,,3,3,3,false
55,Frame(Dictionary(BitPack)),9208,false,false,true,true,true,,3,2,2,false
55,Frame(Dictionary(RLE(BitPack))),9657,false,false,true,true,true,,3,2,3,false
55,RLE(FOR(BitPack)),17856,false,false,true,true,false,,3,3,2,true
55,Dictionary(BitPack),24128,false,false,true,true,false,,3,2,1,true
55,Dictionary(RLE(BitPack)),34944,false,false,true,true,false,,3,2,2,true
56,Frame(Dictionary(BitPack)),3622,false,false,false,true,true,,2,2,2,false
56,Frame(Delta@256(BitPack)),4289,false,false,false,false,true,256,2,0,3,false
56,Frame(FOR(BitPack)),4306,false,false,false,true,true,,2,3,2,false
56,Frame(Dictionary(RLE(BitPack))),4396,false,false,false,true,true,,2,2,3,false
56,FOR(BitPack),4480,false,false,false,true,false,,2,3,1,true
56,Delta@256(BitPack),4608,false,false,false,false,false,256,2,0,2,true
56,Frame(RLE(FOR(BitPack))),5014,false,false,false,true,true,,2,3,3,false
56,Dictionary(BitPack),5760,false,false,false,true,false,,2,2,1,true
56,RLE(FOR(BitPack)),15232,false,false,false,true,false,,2,3,2,true
56,Dictionary(RLE(BitPack)),16512,false,false,false,true,false,,2,2,2,true
57,Frame(Delta@256(BitPack)),1612,false,false,true,false,true,256,3,0,3,false
57,Frame(UnsignedDelta@2560(BitPack)),1713,true,false,true,false,true,2560,4,0,3,false
57,Frame(UnsignedDelta@256(BitPack)),1784,false,true,true,false,true,256,4,0,3,false
57,UnsignedDelta@2560(BitPack),6464,true,false,true,false,false,2560,4,0,2,false
57,UnsignedDelta@256(BitPack),6528,false,true,true,false,false,256,4,0,2,true
57,Delta@256(BitPack),6848,false,false,true,false,false,256,3,0,2,true
57,Frame(FOR(BitPack)),6932,false,false,true,true,true,,3,3,2,false
57,FOR(BitPack),7040,false,false,true,true,false,,3,3,1,true
57,Frame(RLE(FOR(BitPack))),7268,false,false,true,true,true,,3,3,3,false
57,Frame(Dictionary(BitPack)),8989,false,false,true,true,true,,3,2,2,false
57,Frame(Dictionary(RLE(BitPack))),9385,false,false,true,true,true,,3,2,3,false
57,RLE(FOR(BitPack)),17856,false,false,true,true,false,,3,3,2,true
57,Dictionary(BitPack),24128,false,false,true,true,false,,3,2,1,true
57,Dictionary(RLE(BitPack)),34944,false,false,true,true,false,,3,2,2,true
58,Frame(Dictionary(BitPack)),2372,false,false,false,true,true,,2,2,2,false
58,Frame(Delta@256(BitPack)),2427,false,false,false,false,true,256,2,0,3,false
58,Frame(FOR(BitPack)),2533,false,false,false,true,true,,2,3,2,false
58,FOR(BitPack),2560,false,false,false,true,false,,2,3,1,true
58,Delta@256(BitPack),2688,false,false,false,false,false,256,2,0,2,true
58,Dictionary(BitPack),2688,false,false,false,true,false,,2,2,1,true
58,Frame(Dictionary(RLE(BitPack))),3225,false,false,false,true,true,,2,2,3,false
58,Frame(RLE(FOR(BitPack))),3436,false,false,false,true,true,,2,3,3,false
58,RLE(FOR(BitPack)),12752,false,false,false,true,false,,2,3,2,true
58,Dictionary(RLE(BitPack)),12896,false,false,false,true,false,,2,2,2,true
59,Frame(Delta@256(BitPack)),975,false,false,true,false,true,256,3,0,3,false
59,Frame(UnsignedDelta@1152(BitPack)),1134,true,false,true,false,true,1152,4,0,3,false
59,Frame(UnsignedDelta@256(BitPack)),1162,false,true,true,false,true,256,4,0,3,false
59,UnsignedDelta@1152(BitPack),2544,true,false,true,false,false,1152,4,0,2,false
59,UnsignedDelta@256(BitPack),2544,false,true,true,false,false,256,4,0,2,true
59,Delta@256(BitPack),2688,false,false,true,false,false,256,3,0,2,true
59,Frame(FOR(BitPack)),3166,false,false,true,true,true,,3,3,2,false
59,FOR(BitPack),3200,false,false,true,true,false,,3,3,1,true
59,Frame(RLE(FOR(BitPack))),3456,false,false,true,true,true,,3,3,3,false
59,Frame(Dictionary(BitPack)),4224,false,false,true,true,true,,3,2,2,false
59,Frame(Dictionary(RLE(BitPack))),4520,false,false,true,true,true,,3,2,3,false
59,RLE(FOR(BitPack)),8192,false,false,true,true,false,,3,3,2,true
59,Dictionary(BitPack),10864,false,false,true,true,false,,3,2,1,true
59,Dictionary(RLE(BitPack)),15856,false,false,true,true,false,,3,2,2,true
60,Frame(Delta@256(BitPack)),1207,false,false,false,false,true,256,2,0,3,false
60,Frame(Dictionary(BitPack)),1279,false,false,false,true,true,,2,2,2,false
60,FOR(BitPack),1328,false,false,false,true,false,,2,3,1,true
60,Frame(FOR(BitPack)),1329,false,false,false,true,true,,2,3,2,false
60,Delta@256(BitPack),1392,false,false,false,false,false,256,2,0,2,true
60,Dictionary(BitPack),1632,false,false,false,true,false,,2,2,1,true
60,Frame(Dictionary(RLE(BitPack))),1869,false,false,false,true,true,,2,2,3,false
60,Frame(RLE(FOR(BitPack))),1875,false,false,false,true,true,,2,3,3,false
60,RLE(FOR(BitPack)),5872,false,false,false,true,false,,2,3,2,true
60,Dictionary(RLE(BitPack)),6240,false,false,false,true,false,,2,2,2,true
61,Frame(Delta@256(BitPack)),1502,false,false,true,false,true,256,3,0,3,false
61,Frame(UnsignedDelta@2560(BitPack)),1588,true,false,true,false,true,2560,4,0,3,false
61,Frame(UnsignedDelta@256(BitPack)),1654,false,true,true,false,true,256,4,0,3,false
61,UnsignedDelta@2560(BitPack),6464,true,false,true,false,false,2560,4,0,2,false
61,UnsignedDelta@256(BitPack),6528,false,true,true,false,false,256,4,0,2,true
61,Delta@256(BitPack),6848,false,false,true,false,false,256,3,0,2,true
61,Frame(FOR(BitPack)),6904,false,false,true,true,true,,3,3,2,false
61,FOR(BitPack),7040,false,false,true,true,false,,3,3,1,true
61,Frame(RLE(FOR(BitPack))),7470,false,false,true,true,true,,3,3,3,false
61,Frame(Dictionary(BitPack)),9183,false,false,true,true,true,,3,2,2,false
61,Frame(Dictionary(RLE(BitPack))),9625,false,false,true,true,true,,3,2,3,false
61,RLE(FOR(BitPack)),17792,false,false,true,true,false,,3,3,2,true
61,Dictionary(BitPack),24064,false,false,true,true,false,,3,2,1,true
61,Dictionary(RLE(BitPack)),34880,false,false,true,true,false,,3,2,2,true
62,Frame(Delta@256(BitPack)),2074,false,false,false,false,true,256,2,0,3,false
62,Frame(Dictionary(BitPack)),2086,false,false,false,true,true,,2,2,2,false
62,Frame(FOR(BitPack)),2294,false,false,false,true,true,,2,3,2,false
62,FOR(BitPack),2560,false,false,false,true,false,,2,3,1,true
62,Dictionary(BitPack),2624,false,false,false,true,false,,2,2,1,true
62,Delta@256(BitPack),2688,false,false,false,false,false,256,2,0,2,true
62,Frame(Dictionary(RLE(BitPack))),3083,false,false,false,true,true,,2,2,3,false
62,Frame(RLE(FOR(BitPack))),3302,false,false,false,true,true,,2,3,3,false
62,RLE(FOR(BitPack)),11872,false,false,false,true,false,,2,3,2,true
62,Dictionary(RLE(BitPack)),12032,false,false,false,true,false,,2,2,2,true
63,Frame(UnsignedDelta@16000(BitPack)),362,true,false,true,false,true,16000,4,0,3,false
63,Frame(Delta@256(BitPack)),521,false,false,true,false,true,256,3,0,3,false
63,Frame(UnsignedDelta@256(BitPack)),526,false,true,true,false,true,256,4,0,3,false
63,UnsignedDelta@16000(BitPack),18384,true,false,true,false,false,16000,4,0,2,false
63,UnsignedDelta@256(BitPack),18832,false,true,true,false,false,256,4,0,2,true
63,Delta@256(BitPack),20832,false,false,true,false,false,256,3,0,2,true
63,Frame(FOR(BitPack)),44540,false,false,true,true,true,,3,3,2,false
63,Frame(RLE(FOR(BitPack))),45330,false,false,true,true,true,,3,3,3,false
63,FOR(BitPack),46320,false,false,true,true,false,,3,3,1,true
63,Frame(Dictionary(BitPack)),58436,false,false,true,true,true,,3,2,2,false
63,Frame(Dictionary(RLE(BitPack))),59102,false,false,true,true,true,,3,2,3,false
63,RLE(FOR(BitPack)),114096,false,false,true,true,false,,3,3,2,true
63,Dictionary(BitPack),155488,false,false,true,true,false,,3,2,1,true
63,Dictionary(RLE(BitPack)),223264,false,false,true,true,false,,3,2,2,true
64,Frame(Delta@256(BitPack)),18983,false,false,false,false,true,256,2,0,3,false
64,Frame(Dictionary(BitPack)),19403,false,false,false,true,true,,2,2,2,false
64,Frame(FOR(BitPack)),21101,false,false,false,true,true,,2,3,2,false
64,Frame(Dictionary(RLE(BitPack))),23456,false,false,false,true,true,,2,2,3,false
64,Frame(RLE(FOR(BitPack))),24535,false,false,false,true,true,,2,3,3,false
64,Dictionary(BitPack),25312,false,false,false,true,false,,2,2,1,true
64,FOR(BitPack),28320,false,false,false,true,false,,2,3,1,true
64,Delta@256(BitPack),28832,false,false,false,false,false,256,2,0,2,true
64,Dictionary(RLE(BitPack)),90464,false,false,false,true,false,,2,2,2,true
64,RLE(FOR(BitPack)),93152,false,false,false,true,false,,2,3,2,true
65,Frame(UnsignedDelta@15872(BitPack)),359,true,false,true,false,true,15872,4,0,3,false
65,Frame(Delta@256(BitPack)),517,false,false,true,false,true,256,3,0,3,false
65,Frame(UnsignedDelta@256(BitPack)),524,false,true,true,false,true,256,4,0,3,false
65,UnsignedDelta@15872(BitPack),18240,true,false,true,false,false,15872,4,0,2,false
65,UnsignedDelta@256(BitPack),18688,false,true,true,false,false,256,4,0,2,true
65,Delta@256(BitPack),20672,false,false,true,false,false,256,3,0,2,true
65,Frame(FOR(BitPack)),44392,false,false,true,true,true,,3,3,2,false
65,Frame(RLE(FOR(BitPack))),45175,false,false,true,true,true,,3,3,3,false
65,FOR(BitPack),45952,false,false,true,true,false,,3,3,1,true
65,Frame(Dictionary(BitPack)),58110,false,false,true,true,true,,3,2,2,false
65,Frame(Dictionary(RLE(BitPack))),58886,false,false,true,true,true,,3,2,3,false
65,RLE(FOR(BitPack)),113408,false,false,true,true,false,,3,3,2,true
65,Dictionary(BitPack),154688,false,false,true,true,false,,3,2,1,true
65,Dictionary(RLE(BitPack)),222208,false,false,true,true,false,,3,2,2,true
66,Frame(Dictionary(BitPack)),13831,false,false,false,true,true,,2,2,2,false
66,Frame(Delta@256(BitPack)),16163,false,false,false,false,true,256,2,0,3,false
66,Dictionary(BitPack),17920,false,false,false,true,false,,2,2,1,true
66,Frame(Dictionary(RLE(BitPack))),18104,false,false,false,true,true,,2,2,3,false
66,Frame(FOR(BitPack)),18934,false,false,false,true,true,,2,3,2,false
66,FOR(BitPack),22144,false,false,false,true,false,,2,3,1,true
66,Frame(RLE(FOR(BitPack))),22663,false,false,false,true,true,,2,3,3,false
66,Delta@256(BitPack),24640,false,false,false,false,false,256,2,0,2,true
66,Dictionary(RLE(BitPack)),82688,false,false,false,true,false,,2,2,2,true
66,RLE(FOR(BitPack)),86656,false,false,false,true,false,,2,3,2,true
67,Frame(UnsignedDelta@16000(BitPack)),362,true,false,true,false,true,16000,4,0,3,false
67,Frame(Delta@256(BitPack)),521,false,false,true,false,true,256,3,0,3,false
67,Frame(UnsignedDelta@256(BitPack)),526,false,true,true,false,true,256,4,0,3,false
67,UnsignedDelta@16000(BitPack),18384,true,false,true,false,false,16000,4,0,2,false
67,UnsignedDelta@256(BitPack),18832,false,true,true,false,false,256,4,0,2,true
67,Delta@256(BitPack),20832,false,false,true,false,false,256,3,0,2,true
67,Frame(FOR(BitPack)),44540,false,false,true,true,true,,3,3,2,false
67,Frame(RLE(FOR(BitPack))),45330,false,false,true,true,true,,3,3,3,false
67,FOR(BitPack),46320,false,false,true,true,false,,3,3,1,true
67,Frame(Dictionary(BitPack)),58436,false,false,true,true,true,,3,2,2,false
67,Frame(Dictionary(RLE(BitPack))),59102,false,false,true,true,true,,3,2,3,false
67,RLE(FOR(BitPack)),114096,false,false,true,true,false,,3,3,2,true
67,Dictionary(BitPack),155488,false,false,true,true,false,,3,2,1,true
67,Dictionary(RLE(BitPack)),223264,false,false,true,true,false,,3,2,2,true
68,Frame(FOR(BitPack)),7782,false,false,false,true,true,,2,3,2,false
68,Frame(Dictionary(BitPack)),8615,false,false,false,true,true,,2,2,2,false
68,Frame(Delta@256(BitPack)),10398,false,false,false,false,true,256,2,0,3,false
68,Dictionary(BitPack),12640,false,false,false,true,false,,2,2,1,true
68,Frame(RLE(FOR(BitPack))),13055,false,false,false,true,true,,2,3,3,false
68,Frame(Dictionary(RLE(BitPack))),13784,false,false,false,true,true,,2,2,3,false
68,FOR(BitPack),16320,false,false,false,true,false,,2,3,1,true
68,Delta@256(BitPack),18832,false,false,false,false,false,256,2,0,2,true
68,Dictionary(RLE(BitPack)),63712,false,false,false,true,false,,2,2,2,true
68,RLE(FOR(BitPack)),66560,false,false,false,true,false,,2,3,2,true
69,Frame(UnsignedDelta@15872(BitPack)),360,true,false,true,false,true,15872,4,0,3,false
69,Frame(Delta@256(BitPack)),519,false,false,true,false,true,256,3,0,3,false
69,Frame(UnsignedDelta@256(BitPack)),523,false,true,true,false,true,256,4,0,3,false
69,UnsignedDelta@15872(BitPack),18240,true,false,true,false,false,15872,4,0,2,false
69,UnsignedDelta@256(BitPack),18688,false,true,true,false,false,256,4,0,2,true
69,Delta@256(BitPack),20672,false,false,true,false,false,256,3,0,2,true
69,Frame(FOR(BitPack)),44407,false,false,true,true,true,,3,3,2,false
69,Frame(RLE(FOR(BitPack))),45191,false,false,true,true,true,,3,3,3,false
69,FOR(BitPack),45952,false,false,true,true,false,,3,3,1,true
69,Frame(Dictionary(BitPack)),58151,false,false,true,true,true,,3,2,2,false
69,Frame(Dictionary(RLE(BitPack))),58933,false,false,true,true,true,,3,2,3,false
69,RLE(FOR(BitPack)),113536,false,false,true,true,false,,3,3,2,true
69,Dictionary(BitPack),154880,false,false,true,true,false,,3,2,1,true
69,Dictionary(RLE(BitPack)),222464,false,false,true,true,false,,3,2,2,true
70,Frame(Dictionary(BitPack)),3877,false,false,false,true,true,,2,2,2,false
70,Frame(FOR(BitPack)),3913,false,false,false,true,true,,2,3,2,false
70,Frame(Delta@256(BitPack)),4769,false,false,false,false,true,256,2,0,3,false
70,Frame(RLE(FOR(BitPack))),6087,false,false,false,true,true,,2,3,3,false
70,Frame(Dictionary(RLE(BitPack))),6183,false,false,false,true,true,,2,2,3,false
70,Dictionary(BitPack),10368,false,false,false,true,false,,2,2,1,true
70,FOR(BitPack),12224,false,false,false,true,false,,2,3,1,true
70,Delta@256(BitPack),14720,false,false,false,false,false,256,2,0,2,true
70,Dictionary(RLE(BitPack)),26992,false,false,false,true,false,,2,2,2,true
70,RLE(FOR(BitPack)),27488,false,false,false,true,false,,2,3,2,true
71,Frame(UnsignedDelta@15872(BitPack)),360,true,false,true,false,true,15872,4,0,3,false
71,Frame(Delta@256(BitPack)),518,false,false,true,false,true,256,3,0,3,false
71,Frame(UnsignedDelta@256(BitPack)),524,false,true,true,false,true,256,4,0,3,false
71,UnsignedDelta@15872(BitPack),18240,true,false,true,false,false,15872,4,0,2,false
71,UnsignedDelta@256(BitPack),18688,false,true,true,false,false,256,4,0,2,true
71,Delta@256(BitPack),20672,false,false,true,false,false,256,3,0,2,true
71,Frame(FOR(BitPack)),44394,false,false,true,true,true,,3,3,2,false
71,Frame(RLE(FOR(BitPack))),45177,false,false,true,true,true,,3,3,3,false
71,FOR(BitPack),45952,false,false,true,true,false,,3,3,1,true
71,Frame(Dictionary(BitPack)),58118,false,false,true,true,true,,3,2,2,false
71,Frame(Dictionary(RLE(BitPack))),58890,false,false,true,true,true,,3,2,3,false
71,RLE(FOR(BitPack)),113408,false,false,true,true,false,,3,3,2,true
71,Dictionary(BitPack),154752,false,false,true,true,false,,3,2,1,true
71,Dictionary(RLE(BitPack)),222208,false,false,true,true,false,,3,2,2,true
72,Frame(Dictionary(BitPack)),11428,false,false,false,true,true,,2,2,2,false
72,Frame(Delta@256(BitPack)),14666,false,false,false,false,true,256,2,0,3,false
72,Frame(FOR(BitPack)),15828,false,false,false,true,true,,2,3,2,false
72,Frame(Dictionary(RLE(BitPack))),16254,false,false,false,true,true,,2,2,3,false
72,Dictionary(BitPack),17408,false,false,false,true,false,,2,2,1,true
72,Frame(RLE(FOR(BitPack))),20072,false,false,false,true,true,,2,3,3,false
72,FOR(BitPack),22144,false,false,false,true,false,,2,3,1,true
72,Delta@256(BitPack),22656,false,false,false,false,false,256,2,0,2,true
72,Dictionary(RLE(BitPack)),79552,false,false,false,true,false,,2,2,2,true
72,RLE(FOR(BitPack)),83904,false,false,false,true,false,,2,3,2,true
73,Frame(UnsignedDelta@15872(BitPack)),360,true,false,true,false,true,15872,4,0,3,false
73,Frame(Delta@256(BitPack)),518,false,false,true,false,true,256,3,0,3,false
73,Frame(UnsignedDelta@256(BitPack)),523,false,true,true,false,true,256,4,0,3,false
73,UnsignedDelta@15872(BitPack),18240,true,false,true,false,false,15872,4,0,2,false
73,UnsignedDelta@256(BitPack),18688,false,true,true,false,false,256,4,0,2,true
73,Delta@256(BitPack),20672,false,false,true,false,false,256,3,0,2,true
73,Frame(FOR(BitPack)),44400,false,false,true,true,true,,3,3,2,false
73,Frame(RLE(FOR(BitPack))),45182,false,false,true,true,true,,3,3,3,false
73,FOR(BitPack),45952,false,false,true,true,false,,3,3,1,true
73,Frame(Dictionary(BitPack)),58136,false,false,true,true,true,,3,2,2,false
73,Frame(Dictionary(RLE(BitPack))),58905,false,false,true,true,true,,3,2,3,false
73,RLE(FOR(BitPack)),113472,false,false,true,true,false,,3,3,2,true
73,Dictionary(BitPack),154816,false,false,true,true,false,,3,2,1,true
73,Dictionary(RLE(BitPack)),222336,false,false,true,true,false,,3,2,2,true
74,Frame(Dictionary(BitPack)),11917,false,false,false,true,true,,2,2,2,false
74,Frame(Delta@256(BitPack)),14337,false,false,false,false,true,256,2,0,3,false
74,Frame(FOR(BitPack)),15165,false,false,false,true,true,,2,3,2,false
74,Frame(Dictionary(RLE(BitPack))),16630,false,false,false,true,true,,2,2,3,false
74,Dictionary(BitPack),17536,false,false,false,true,false,,2,2,1,true
74,FOR(BitPack),18176,false,false,false,true,false,,2,3,1,true
74,Frame(RLE(FOR(BitPack))),19321,false,false,false,true,true,,2,3,3,false
74,Delta@256(BitPack),20672,false,false,false,false,false,256,2,0,2,true
74,Dictionary(RLE(BitPack)),80128,false,false,false,true,false,,2,2,2,true
74,RLE(FOR(BitPack)),80656,false,false,false,true,false,,2,3,2,true
75,Frame(UnsignedDelta@16000(BitPack)),363,true,false,true,false,true,16000,4,0,3,false
75,Frame(Delta@256(BitPack)),521,false,false,true,false,true,256,3,0,3,false
75,Frame(UnsignedDelta@256(BitPack)),527,false,true,true,false,true,256,4,0,3,false
75,UnsignedDelta@16000(BitPack),18384,true,false,true,false,false,16000,4,0,2,false
75,UnsignedDelta@256(BitPack),18832,false,true,true,false,false,256,4,0,2,true
75,Delta@256(BitPack),20832,false,false,true,false,false,256,3,0,2,true
75,Frame(FOR(BitPack)),44535,false,false,true,true,true,,3,3,2,false
75,Frame(RLE(FOR(BitPack))),45325,false,false,true,true,true,,3,3,3,false
75,FOR(BitPack),46320,false,false,true,true,false,,3,3,1,true
75,Frame(Dictionary(BitPack)),58333,false,false,true,true,true,,3,2,2,false
75,Frame(Dictionary(RLE(BitPack))),59087,false,false,true,true,true,,3,2,3,false
75,RLE(FOR(BitPack)),114032,false,false,true,true,false,,3,3,2,true
75,Dictionary(BitPack),155424,false,false,true,true,false,,3,2,1,true
75,Dictionary(RLE(BitPack)),223200,false,false,true,true,false,,3,2,2,true
76,Frame(FOR(BitPack)),8323,false,false,false,true,true,,2,3,2,false
76,Frame(Delta@256(BitPack)),8585,false,false,false,false,true,256,2,0,3,false
76,Frame(Dictionary(BitPack)),10212,false,false,false,true,true,,2,2,2,false
76,Frame(RLE(FOR(BitPack))),13701,false,false,false,true,true,,2,3,3,false
76,Dictionary(BitPack),14832,false,false,false,true,false,,2,2,1,true
76,Frame(Dictionary(RLE(BitPack))),15223,false,false,false,true,true,,2,2,3,false
76,FOR(BitPack),16320,false,false,false,true,false,,2,3,1,true
76,Delta@256(BitPack),16832,false,false,false,false,false,256,2,0,2,true
76,Dictionary(RLE(BitPack)),68992,false,false,false,true,false,,2,2,2,true
76,RLE(FOR(BitPack)),70144,false,false,false,true,false,,2,3,2,true
77,Frame(UnsignedDelta@15872(BitPack)),360,true,false,true,false,true,15872,4,0,3,false
77,Frame(Delta@256(BitPack)),516,false,false,true,false,true,256,3,0,3,false
77,Frame(UnsignedDelta@256(BitPack)),525,false,true,true,false,true,256,4,0,3,false
77,UnsignedDelta@15872(BitPack),18240,true,false,true,false,false,15872,4,0,2,false
77,UnsignedDelta@256(BitPack),18688,false,true,true,false,false,256,4,0,2,true
77,Delta@256(BitPack),20672,false,false,true,false,false,256,3,0,2,true
77,Frame(FOR(BitPack)),44405,false,false,true,true,true,,3,3,2,false
77,Frame(RLE(FOR(BitPack))),45186,false,false,true,true,true,,3,3,3,false
77,FOR(BitPack),45952,false,false,true,true,false,,3,3,1,true
77,Frame(Dictionary(BitPack)),58150,false,false,true,true,true,,3,2,2,false
77,Frame(Dictionary(RLE(BitPack))),58930,false,false,true,true,true,,3,2,3,false
77,RLE(FOR(BitPack)),113472,false,false,true,true,false,,3,3,2,true
77,Dictionary(BitPack),154880,false,false,true,true,false,,3,2,1,true
77,Dictionary(RLE(BitPack)),222464,false,false,true,true,false,,3,2,2,true
78,Frame(Dictionary(BitPack)),10433,false,false,false,true,true,,2,2,2,false
78,Frame(FOR(BitPack)),13158,false,false,false,true,true,,2,3,2,false
78,Frame(Delta@256(BitPack)),14723,false,false,false,false,true,256,2,0,3,false
78,Frame(Dictionary(RLE(BitPack))),15627,false,false,false,true,true,,2,2,3,false
78,Dictionary(BitPack),17472,false,false,false,true,false,,2,2,1,true
78,Frame(RLE(FOR(BitPack))),18218,false,false,false,true,true,,2,3,3,false
78,FOR(BitPack),24128,false,false,false,true,false,,2,3,1,true
78,Delta@256(BitPack),26624,false,false,false,false,false,256,2,0,2,true
78,Dictionary(RLE(BitPack)),77568,false,false,false,true,false,,2,2,2,true
78,RLE(FOR(BitPack)),83520,false,false,false,true,false,,2,3,2,true
79,Frame(UnsignedDelta@15872(BitPack)),360,true,false,true,false,true,15872,4,0,3,false
79,Frame(Delta@256(BitPack)),513,false,false,true,false,true,256,3,0,3,false
79,Frame(UnsignedDelta@256(BitPack)),520,false,true,true,false,true,256,4,0,3,false
79,UnsignedDelta@15872(BitPack),18240,true,false,true,false,false,15872,4,0,2,false
79,UnsignedDelta@256(BitPack),18688,false,true,true,false,false,256,4,0,2,true
79,Delta@256(BitPack),20672,false,false,true,false,false,256,3,0,2,true
79,Frame(FOR(BitPack)),44410,false,false,true,true,true,,3,3,2,false
79,Frame(RLE(FOR(BitPack))),45194,false,false,true,true,true,,3,3,3,false
79,FOR(BitPack),45952,false,false,true,true,false,,3,3,1,true
79,Frame(Dictionary(BitPack)),58164,false,false,true,true,true,,3,2,2,false
79,Frame(Dictionary(RLE(BitPack))),58941,false,false,true,true,true,,3,2,3,false
79,RLE(FOR(BitPack)),113536,false,false,true,true,false,,3,3,2,true
79,Dictionary(BitPack),154944,false,false,true,true,false,,3,2,1,true
79,Dictionary(RLE(BitPack)),222528,false,false,true,true,false,,3,2,2,true
80,Frame(Dictionary(BitPack)),5459,false,false,false,true,true,,2,2,2,false
80,Frame(FOR(BitPack)),5506,false,false,false,true,true,,2,3,2,false
80,Frame(Delta@256(BitPack)),6842,false,false,false,false,true,256,2,0,3,false
80,Frame(RLE(FOR(BitPack))),9446,false,false,false,true,true,,2,3,3,false
80,Frame(Dictionary(RLE(BitPack))),9448,false,false,false,true,true,,2,2,3,false
80,Dictionary(BitPack),10368,false,false,false,true,false,,2,2,1,true
80,FOR(BitPack),12224,false,false,false,true,false,,2,3,1,true
80,Delta@256(BitPack),14720,false,false,false,false,false,256,2,0,2,true
80,Dictionary(RLE(BitPack)),42880,false,false,false,true,false,,2,2,2,true
80,RLE(FOR(BitPack)),43776,false,false,false,true,false,,2,3,2,true
81,Frame(UnsignedDelta@15872(BitPack)),362,true,false,true,false,true,15872,4,0,3,false
81,Frame(Delta@256(BitPack)),515,false,false,true,false,true,256,3,0,3,false
81,Frame(UnsignedDelta@256(BitPack)),521,false,true,true,false,true,256,4,0,3,false
81,UnsignedDelta@15872(BitPack),18240,true,false,true,false,false,15872,4,0,2,false
81,UnsignedDelta@256(BitPack),18688,false,true,true,false,false,256,4,0,2,true
81,Delta@256(BitPack),20672,false,false,true,false,false,256,3,0,2,true
81,Frame(FOR(BitPack)),44416,false,false,true,true,true,,3,3,2,false
81,Frame(RLE(FOR(BitPack))),45197,false,false,true,true,true,,3,3,3,false
81,FOR(BitPack),45952,false,false,true,true,false,,3,3,1,true
81,Frame(Dictionary(BitPack)),58175,false,false,true,true,true,,3,2,2,false
81,Frame(Dictionary(RLE(BitPack))),58957,false,false,true,true,true,,3,2,3,false
81,RLE(FOR(BitPack)),113536,false,false,true,true,false,,3,3,2,true
81,Dictionary(BitPack),155008,false,false,true,true,false,,3,2,1,true
81,Dictionary(RLE(BitPack)),222592,false,false,true,true,false,,3,2,2,true
82,Frame(FOR(BitPack)),7563,false,false,false,true,true,,2,3,2,false
82,Frame(Dictionary(BitPack)),7801,false,false,false,true,true,,2,2,2,false
82,Frame(Delta@256(BitPack)),9976,false,false,false,false,true,256,2,0,3,false
82,Frame(RLE(FOR(BitPack))),12415,false,false,false,true,true,,2,3,3,false
82,Frame(Dictionary(RLE(BitPack))),12932,false,false,false,true,true,,2,2,3,false
82,FOR(BitPack),16192,false,false,false,true,false,,2,3,1,true
82,Dictionary(BitPack),17664,false,false,false,true,false,,2,2,1,true
82,Delta@256(BitPack),18688,false,false,false,false,false,256,2,0,2,true
82,RLE(FOR(BitPack)),61504,false,false,false,true,false,,2,3,2,true
82,Dictionary(RLE(BitPack)),63040,false,false,false,true,false,,2,2,2,true
83,Frame(FOR(BitPack)),19163,false,false,false,true,true,,2,3,2,false
83,Frame(Dictionary(BitPack)),19200,false,false,false,true,true,,2,2,2,false
83,Frame(Delta@256(BitPack)),22032,false,false,false,false,true,256,2,0,3,false
83,FOR(BitPack),33088,false,false,false,true,false,,2,3,1,true
83,Dictionary(BitPack),33152,false,false,false,true,false,,2,2,1,true
83,Frame(RLE(FOR(BitPack))),33219,false,false,false,true,true,,2,3,3,false
83,Frame(Dictionary(RLE(BitPack))),33247,false,false,false,true,true,,2,2,3,false
83,Delta@256(BitPack),43328,false,false,false,false,false,256,2,0,2,true
83,RLE(FOR(BitPack)),155456,false,false,false,true,false,,2,3,2,true
83,Dictionary(RLE(BitPack)),155584,false,false,false,true,false,,2,2,2,true
84,FOR(BitPack),205120,false,false,false,true,false,,2,3,1,true
84,Frame(FOR(BitPack)),205199,false,false,false,true,true,,2,3,2,false
84,Frame(Delta@256(BitPack)),205968,false,false,false,false,true,256,2,0,3,false
84,Delta@256(BitPack),207168,false,false,false,false,false,256,2,0,2,true
84,Frame(RLE(FOR(BitPack))),209870,false,false,false,true,true,,2,3,3,false
84,Frame(Dictionary(BitPack)),251480,false,false,false,true,true,,2,2,2,false
84,Frame(Dictionary(RLE(BitPack))),256755,false,false,false,true,true,,2,2,3,false
84,RLE(FOR(BitPack)),483840,false,false,false,true,false,,2,3,2,true
84,Dictionary(BitPack),651712,false,false,false,true,false,,2,2,1,true
84,Dictionary(RLE(BitPack)),930496,false,false,false,true,false,,2,2,2,true
85,Frame(Dictionary(BitPack)),560,false,false,false,true,true,,2,2,2,false
85,Frame(FOR(BitPack)),585,false,false,false,true,true,,2,3,2,false
85,Frame(Delta@256(BitPack)),648,false,false,false,false,true,256,2,0,3,false
85,Frame(Dictionary(RLE(BitPack))),658,false,false,false,true,true,,2,2,3,false
85,Frame(RLE(FOR(BitPack))),662,false,false,false,true,true,,2,3,3,false
85,Dictionary(RLE(BitPack)),688,false,false,false,true,false,,2,2,2,true
85,RLE(FOR(BitPack)),800,false,false,false,true,false,,2,3,2,true
85,Dictionary(BitPack),24896,false,false,false,true,false,,2,2,1,true
85,FOR(BitPack),82240,false,false,false,true,false,,2,3,1,true
85,Delta@256(BitPack),92480,false,false,false,false,false,256,2,0,2,true
86,Frame(FOR(BitPack)),401,false,false,false,true,true,,2,3,2,false
86,Frame(Dictionary(BitPack)),412,false,false,false,true,true,,2,2,2,false
86,Frame(Delta@256(BitPack)),457,false,false,false,false,true,256,2,0,3,false
86,Frame(Dictionary(RLE(BitPack))),595,false,false,false,true,true,,2,2,3,false
86,Frame(RLE(FOR(BitPack))),595,false,false,false,true,true,,2,3,3,false
86,Dictionary(RLE(BitPack)),608,false,false,false,true,false,,2,2,2,true
86,RLE(FOR(BitPack)),640,false,false,false,true,false,,2,3,2,true
86,Dictionary(BitPack),16704,false,false,false,true,false,,2,2,1,true
86,FOR(BitPack),33088,false,false,false,true,false,,2,3,1,true
86,Delta@256(BitPack),43328,false,false,false,false,false,256,2,0,2,true
87,Frame(FOR(BitPack)),28248,false,false,false,true,true,,2,3,2,false
87,Frame(RLE(FOR(BitPack))),33631,false,false,false,true,true,,2,3,3,false
87,Frame(Delta@256(BitPack)),35668,false,false,false,false,true,256,2,0,3,false
87,Frame(Dictionary(RLE(BitPack))),41833,false,false,false,true,true,,2,2,3,false
87,Frame(Dictionary(BitPack)),56992,false,false,false,true,true,,2,2,2,false
87,RLE(FOR(BitPack)),64256,false,false,false,true,false,,2,3,2,true
87,Dictionary(RLE(BitPack)),116112,false,false,false,true,false,,2,2,2,true
87,Dictionary(BitPack),170816,false,false,false,true,false,,2,2,1,true
87,FOR(BitPack),196928,false,false,false,true,false,,2,3,1,true
87,Delta@256(BitPack),207168,false,false,false,false,false,256,2,0,2,true
88,Frame(Dictionary(BitPack)),36060,false,false,false,true,true,,2,2,2,false
88,Frame(FOR(BitPack)),48623,false,false,false,true,true,,2,3,2,false
88,Frame(Delta@256(BitPack)),51673,false,false,false,false,true,256,2,0,3,false
88,Frame(Dictionary(RLE(BitPack))),55479,false,false,false,true,true,,2,2,3,false
88,Frame(RLE(FOR(BitPack))),64550,false,false,false,true,true,,2,3,3,false
88,Dictionary(BitPack),67200,false,false,false,true,false,,2,2,1,true
88,FOR(BitPack),90432,false,false,false,true,false,,2,3,1,true
88,Delta@256(BitPack),100672,false,false,false,false,false,256,2,0,2,true
88,Dictionary(RLE(BitPack)),296832,false,false,false,true,false,,2,2,2,true
88,RLE(FOR(BitPack)),316496,false,false,false,true,false,,2,3,2,true
89,Frame(Dictionary(BitPack)),5673,false,false,false,true,true,,2,2,2,false
89,Frame(Dictionary(RLE(BitPack))),5931,false,false,false,true,true,,2,2,3,false
89,Frame(FOR(BitPack)),6374,false,false,false,true,true,,2,3,2,false
89,Frame(RLE(FOR(BitPack))),6582,false,false,false,true,true,,2,3,3,false
89,Frame(Delta@256(BitPack)),7521,false,false,false,false,true,256,2,0,3,false
89,Dictionary(RLE(BitPack)),18800,false,false,false,true,false,,2,2,2,true
89,RLE(FOR(BitPack)),19664,false,false,false,true,false,,2,3,2,true
89,Dictionary(BitPack),76864,false,false,false,true,false,,2,2,1,true
89,FOR(BitPack),155968,false,false,false,true,false,,2,3,1,true
89,Delta@256(BitPack),166208,false,false,false,false,false,256,2,0,2,true
90,Frame(Dictionary(BitPack)),3597,false,false,false,true,true,,2,2,2,false
90,Frame(FOR(BitPack)),3774,false,false,false,true,true,,2,3,2,false
90,Frame(Dictionary(RLE(BitPack))),4277,false,false,false,true,true,,2,2,3,false
90,Frame(RLE(FOR(BitPack))),4355,false,false,false,true,true,,2,3,3,false
90,Frame(Delta@256(BitPack)),5038,false,false,false,false,true,256,2,0,3,false
90,Dictionary(RLE(BitPack)),14848,false,false,false,true,false,,2,2,2,true
90,RLE(FOR(BitPack)),15936,false,false,false,true,false,,2,3,2,true
90,Dictionary(BitPack),49792,false,false,false,true,false,,2,2,1,true
90,FOR(BitPack),82240,false,false,false,true,false,,2,3,1,true
90,Delta@256(BitPack),92480,false,false,false,false,false,256,2,0,2,true
91,Frame(Dictionary(BitPack)),75281,false,false,false,true,true,,2,2,3,false
91,Frame(FOR(BitPack)),79032,false,false,false,true,true,,2,3,3,false
91,Frame(Dictionary(RLE(BitPack))),88767,false,false,false,true,true,,2,2,4,false
91,Frame(Delta@256(BitPack)),91297,false,false,false,false,true,256,2,0,4,false
91,Frame(RLE(FOR(BitPack))),92069,false,false,false,true,true,,2,3,4,false
91,Dictionary(BitPack),109504,false,false,false,true,false,,2,2,2,true
91,FOR(BitPack),124416,false,false,false,true,false,,2,3,2,true
91,Delta@256(BitPack),134720,false,false,false,false,false,256,2,0,3,true
91,Dictionary(RLE(BitPack)),378384,false,false,false,true,false,,2,2,3,true
91,RLE(FOR(BitPack)),392672,false,false,false,true,false,,2,3,3,true
92,Frame(Dictionary(BitPack)),67956,false,false,false,true,true,,2,2,3,false
92,Frame(FOR(BitPack)),74620,false,false,false,true,true,,2,3,3,false
92,Frame(Dictionary(RLE(BitPack))),82282,false,false,false,true,true,,2,2,4,false
92,Frame(Delta@256(BitPack)),83701,false,false,false,false,true,256,2,0,4,false
92,Frame(RLE(FOR(BitPack))),87931,false,false,false,true,true,,2,3,4,false
92,Dictionary(BitPack),97984,false,false,false,true,false,,2,2,2,true
92,FOR(BitPack),116224,false,false,false,true,false,,2,3,2,true
92,Delta@256(BitPack),126528,false,false,false,false,false,256,2,0,3,true
92,Dictionary(RLE(BitPack)),365440,false,false,false,true,false,,2,2,3,true
92,RLE(FOR(BitPack)),382912,false,false,false,true,false,,2,3,3,true
93,Frame(Delta@256(BitPack)),96869,false,false,false,false,true,256,2,0,3,false
93,FOR(BitPack),172352,false,false,false,true,false,,2,3,1,true
93,Frame(FOR(BitPack)),172431,false,false,false,true,true,,2,3,2,false
93,Frame(RLE(FOR(BitPack))),173321,false,false,false,true,true,,2,3,3,false
93,Delta@256(BitPack),174400,false,false,false,false,false,256,2,0,2,true
93,Frame(Dictionary(BitPack)),207466,false,false,false,true,true,,2,2,2,false
93,Frame(Dictionary(RLE(BitPack))),209468,false,false,false,true,true,,2,2,3,false
93,RLE(FOR(BitPack)),451072,false,false,false,true,false,,2,3,2,true
93,Dictionary(BitPack),655616,false,false,false,true,false,,2,2,1,true
93,Dictionary(RLE(BitPack)),934400,false,false,false,true,false,,2,2,2,true
94,Frame(FOR(BitPack)),27510,false,false,false,true,true,,2,3,2,false
94,Frame(Dictionary(BitPack)),27696,false,false,false,true,true,,2,2,2,false
94,Frame(Delta@256(BitPack)),31747,false,false,false,false,true,256,2,0,3,false
94,Frame(RLE(FOR(BitPack))),41694,false,false,false,true,true,,2,3,3,false
94,Frame(Dictionary(RLE(BitPack))),41866,false,false,false,true,true,,2,2,3,false
94,FOR(BitPack),49472,false,false,false,true,false,,2,3,1,true
94,Dictionary(BitPack),49792,false,false,false,true,false,,2,2,1,true
94,Delta@256(BitPack),59712,false,false,false,false,false,256,2,0,2,true
94,RLE(FOR(BitPack)),208832,false,false,false,true,false,,2,3,2,true
94,Dictionary(RLE(BitPack)),209216,false,false,false,true,false,,2,2,2,true
95,Frame(Delta@256(BitPack)),24955,false,false,false,false,true,256,2,0,3,false
95,Frame(Dictionary(BitPack)),28378,false,false,false,true,true,,2,2,2,false
95,Frame(FOR(BitPack)),31219,false,false,false,true,true,,2,3,2,false
95,Frame(Dictionary(RLE(BitPack))),38185,false,false,false,true,true,,2,2,3,false
95,Frame(RLE(FOR(BitPack))),39801,false,false,false,true,true,,2,3,3,false
95,Dictionary(BitPack),49792,false,false,false,true,false,,2,2,1,true
95,FOR(BitPack),57664,false,false,false,true,false,,2,3,1,true
95,Delta@256(BitPack),67904,false,false,false,false,false,256,2,0,2,true
95,Dictionary(RLE(BitPack)),157344,false,false,false,true,false,,2,2,2,true
95,RLE(FOR(BitPack)),160944,false,false,false,true,false,,2,3,2,true
96,Frame(FOR(BitPack)),626,false,false,false,true,true,,2,3,2,false
96,Frame(Dictionary(BitPack)),648,false,false,false,true,true,,2,2,2,false
96,Frame(Delta@256(BitPack)),690,false,false,false,false,true,256,2,0,3,false
96,Frame(RLE(FOR(BitPack))),708,false,false,false,true,true,,2,3,3,false
96,Frame(Dictionary(RLE(BitPack))),725,false,false,false,true,true,,2,2,3,false
96,RLE(FOR(BitPack)),752,false,false,false,true,false,,2,3,2,true
96,Dictionary(RLE(BitPack)),816,false,false,false,true,false,,2,2,2,true
96,Dictionary(BitPack),24896,false,false,false,true,false,,2,2,1,true
96,FOR(BitPack),24896,false,false,false,true,false,,2,3,1,true
96,Delta@256(BitPack),35136,false,false,false,false,false,256,2,0,2,true
97,Dictionary(BitPack),320,false,false,true,true,false,,3,2,1,true
97,FOR(BitPack),320,false,false,true,true,false,,3,3,1,true
97,Frame(Dictionary(BitPack)),338,false,false,true,true,true,,3,2,2,false
97,Frame(FOR(BitPack)),338,false,false,true,true,true,,3,3,2,false
97,Frame(UnsignedDelta@65536(BitPack)),338,true,false,true,false,true,65536,4,0,3,false
97,Frame(Delta@256(BitPack)),342,false,false,true,false,true,256,3,0,3,false
97,Frame(UnsignedDelta@256(BitPack)),342,false,true,true,false,true,256,4,0,3,false
97,UnsignedDelta@65536(BitPack),384,true,false,true,false,false,65536,4,0,2,false
97,Dictionary(RLE(BitPack)),512,false,false,true,true,false,,3,2,2,true
97,RLE(FOR(BitPack)),512,false,false,true,true,false,,3,3,2,true
97,Frame(Dictionary(RLE(BitPack))),539,false,false,true,true,true,,3,2,3,false
97,Frame(RLE(FOR(BitPack))),540,false,false,true,true,true,,3,3,3,false
97,Delta@256(BitPack),2368,false,false,true,false,false,256,3,0,2,true
97,UnsignedDelta@256(BitPack),2368,false,true,true,false,false,256,4,0,2,true
98,Frame(Dictionary(BitPack)),61043,false,false,false,true,true,,2,2,2,false
98,Frame(Dictionary(RLE(BitPack))),61324,false,false,false,true,true,,2,2,3,false
98,Frame(Delta@256(BitPack)),62715,false,false,false,false,true,256,2,0,3,false
98,Frame(RLE(FOR(BitPack))),67218,false,false,false,true,true,,2,3,3,false
98,Frame(FOR(BitPack)),70449,false,false,false,true,true,,2,3,2,false
98,Dictionary(BitPack),143552,false,false,false,true,false,,2,2,1,true
98,FOR(BitPack),172352,false,false,false,true,false,,2,3,1,true
98,Delta@256(BitPack),182592,false,false,false,false,false,256,2,0,2,true
98,RLE(FOR(BitPack)),196336,false,false,false,true,false,,2,3,2,true
98,Dictionary(RLE(BitPack)),204528,false,false,false,true,false,,2,2,2,true
99,Frame(FOR(BitPack)),1109,false,false,false,true,true,,2,3,2,false
99,Frame(Dictionary(BitPack)),1161,false,false,false,true,true,,2,2,2,false
99,Frame(Delta@256(BitPack)),1447,false,false,false,false,true,256,2,0,3,false
99,Frame(RLE(FOR(BitPack))),1939,false,false,false,true,true,,2,3,3,false
99,Frame(Dictionary(RLE(BitPack))),1974,false,false,false,true,true,,2,2,3,false
99,RLE(FOR(BitPack)),6272,false,false,false,true,false,,2,3,2,true
99,Dictionary(RLE(BitPack)),6400,false,false,false,true,false,,2,2,2,true
99,FOR(BitPack),33088,false,false,false,true,false,,2,3,1,true
99,Dictionary(BitPack),33152,false,false,false,true,false,,2,2,1,true
99,Delta@256(BitPack),43328,false,false,false,false,false,256,2,0,2,true
100,Frame(UnsignedDelta@65536(BitPack)),12488,true,false,true,false,true,65536,4,0,3,false
100,Frame(Delta@256(BitPack)),13472,false,false,true,false,true,256,3,0,3,false
100,Frame(UnsignedDelta@256(BitPack)),13497,false,true,true,false,true,256,4,0,3,false
100,Frame(FOR(BitPack)),32075,false,false,true,true,true,,3,3,2,false
100,UnsignedDelta@65536(BitPack),41344,true,false,true,false,false,65536,4,0,2,false
100,UnsignedDelta@256(BitPack),43328,false,true,true,false,false,256,4,0,2,true
100,Frame(RLE(FOR(BitPack))),46298,false,false,true,true,true,,3,3,3,false
100,Delta@256(BitPack),51520,false,false,true,false,false,256,3,0,2,true
100,Frame(Dictionary(RLE(BitPack))),61559,false,false,true,true,true,,3,2,3,false
100,Frame(Dictionary(BitPack)),80170,false,false,true,true,true,,3,2,2,false
100,RLE(FOR(BitPack)),102720,false,false,true,true,false,,3,3,2,true
100,FOR(BitPack),131392,false,false,true,true,false,,3,3,1,true
100,Dictionary(RLE(BitPack)),229440,false,false,true,true,false,,3,2,2,true
100,Dictionary(BitPack),245760,false,false,true,true,false,,3,2,1,true
101,FOR(BitPack),147776,false,false,false,true,false,,2,3,1,true
101,Frame(FOR(BitPack)),147855,false,false,false,true,true,,2,3,2,false
101,Frame(RLE(FOR(BitPack))),149731,false,false,false,true,true,,2,3,3,false
101,Delta@256(BitPack),158016,false,false,false,false,false,256,2,0,2,true
101,Frame(Delta@256(BitPack)),158031,false,false,false,false,true,256,2,0,3,false
101,Frame(Dictionary(BitPack)),191680,false,false,false,true,true,,2,2,2,false
101,Frame(Dictionary(RLE(BitPack))),194039,false,false,false,true,true,,2,2,3,false
101,RLE(FOR(BitPack)),426496,false,false,false,true,false,,2,3,2,true
101,Dictionary(BitPack),578624,false,false,false,true,false,,2,2,1,true
101,Dictionary(RLE(BitPack)),857344,false,false,false,true,false,,2,2,2,true
102,FOR(BitPack),115008,false,false,false,true,false,,2,3,1,true
102,Frame(FOR(BitPack)),115084,false,false,false,true,true,,2,3,2,false
102,Frame(RLE(FOR(BitPack))),122930,false,false,false,true,true,,2,3,3,false
102,Delta@256(BitPack),125248,false,false,false,false,false,256,2,0,2,true
102,Frame(Delta@256(BitPack)),125260,false,false,false,false,true,256,2,0,3,false
102,Frame(Dictionary(BitPack)),132748,false,false,false,true,true,,2,2,2,false
102,Frame(Dictionary(RLE(BitPack))),145532,false,false,false,true,true,,2,2,3,false
102,Dictionary(BitPack),194816,false,false,false,true,false,,2,2,1,true
102,RLE(FOR(BitPack)),393664,false,false,false,true,false,,2,3,2,true
102,Dictionary(RLE(BitPack)),473536,false,false,false,true,false,,2,2,2,true
103,Frame(FOR(BitPack)),11079,false,false,false,true,true,,2,3,2,false
103,Frame(Dictionary(BitPack)),11101,false,false,false,true,true,,2,2,2,false
103,Frame(Delta@256(BitPack)),11220,false,false,false,false,true,256,2,0,3,false
103,Frame(Dictionary(RLE(BitPack))),24043,false,false,false,true,true,,2,2,3,false
103,Frame(RLE(FOR(BitPack))),24377,false,false,false,true,true,,2,3,3,false
103,Dictionary(BitPack),24896,false,false,false,true,false,,2,2,1,true
103,FOR(BitPack),24896,false,false,false,true,false,,2,3,1,true
103,Delta@256(BitPack),35136,false,false,false,false,false,256,2,0,2,true
103,RLE(FOR(BitPack)),293008,false,false,false,true,false,,2,3,2,true
103,Dictionary(RLE(BitPack)),293072,false,false,false,true,false,,2,2,2,true
104,FOR(BitPack),49472,false,false,false,true,false,,2,3,1,true
104,Frame(FOR(BitPack)),49546,false,false,false,true,true,,2,3,2,false
104,Dictionary(BitPack),49856,false,false,false,true,false,,2,2,1,true
104,Frame(Dictionary(BitPack)),49930,false,false,false,true,true,,2,2,2,false
104,Frame(Delta@256(BitPack)),56459,false,false,false,false,true,256,2,0,3,false
104,Delta@256(BitPack),59712,false,false,false,false,false,256,2,0,2,true
104,Frame(RLE(FOR(BitPack))),63020,false,false,false,true,true,,2,3,3,false
104,Frame(Dictionary(RLE(BitPack))),63191,false,false,false,true,true,,2,2,3,false
104,RLE(FOR(BitPack)),321536,false,false,false,true,false,,2,3,2,true
104,Dictionary(RLE(BitPack)),321920,false,false,false,true,false,,2,2,2,true
105,FOR(BitPack),196928,false,false,false,true,false,,2,3,1,true
105,Frame(FOR(BitPack)),197007,false,false,false,true,true,,2,3,2,false
105,Frame(RLE(FOR(BitPack))),198889,false,false,false,true,true,,2,3,3,false
105,Delta@256(BitPack),207168,false,false,false,false,false,256,2,0,2,true
105,Frame(Delta@256(BitPack)),207183,false,false,false,false,true,256,2,0,3,false
105,Frame(Dictionary(BitPack)),237013,false,false,false,true,true,,2,2,2,false
105,Frame(Dictionary(RLE(BitPack))),239629,false,false,false,true,true,,2,2,3,false
105,RLE(FOR(BitPack)),475648,false,false,false,true,false,,2,3,2,true
105,Dictionary(BitPack),636160,false,false,false,true,false,,2,2,1,true
105,Dictionary(RLE(BitPack)),914880,false,false,false,true,false,,2,2,2,true
106,Frame(FOR(BitPack)),28784,false,false,false,true,true,,2,3,2,false
106,Frame(Dictionary(BitPack)),28808,false,false,false,true,true,,2,2,2,false
106,FOR(BitPack),33088,false,false,false,true,false,,2,3,1,true
106,Dictionary(BitPack),33152,false,false,false,true,false,,2,2,1,true
106,Frame(Delta@256(BitPack)),38585,false,false,false,false,true,256,2,0,3,false
106,Delta@256(BitPack),43328,false,false,false,false,false,256,2,0,2,true
106,Frame(RLE(FOR(BitPack))),47029,false,false,false,true,true,,2,3,3,false
106,Frame(Dictionary(RLE(BitPack))),47077,false,false,false,true,true,,2,2,3,false
106,RLE(FOR(BitPack)),283712,false,false,false,true,false,,2,3,2,true
106,Dictionary(RLE(BitPack)),283840,false,false,false,true,false,,2,2,2,true
107,Frame(FOR(BitPack)),26598,false,false,false,true,true,,2,3,2,false
107,Frame(Dictionary(BitPack)),26616,false,false,false,true,true,,2,2,2,false
107,FOR(BitPack),33088,false,false,false,true,false,,2,3,1,true
107,Dictionary(BitPack),33152,false,false,false,true,false,,2,2,1,true
107,Frame(Delta@256(BitPack)),37312,false,false,false,false,true,256,2,0,3,false
107,Delta@256(BitPack),43328,false,false,false,false,false,256,2,0,2,true
107,Frame(RLE(FOR(BitPack))),46031,false,false,false,true,true,,2,3,3,false
107,Frame(Dictionary(RLE(BitPack))),46073,false,false,false,true,true,,2,2,3,false
107,RLE(FOR(BitPack)),276864,false,false,false,true,false,,2,3,2,true
107,Dictionary(RLE(BitPack)),276928,false,false,false,true,false,,2,2,2,true
108,Frame(Dictionary(BitPack)),106272,false,false,false,true,true,,2,2,2,false
108,Frame(Dictionary(RLE(BitPack))),116915,false,false,false,true,true,,2,2,3,false
108,Dictionary(BitPack),118720,false,false,false,true,false,,2,2,1,true
108,Frame(FOR(BitPack)),161743,false,false,false,true,true,,2,3,2,false
108,Frame(Delta@256(BitPack)),163781,false,false,false,false,true,256,2,0,3,false
108,Frame(RLE(FOR(BitPack))),192667,false,false,false,true,true,,2,3,3,false
108,FOR(BitPack),229696,false,false,false,true,false,,2,3,1,true
108,Delta@256(BitPack),239936,false,false,false,false,false,256,2,0,2,true
108,Dictionary(RLE(BitPack)),395008,false,false,false,true,false,,2,2,2,true
108,RLE(FOR(BitPack)),505216,false,false,false,true,false,,2,3,2,true
