column,group,source,name,rows,nulls,unique_non_null,global_monotone_non_null,null_placement,distinct_non_null,max_rank_displacement,monotone_segment_rows_ge_128,monotone_segments_ge_128,smallest_candidate_bytes,smallest_access_ready_bytes,structural_monotone_bytes,structural_monotone_premium,structural_monotone_access_ready_bytes,checked_monotone_access_ready_bytes,structural_piecewise_access_ready_bytes,order_mapping_access_ready_bytes,order_mapping_access_ready_premium
0,clickbench,hits,c1_CounterID_x1,65536,0,3,true,none,false,0,65536,1,348,544,348,0.000000,,544,43328,544,0.000000
1,clickbench,hits,c2_RegionID_x1,65536,0,337,false,none,false,65300,16537,91,9895,24240,,,,,,24240,0.000000
2,clickbench,hits,c3_ResolutionWidth_x1,65536,0,166,false,none,false,65413,13614,77,8218,23488,,,,,,23488,0.000000
3,clickbench,hits,c4_ResolutionHeight_x1,65536,0,209,false,none,false,65226,13822,77,8399,23856,,,,,,23856,0.000000
4,clickbench,hits,c5_WindowClientWidth_x1,65536,0,817,false,none,false,65018,3313,23,18023,48064,,,,,,48064,0.000000
5,clickbench,hits,c6_CodeVersion_x1,65536,0,2,false,none,false,60818,64583,42,583,1040,,,,,,1040,0.000000
6,clickbench,hits,c7_SearchEngineID_x1,65536,0,20,false,none,false,64291,6684,39,7632,36912,,,,,,36912,0.000000
7,clickbench,hits,c8_SendTiming_x1,65536,0,1,true,none,false,0,65536,1,320,320,337,0.053125,,320,2368,320,0.000000
8,clickbench,hits,timestamp,65536,0,29154,false,none,false,64525,10483,61,70095,139584,,,,,,139584,0.000000
9,household,uci_household_power,global_active_power_x1000,65536,6,3237,false,arbitrary,false,65432,0,0,77063,124416,,,,,,124416,0.000000
10,household,uci_household_power,global_intensity_x10,65536,6,189,false,arbitrary,false,65413,0,0,36068,76736,,,,,,76736,0.000000
11,household,uci_household_power,global_reactive_power_x1000,65536,6,366,false,arbitrary,false,65054,0,0,53698,86336,,,,,,86336,0.000000
12,household,uci_household_power,sub_metering_1_x1,65536,6,60,false,arbitrary,false,63379,59068,53,4209,27280,,,,,,27280,0.000000
13,household,uci_household_power,sub_metering_2_x1,65536,6,77,false,arbitrary,false,64337,4169,30,9971,67072,,,,,,67072,0.000000
14,household,uci_household_power,sub_metering_3_x1,65536,6,21,false,arbitrary,false,63659,34927,108,8581,50688,,,,,,50688,0.000000
15,household,uci_household_power,timestamp,65536,0,65536,true,none,true,0,65536,1,348,51520,348,0.000000,,51520,51520,180544,2.504348
16,household,uci_household_power,voltage_x100,65536,6,2147,false,arbitrary,false,64790,0,0,83062,101952,,,,,,108032,0.059636
17,large,yellow_tripdata_2024-01,Airport_fee,65536,0,3,false,none,false,64798,14132,52,5202,16704,,,,,,16704,0.000000
18,large,yellow_tripdata_2024-01,DOLocationID,65536,0,250,false,none,false,64971,0,0,53141,67840,,,,,,67840,0.000000
19,large,yellow_tripdata_2024-01,PULocationID,65536,0,199,false,none,false,65113,0,0,47844,67392,,,,,,67392,0.000000
20,large,yellow_tripdata_2024-01,RatecodeID,65536,0,7,false,none,false,65159,4530,26,6646,24896,,,,,,24896,0.000000
21,large,yellow_tripdata_2024-01,VendorID,65536,0,2,false,none,false,51397,0,0,6154,8512,,,,,,8512,0.000000
22,large,yellow_tripdata_2024-01,congestion_surcharge,65536,0,4,false,none,false,64632,564,4,6224,16704,,,,,,16704,0.000000
23,large,yellow_tripdata_2024-01,extra,65536,0,23,false,none,false,65037,0,0,18025,41408,,,,,,41408,0.000000
24,large,yellow_tripdata_2024-01,fare_amount,65536,0,771,false,none,false,65366,0,0,76891,88384,,,,,,88384,0.000000
25,large,yellow_tripdata_2024-01,improvement_surcharge,65536,0,3,false,none,false,64421,28334,145,2235,10304,,,,,,10304,0.000000
26,large,yellow_tripdata_2024-01,mta_tax,65536,0,3,false,none,false,64482,8270,51,3746,16704,,,,,,16704,0.000000
27,large,yellow_tripdata_2024-01,passenger_count,65536,0,8,false,none,false,64781,0,0,14877,24896,,,,,,24896,0.000000
28,large,yellow_tripdata_2024-01,payment_type,65536,0,4,false,none,false,64029,0,0,8641,16704,,,,,,16704,0.000000
29,large,yellow_tripdata_2024-01,tip_amount,65536,0,1808,false,none,false,64863,0,0,83978,104832,,,,,,104832,0.000000
30,large,yellow_tripdata_2024-01,tolls_amount,65536,0,167,false,none,false,64918,3394,21,9164,57536,,,,,,57536,0.000000
31,large,yellow_tripdata_2024-01,total_amount,65536,0,5116,false,none,false,65371,0,0,112475,139584,,,,,,139584,0.000000
32,large,yellow_tripdata_2024-01,tpep_dropoff_datetime,65536,0,41081,false,none,false,61469,0,0,241314,409920,,,,,,409920,0.000000
33,large,yellow_tripdata_2024-01,tpep_pickup_datetime,65536,0,40838,false,none,false,53119,0,0,234609,409920,,,,,,409920,0.000000
34,large,yellow_tripdata_2024-01,trip_distance,65536,0,2524,false,none,false,65161,0,0,95445,106816,,,,,,106816,0.000000
35,nab,realAWSCloudwatch/ec2_disk_write_bytes_1ef3de,timestamp,4730,0,4719,true,none,false,0,4730,1,368,7616,368,0.000000,,7616,7616,12752,0.674370
36,nab,realAWSCloudwatch/ec2_disk_write_bytes_1ef3de,value_x10,4730,0,448,false,none,false,4080,2158,8,2390,5648,,,,,,5648,0.000000
37,nab,realAWSCloudwatch/ec2_disk_write_bytes_c0d644,timestamp,4032,0,4032,true,none,true,0,4032,1,361,5056,361,0.000000,,5056,5056,11072,1.189873
38,nab,realAWSCloudwatch/ec2_disk_write_bytes_c0d644,value_x10,4032,0,677,false,none,false,3966,893,3,3567,9024,,,,,,9024,0.000000
39,nab,realAWSCloudwatch/ec2_network_in_257a54,timestamp,4032,0,4032,true,none,true,0,4032,1,371,5568,371,0.000000,,5568,5568,11072,0.988506
40,nab,realAWSCloudwatch/ec2_network_in_257a54,value_x10,4032,0,3938,false,none,false,3932,0,0,13212,16704,,,,,,16704,0.000000
41,nab,realAWSCloudwatch/ec2_network_in_5abac7,timestamp,4730,0,4719,true,none,false,0,4730,1,369,7616,369,0.000000,,7616,7616,12752,0.674370
42,nab,realAWSCloudwatch/ec2_network_in_5abac7,value_x100,4730,0,558,false,none,false,4171,0,0,4849,10656,,,,,,10656,0.000000
43,nab,realAWSCloudwatch/elb_request_count_8c0756,timestamp,4032,0,4032,true,none,true,0,4032,1,409,5568,409,0.000000,,5568,5568,11072,0.988506
44,nab,realAWSCloudwatch/elb_request_count_8c0756,value_x1,4032,0,269,false,none,false,3883,0,0,4863,5440,,,,,,5440,0.000000
45,nab,realAWSCloudwatch/iio_us-east-1_i-a2eb1cd9_NetworkIn,timestamp,1243,0,1243,true,none,true,0,1243,1,359,1824,359,0.000000,,1824,1824,3360,0.842105
46,nab,realAWSCloudwatch/iio_us-east-1_i-a2eb1cd9_NetworkIn,value_x10,1243,0,1243,false,none,true,1240,0,0,4753,5120,,,,,,5120,0.000000
47,nab,realKnownCause/nyc_taxi,timestamp,10320,0,10320,true,none,true,0,10320,1,368,14960,368,0.000000,,14960,14960,32720,1.187166
48,nab,realKnownCause/nyc_taxi,value_x1,10320,0,8089,false,none,false,10246,0,0,18855,21056,,,,,,21056,0.000000
49,nab,realTraffic/TravelTime_387,timestamp,2500,0,2500,true,none,true,0,2500,1,2311,5888,2311,0.000000,,5888,5888,7680,0.304348
50,nab,realTraffic/TravelTime_387,value_x1,2500,0,780,false,none,false,2411,0,0,3696,4480,,,,,,4480,0.000000
51,nab,realTraffic/TravelTime_451,timestamp,2162,0,2162,true,none,true,0,2162,1,2830,5072,2898,0.024028,,5072,5072,6576,0.296530
52,nab,realTraffic/TravelTime_451,value_x1,2162,0,655,false,none,false,2144,0,0,3328,3856,,,,,,3856,0.000000
53,nab,realTraffic/occupancy_6005,timestamp,2380,0,2380,true,none,true,0,2380,1,1529,6224,1639,0.071942,,6224,6224,6704,0.077121
54,nab,realTraffic/occupancy_6005,value_x100,2380,0,175,false,none,false,2367,0,0,2764,3968,,,,,,3968,0.000000
55,nab,realTraffic/occupancy_t4013,timestamp,2500,0,2499,true,none,false,0,2500,1,1506,6528,1587,0.053785,,6528,6528,7040,0.078431
56,nab,realTraffic/occupancy_t4013,value_x100,2500,0,326,false,none,false,2466,0,0,3622,4480,,,,,,4480,0.000000
57,nab,realTraffic/speed_6005,timestamp,2500,0,2500,true,none,true,0,2500,1,1612,6528,1713,0.062655,,6528,6528,7040,0.078431
58,nab,realTraffic/speed_6005,value_x1,2500,0,59,false,none,false,2414,0,0,2372,2560,,,,,,2560,0.000000
59,nab,realTraffic/speed_7578,timestamp,1127,0,1127,true,none,true,0,1127,1,975,2544,1134,0.163077,,2544,2544,3200,0.257862
60,nab,realTraffic/speed_7578,value_x1,1127,0,64,false,none,false,1111,0,0,1207,1328,,,,,,1328,0.000000
61,nab,realTraffic/speed_t4013,timestamp,2495,0,2494,true,none,false,0,2495,1,1502,6528,1588,0.057257,,6528,6528,7040,0.078431
62,nab,realTraffic/speed_t4013,value_x1,2495,0,53,false,none,false,2419,0,0,2074,2560,,,,,,2560,0.000000
63,nab,realTweets/Twitter_volume_AAPL,timestamp,15902,0,15902,true,none,true,0,15902,1,362,18832,362,0.000000,,18832,18832,46320,1.459643
64,nab,realTweets/Twitter_volume_AAPL,value_x1,15902,0,631,false,none,false,15543,0,0,18983,25312,,,,,,25312,0.000000
65,nab,realTweets/Twitter_volume_AMZN,timestamp,15831,0,15831,true,none,true,0,15831,1,359,18688,359,0.000000,,18688,18688,45952,1.458904
66,nab,realTweets/Twitter_volume_AMZN,value_x1,15831,0,224,false,none,false,15555,0,0,13831,17920,,,,,,17920,0.000000
67,nab,realTweets/Twitter_volume_CRM,timestamp,15902,0,15902,true,none,true,0,15902,1,362,18832,362,0.000000,,18832,18832,46320,1.459643
68,nab,realTweets/Twitter_volume_CRM,value_x1,15902,0,43,false,none,false,15564,0,0,7782,12640,,,,,,12640,0.000000
69,nab,realTweets/Twitter_volume_CVS,timestamp,15853,0,15853,true,none,true,0,15853,1,360,18688,360,0.000000,,18688,18688,45952,1.458904
70,nab,realTweets/Twitter_volume_CVS,value_x1,15853,0,22,false,none,false,15647,0,0,3877,10368,,,,,,10368,0.000000
71,nab,realTweets/Twitter_volume_FB,timestamp,15833,0,15833,true,none,true,0,15833,1,360,18688,360,0.000000,,18688,18688,45952,1.458904
72,nab,realTweets/Twitter_volume_FB,value_x1,15833,0,153,false,none,false,15749,0,0,11428,17408,,,,,,17408,0.000000
73,nab,realTweets/Twitter_volume_GOOG,timestamp,15842,0,15842,true,none,true,0,15842,1,360,18688,360,0.000000,,18688,18688,45952,1.458904
74,nab,realTweets/Twitter_volume_GOOG,value_x1,15842,0,171,false,none,false,15755,0,0,11917,17536,,,,,,17536,0.000000
75,nab,realTweets/Twitter_volume_IBM,timestamp,15893,0,15893,true,none,true,0,15893,1,363,18832,363,0.000000,,18832,18832,46320,1.459643
76,nab,realTweets/Twitter_volume_IBM,value_x1,15893,0,69,false,none,false,15783,0,0,8323,14832,,,,,,14832,0.000000
77,nab,realTweets/Twitter_volume_KO,timestamp,15851,0,15851,true,none,true,0,15851,1,360,18688,360,0.000000,,18688,18688,45952,1.458904
78,nab,realTweets/Twitter_volume_KO,value_x1,15851,0,162,false,none,false,15640,0,0,10433,17472,,,,,,17472,0.000000
79,nab,realTweets/Twitter_volume_PFE,timestamp,15858,0,15858,true,none,true,0,15858,1,360,18688,360,0.000000,,18688,18688,45952,1.458904
80,nab,realTweets/Twitter_volume_PFE,value_x1,15858,0,21,false,none,false,15854,0,0,5459,10368,,,,,,10368,0.000000
81,nab,realTweets/Twitter_volume_UPS,timestamp,15866,0,15866,true,none,true,0,15866,1,362,18688,362,0.000000,,18688,18688,45952,1.458904
82,nab,realTweets/Twitter_volume_UPS,value_x1,15866,0,188,false,none,false,14949,0,0,7563,16192,,,,,,16192,0.000000
83,publicbi,Arade,c10_WNET_bin_x1,65536,0,11,false,none,false,63621,0,0,19163,33088,,,,,,33088,0.000000
84,publicbi,Arade,c3_F4_x10000,65536,0,65048,false,none,false,65038,0,0,205120,205120,,,,,,205120,0.000000
85,publicbi,Bimbo,c0_Agencia_ID_x1,65536,0,5,false,none,false,43656,65536,15,560,688,,,,,,688,0.000000
86,publicbi,Bimbo,c1_Canal_ID_x1,65536,0,4,false,none,false,56367,65536,6,401,608,,,,,,608,0.000000
87,publicbi,Bimbo,c2_Cliente_ID_x1,65536,0,8003,false,none,false,63816,64502,130,28248,64256,,,,,,64256,0.000000
88,publicbi,Bimbo,c3_Demanda_uni_equil_x1,65536,0,176,false,none,false,65108,0,0,36060,67200,,,,,,67200,0.000000
89,publicbi,Bimbo,c4_Dev_proxima_x100,65536,0,354,false,none,false,65277,33453,141,5673,18800,,,,,,18800,0.000000
90,publicbi,Bimbo,c5_Dev_uni_proxima_x1,65536,0,44,false,none,false,65134,33454,141,3597,14848,,,,,,14848,0.000000
91,publicbi,CMSprovider,c3_BENE_DAY_SRVC_CNT_x1,65536,1,1209,false,arbitrary,false,65133,0,0,75281,109504,,,,,,109504,0.000000
92,publicbi,CMSprovider,c4_BENE_UNIQUE_CNT_x1,65536,1,793,false,arbitrary,false,65073,0,0,67956,97984,,,,,,97984,0.000000
93,publicbi,Euro2016,c1_id_x1,65536,0,65536,false,none,true,21412,0,0,96869,172352,,,,,,172352,0.000000
94,publicbi,Generico,c10_Corte_x1,65536,0,44,false,none,false,65246,5274,25,27510,49472,,,,,,49472,0.000000
95,publicbi,Generico,c11_De_Npags_x1,65536,0,42,false,none,false,63643,1762,8,24955,49792,,,,,,49792,0.000000
96,publicbi,Generico,c12_Dia_Semana_x1,65536,0,7,false,none,false,58739,65484,21,626,752,,,,,,752,0.000000
97,publicbi,Generico,c2_A_o_x1,65536,0,1,true,none,false,0,65536,1,320,320,338,0.056250,,320,2368,320,0.000000
98,publicbi,Generico,c6_Codigo_x1,65536,0,4594,false,none,false,63273,9946,36,61043,143552,,,,,,143552,0.000000
99,publicbi,Generico,c7_Cols_x1,65536,0,11,false,none,false,55012,63219,12,1109,6272,,,,,,6272,0.000000
100,tpch,lineitem,c0_l_orderkey_x1,65536,0,16348,true,none,false,0,65536,1,12488,43328,12488,0.000000,,43328,43328,102720,1.370753
101,tpch,lineitem,c1_l_partkey_x1,65536,0,55906,false,none,false,65229,0,0,147776,147776,,,,,,147776,0.000000
102,tpch,lineitem,c2_l_suppkey_x1,65536,0,9983,false,none,false,65401,0,0,115008,115008,,,,,,115008,0.000000
103,tpch,lineitem,c3_l_linenumber_x1,65536,0,7,false,none,false,63163,0,0,11079,24896,,,,,,24896,0.000000
104,tpch,lineitem,c4_l_quantity_x1,65536,0,50,false,none,false,64226,0,0,49472,49472,,,,,,49472,0.000000
105,tpch,lineitem,c5_l_extendedprice_x100,65536,0,63102,false,none,false,65259,0,0,196928,196928,,,,,,196928,0.000000
106,tpch,lineitem,c6_l_discount_x100,65536,0,11,false,none,false,59630,0,0,28784,33088,,,,,,33088,0.000000
107,tpch,lineitem,c7_l_tax_x100,65536,0,9,false,none,false,58341,0,0,26598,33088,,,,,,33088,0.000000
108,tpch,lineitem,timestamp,65536,0,2518,false,none,false,65360,0,0,106272,118720,,,,,,118720,0.000000
