column,group,source,name,rows,recipe,file_bytes,selected
0,"clickbench","hits","c1_CounterID_x1",131072,"Frame(Dictionary(BitPack))",351,1
0,"clickbench","hits","c1_CounterID_x1",131072,"Frame(FOR(BitPack))",355,0
0,"clickbench","hits","c1_CounterID_x1",131072,"Frame(UnsignedDelta(BitPack))",359,0
0,"clickbench","hits","c1_CounterID_x1",131072,"Frame(Delta(BitPack))",360,0
0,"clickbench","hits","c1_CounterID_x1",131072,"Frame(FOR(Delta(BitPack)))",488,0
0,"clickbench","hits","c1_CounterID_x1",131072,"Dictionary(RLE(BitPack))",544,0
0,"clickbench","hits","c1_CounterID_x1",131072,"Frame(RLE(FOR(BitPack)))",553,0
0,"clickbench","hits","c1_CounterID_x1",131072,"Frame(Dictionary(RLE(BitPack)))",557,0
0,"clickbench","hits","c1_CounterID_x1",131072,"RLE(FOR(BitPack))",592,0
0,"clickbench","hits","c1_CounterID_x1",131072,"Dictionary(BitPack)",33088,0
0,"clickbench","hits","c1_CounterID_x1",131072,"FOR(BitPack)",82240,0
0,"clickbench","hits","c1_CounterID_x1",131072,"UnsignedDelta(BitPack)",86336,0
0,"clickbench","hits","c1_CounterID_x1",131072,"Delta(BitPack)",102720,0
0,"clickbench","hits","c1_CounterID_x1",131072,"FOR(Delta(BitPack))",102848,0
1,"clickbench","hits","c2_RegionID_x1",131072,"Frame(Dictionary(RLE(BitPack)))",18507,1
1,"clickbench","hits","c2_RegionID_x1",131072,"Frame(RLE(FOR(BitPack)))",19606,0
1,"clickbench","hits","c2_RegionID_x1",131072,"Frame(Dictionary(BitPack))",25260,0
1,"clickbench","hits","c2_RegionID_x1",131072,"Frame(Delta(BitPack))",27128,0
1,"clickbench","hits","c2_RegionID_x1",131072,"Frame(FOR(Delta(BitPack)))",27232,0
1,"clickbench","hits","c2_RegionID_x1",131072,"Frame(FOR(BitPack))",29711,0
1,"clickbench","hits","c2_RegionID_x1",131072,"Dictionary(RLE(BitPack))",45840,0
1,"clickbench","hits","c2_RegionID_x1",131072,"RLE(FOR(BitPack))",50000,0
1,"clickbench","hits","c2_RegionID_x1",131072,"Dictionary(BitPack)",151424,0
1,"clickbench","hits","c2_RegionID_x1",131072,"FOR(BitPack)",278848,0
1,"clickbench","hits","c2_RegionID_x1",131072,"Delta(BitPack)",299328,0
1,"clickbench","hits","c2_RegionID_x1",131072,"FOR(Delta(BitPack))",299456,0
2,"clickbench","hits","c3_ResolutionWidth_x1",131072,"Frame(Dictionary(RLE(BitPack)))",15534,1
2,"clickbench","hits","c3_ResolutionWidth_x1",131072,"Frame(Dictionary(BitPack))",15885,0
2,"clickbench","hits","c3_ResolutionWidth_x1",131072,"Frame(RLE(FOR(BitPack)))",19595,0
2,"clickbench","hits","c3_ResolutionWidth_x1",131072,"Frame(Delta(BitPack))",25570,0
2,"clickbench","hits","c3_ResolutionWidth_x1",131072,"Frame(FOR(Delta(BitPack)))",25699,0
2,"clickbench","hits","c3_ResolutionWidth_x1",131072,"Frame(FOR(BitPack))",26666,0
2,"clickbench","hits","c3_ResolutionWidth_x1",131072,"Dictionary(RLE(BitPack))",44800,0
2,"clickbench","hits","c3_ResolutionWidth_x1",131072,"RLE(FOR(BitPack))",48128,0
2,"clickbench","hits","c3_ResolutionWidth_x1",131072,"Dictionary(BitPack)",133184,0
2,"clickbench","hits","c3_ResolutionWidth_x1",131072,"FOR(BitPack)",213312,0
2,"clickbench","hits","c3_ResolutionWidth_x1",131072,"Delta(BitPack)",233792,0
2,"clickbench","hits","c3_ResolutionWidth_x1",131072,"FOR(Delta(BitPack))",233920,0
3,"nab","ambient_temperature","timestamp",7267,"Frame(UnsignedDelta(BitPack))",559,1
3,"nab","ambient_temperature","timestamp",7267,"Frame(Delta(BitPack))",565,0
3,"nab","ambient_temperature","timestamp",7267,"Frame(FOR(Delta(BitPack)))",719,0
3,"nab","ambient_temperature","timestamp",7267,"UnsignedDelta(BitPack)",18816,0
3,"nab","ambient_temperature","timestamp",7267,"Delta(BitPack)",19728,0
3,"nab","ambient_temperature","timestamp",7267,"FOR(Delta(BitPack))",19792,0
3,"nab","ambient_temperature","timestamp",7267,"Frame(FOR(BitPack))",22297,0
3,"nab","ambient_temperature","timestamp",7267,"Frame(RLE(FOR(BitPack)))",22778,0
3,"nab","ambient_temperature","timestamp",7267,"FOR(BitPack)",23120,0
3,"nab","ambient_temperature","timestamp",7267,"Frame(Dictionary(BitPack))",26254,0
3,"nab","ambient_temperature","timestamp",7267,"Frame(Dictionary(RLE(BitPack)))",26995,0
3,"nab","ambient_temperature","timestamp",7267,"RLE(FOR(BitPack))",54160,0
3,"nab","ambient_temperature","timestamp",7267,"Dictionary(BitPack)",70288,0
3,"nab","ambient_temperature","timestamp",7267,"Dictionary(RLE(BitPack))",101392,0
4,"nab","nyc_taxi","timestamp",10320,"Frame(Delta(BitPack))",503,1
4,"nab","nyc_taxi","timestamp",10320,"Frame(UnsignedDelta(BitPack))",510,0
4,"nab","nyc_taxi","timestamp",10320,"Frame(FOR(Delta(BitPack)))",661,0
4,"nab","nyc_taxi","timestamp",10320,"UnsignedDelta(BitPack)",14960,0
4,"nab","nyc_taxi","timestamp",10320,"Delta(BitPack)",16256,0
4,"nab","nyc_taxi","timestamp",10320,"FOR(Delta(BitPack))",16320,0
4,"nab","nyc_taxi","timestamp",10320,"Frame(FOR(BitPack))",31141,0
4,"nab","nyc_taxi","timestamp",10320,"Frame(RLE(FOR(BitPack)))",31754,0
4,"nab","nyc_taxi","timestamp",10320,"FOR(BitPack)",32720,0
4,"nab","nyc_taxi","timestamp",10320,"Frame(Dictionary(BitPack))",38315,0
4,"nab","nyc_taxi","timestamp",10320,"Frame(Dictionary(RLE(BitPack)))",38526,0
4,"nab","nyc_taxi","timestamp",10320,"RLE(FOR(BitPack))",76752,0
4,"nab","nyc_taxi","timestamp",10320,"Dictionary(BitPack)",100960,0
4,"nab","nyc_taxi","timestamp",10320,"Dictionary(RLE(BitPack))",145056,0
5,"nab","nyc_taxi","value_x1",10320,"Frame(Delta(BitPack))",18855,1
5,"nab","nyc_taxi","value_x1",10320,"Frame(FOR(Delta(BitPack)))",18984,0
5,"nab","nyc_taxi","value_x1",10320,"Frame(FOR(BitPack))",20299,0
5,"nab","nyc_taxi","value_x1",10320,"FOR(BitPack)",21056,0
5,"nab","nyc_taxi","value_x1",10320,"Delta(BitPack)",21440,0
5,"nab","nyc_taxi","value_x1",10320,"FOR(Delta(BitPack))",21504,0
5,"nab","nyc_taxi","value_x1",10320,"Frame(RLE(FOR(BitPack)))",22539,0
5,"nab","nyc_taxi","value_x1",10320,"Frame(Dictionary(BitPack))",25833,0
5,"nab","nyc_taxi","value_x1",10320,"Frame(Dictionary(RLE(BitPack)))",28454,0
5,"nab","nyc_taxi","value_x1",10320,"RLE(FOR(BitPack))",65088,0
5,"nab","nyc_taxi","value_x1",10320,"Dictionary(BitPack)",81872,0
5,"nab","nyc_taxi","value_x1",10320,"Dictionary(RLE(BitPack))",125904,0
6,"nab","twitter_aapl","timestamp",15902,"Frame(Delta(BitPack))",521,1
6,"nab","twitter_aapl","timestamp",15902,"Frame(UnsignedDelta(BitPack))",526,0
6,"nab","twitter_aapl","timestamp",15902,"Frame(FOR(Delta(BitPack)))",701,0
6,"nab","twitter_aapl","timestamp",15902,"UnsignedDelta(BitPack)",18832,0
6,"nab","twitter_aapl","timestamp",15902,"Delta(BitPack)",20832,0
6,"nab","twitter_aapl","timestamp",15902,"FOR(Delta(BitPack))",20896,0
6,"nab","twitter_aapl","timestamp",15902,"Frame(FOR(BitPack))",44540,0
6,"nab","twitter_aapl","timestamp",15902,"Frame(RLE(FOR(BitPack)))",45330,0
6,"nab","twitter_aapl","timestamp",15902,"FOR(BitPack)",46320,0
6,"nab","twitter_aapl","timestamp",15902,"Frame(Dictionary(BitPack))",58436,0
6,"nab","twitter_aapl","timestamp",15902,"Frame(Dictionary(RLE(BitPack)))",59102,0
6,"nab","twitter_aapl","timestamp",15902,"RLE(FOR(BitPack))",114096,0
6,"nab","twitter_aapl","timestamp",15902,"Dictionary(BitPack)",155488,0
6,"nab","twitter_aapl","timestamp",15902,"Dictionary(RLE(BitPack))",223264,0
7,"nab","twitter_aapl","value_x1",15902,"Frame(Delta(BitPack))",18983,1
7,"nab","twitter_aapl","value_x1",15902,"Frame(FOR(Delta(BitPack)))",19110,0
7,"nab","twitter_aapl","value_x1",15902,"Frame(Dictionary(BitPack))",19403,0
7,"nab","twitter_aapl","value_x1",15902,"Frame(FOR(BitPack))",21101,0
7,"nab","twitter_aapl","value_x1",15902,"Frame(Dictionary(RLE(BitPack)))",23456,0
7,"nab","twitter_aapl","value_x1",15902,"Frame(RLE(FOR(BitPack)))",24535,0
7,"nab","twitter_aapl","value_x1",15902,"Dictionary(BitPack)",25312,0
7,"nab","twitter_aapl","value_x1",15902,"FOR(BitPack)",28320,0
7,"nab","twitter_aapl","value_x1",15902,"Delta(BitPack)",28832,0
7,"nab","twitter_aapl","value_x1",15902,"FOR(Delta(BitPack))",28896,0
7,"nab","twitter_aapl","value_x1",15902,"Dictionary(RLE(BitPack))",90464,0
7,"nab","twitter_aapl","value_x1",15902,"RLE(FOR(BitPack))",93152,0
8,"publicbi","Bimbo","c0_Agencia_ID_x1",131072,"Frame(Dictionary(BitPack))",690,1
8,"publicbi","Bimbo","c0_Agencia_ID_x1",131072,"Frame(FOR(BitPack))",710,0
8,"publicbi","Bimbo","c0_Agencia_ID_x1",131072,"Frame(Dictionary(RLE(BitPack)))",738,0
8,"publicbi","Bimbo","c0_Agencia_ID_x1",131072,"Frame(RLE(FOR(BitPack)))",762,0
8,"publicbi","Bimbo","c0_Agencia_ID_x1",131072,"Dictionary(RLE(BitPack))",880,0
8,"publicbi","Bimbo","c0_Agencia_ID_x1",131072,"Frame(Delta(BitPack))",925,0
8,"publicbi","Bimbo","c0_Agencia_ID_x1",131072,"RLE(FOR(BitPack))",928,0
8,"publicbi","Bimbo","c0_Agencia_ID_x1",131072,"Frame(FOR(Delta(BitPack)))",1053,0
8,"publicbi","Bimbo","c0_Agencia_ID_x1",131072,"Dictionary(BitPack)",49472,0
8,"publicbi","Bimbo","c0_Agencia_ID_x1",131072,"FOR(BitPack)",164160,0
8,"publicbi","Bimbo","c0_Agencia_ID_x1",131072,"Delta(BitPack)",184640,0
8,"publicbi","Bimbo","c0_Agencia_ID_x1",131072,"FOR(Delta(BitPack))",184768,0
9,"publicbi","Bimbo","c2_Cliente_ID_x1",131072,"Frame(FOR(BitPack))",66966,1
9,"publicbi","Bimbo","c2_Cliente_ID_x1",131072,"Frame(RLE(FOR(BitPack)))",75875,0
9,"publicbi","Bimbo","c2_Cliente_ID_x1",131072,"Frame(Delta(BitPack))",81069,0
9,"publicbi","Bimbo","c2_Cliente_ID_x1",131072,"Frame(FOR(Delta(BitPack)))",81203,0
9,"publicbi","Bimbo","c2_Cliente_ID_x1",131072,"Frame(Dictionary(RLE(BitPack)))",86431,0
9,"publicbi","Bimbo","c2_Cliente_ID_x1",131072,"Frame(Dictionary(BitPack))",110085,0
9,"publicbi","Bimbo","c2_Cliente_ID_x1",131072,"RLE(FOR(BitPack))",153152,0
9,"publicbi","Bimbo","c2_Cliente_ID_x1",131072,"Dictionary(RLE(BitPack))",251168,0
9,"publicbi","Bimbo","c2_Cliente_ID_x1",131072,"Dictionary(BitPack)",354112,0
9,"publicbi","Bimbo","c2_Cliente_ID_x1",131072,"FOR(BitPack)",393536,0
9,"publicbi","Bimbo","c2_Cliente_ID_x1",131072,"Delta(BitPack)",414016,0
9,"publicbi","Bimbo","c2_Cliente_ID_x1",131072,"FOR(Delta(BitPack))",414144,0
10,"publicbi","Bimbo","c3_Demanda_uni_equil_x1",131072,"Frame(Dictionary(BitPack))",73139,1
10,"publicbi","Bimbo","c3_Demanda_uni_equil_x1",131072,"Frame(FOR(BitPack))",95458,0
10,"publicbi","Bimbo","c3_Demanda_uni_equil_x1",131072,"Frame(Delta(BitPack))",101569,0
10,"publicbi","Bimbo","c3_Demanda_uni_equil_x1",131072,"Frame(FOR(Delta(BitPack)))",101707,0
10,"publicbi","Bimbo","c3_Demanda_uni_equil_x1",131072,"Frame(Dictionary(RLE(BitPack)))",104321,0
10,"publicbi","Bimbo","c3_Demanda_uni_equil_x1",131072,"Frame(RLE(FOR(BitPack)))",123027,0
10,"publicbi","Bimbo","c3_Demanda_uni_equil_x1",131072,"Dictionary(BitPack)",132800,0
10,"publicbi","Bimbo","c3_Demanda_uni_equil_x1",131072,"FOR(BitPack)",180544,0
10,"publicbi","Bimbo","c3_Demanda_uni_equil_x1",131072,"Delta(BitPack)",201024,0
10,"publicbi","Bimbo","c3_Demanda_uni_equil_x1",131072,"FOR(Delta(BitPack))",201152,0
10,"publicbi","Bimbo","c3_Demanda_uni_equil_x1",131072,"Dictionary(RLE(BitPack))",583488,0
10,"publicbi","Bimbo","c3_Demanda_uni_equil_x1",131072,"RLE(FOR(BitPack))",623648,0
11,"tpch","lineitem","c0_l_orderkey_x1",131072,"Frame(UnsignedDelta(BitPack))",26188,1
11,"tpch","lineitem","c0_l_orderkey_x1",131072,"Frame(Delta(BitPack))",26312,0
11,"tpch","lineitem","c0_l_orderkey_x1",131072,"Frame(FOR(Delta(BitPack)))",26437,0
11,"tpch","lineitem","c0_l_orderkey_x1",131072,"UnsignedDelta(BitPack)",86336,0
11,"tpch","lineitem","c0_l_orderkey_x1",131072,"Frame(RLE(FOR(BitPack)))",96099,0
11,"tpch","lineitem","c0_l_orderkey_x1",131072,"Delta(BitPack)",102720,0
11,"tpch","lineitem","c0_l_orderkey_x1",131072,"FOR(Delta(BitPack))",102848,0
11,"tpch","lineitem","c0_l_orderkey_x1",131072,"Frame(Dictionary(RLE(BitPack)))",122766,0
11,"tpch","lineitem","c0_l_orderkey_x1",131072,"Frame(Dictionary(BitPack))",167553,0
11,"tpch","lineitem","c0_l_orderkey_x1",131072,"Frame(FOR(BitPack))",197143,0
11,"tpch","lineitem","c0_l_orderkey_x1",131072,"RLE(FOR(BitPack))",208560,0
11,"tpch","lineitem","c0_l_orderkey_x1",131072,"FOR(BitPack)",278848,0
11,"tpch","lineitem","c0_l_orderkey_x1",131072,"Dictionary(RLE(BitPack))",461456,0
11,"tpch","lineitem","c0_l_orderkey_x1",131072,"Dictionary(BitPack)",507136,0
12,"tpch","lineitem","c3_l_linenumber_x1",131072,"Frame(FOR(BitPack))",21036,1
12,"tpch","lineitem","c3_l_linenumber_x1",131072,"Frame(Dictionary(BitPack))",21058,0
12,"tpch","lineitem","c3_l_linenumber_x1",131072,"Frame(Delta(BitPack))",21664,0
12,"tpch","lineitem","c3_l_linenumber_x1",131072,"Frame(FOR(Delta(BitPack)))",21672,0
12,"tpch","lineitem","c3_l_linenumber_x1",131072,"Frame(Dictionary(RLE(BitPack)))",47482,0
12,"tpch","lineitem","c3_l_linenumber_x1",131072,"Frame(RLE(FOR(BitPack)))",48487,0
12,"tpch","lineitem","c3_l_linenumber_x1",131072,"Dictionary(BitPack)",49472,0
12,"tpch","lineitem","c3_l_linenumber_x1",131072,"FOR(BitPack)",49472,0
12,"tpch","lineitem","c3_l_linenumber_x1",131072,"Delta(BitPack)",69952,0
12,"tpch","lineitem","c3_l_linenumber_x1",131072,"FOR(Delta(BitPack))",70080,0
12,"tpch","lineitem","c3_l_linenumber_x1",131072,"RLE(FOR(BitPack))",585520,0
12,"tpch","lineitem","c3_l_linenumber_x1",131072,"Dictionary(RLE(BitPack))",585584,0
13,"tpch","lineitem","c4_l_quantity_x1",131072,"FOR(BitPack)",98624,1
13,"tpch","lineitem","c4_l_quantity_x1",131072,"Frame(FOR(BitPack))",98700,0
13,"tpch","lineitem","c4_l_quantity_x1",131072,"Dictionary(BitPack)",99008,0
13,"tpch","lineitem","c4_l_quantity_x1",131072,"Frame(Dictionary(BitPack))",99084,0
13,"tpch","lineitem","c4_l_quantity_x1",131072,"Frame(Delta(BitPack))",112486,0
13,"tpch","lineitem","c4_l_quantity_x1",131072,"Frame(FOR(Delta(BitPack)))",112655,0
13,"tpch","lineitem","c4_l_quantity_x1",131072,"Delta(BitPack)",119104,0
13,"tpch","lineitem","c4_l_quantity_x1",131072,"FOR(Delta(BitPack))",119232,0
13,"tpch","lineitem","c4_l_quantity_x1",131072,"Frame(RLE(FOR(BitPack)))",127245,0
13,"tpch","lineitem","c4_l_quantity_x1",131072,"Frame(Dictionary(RLE(BitPack)))",127405,0
13,"tpch","lineitem","c4_l_quantity_x1",131072,"RLE(FOR(BitPack))",642816,0
13,"tpch","lineitem","c4_l_quantity_x1",131072,"Dictionary(RLE(BitPack))",643200,0
