column,group,source,name,recipe,query,rows,selectivity,tier,chosen_plan,selective_ns,fused_ns,chosen_ns,logical_bytes,delivered_bytes,transferred_bytes,transfer_operations,frames_decoded,file_bytes
0,"clickbench","hits","c1_CounterID_x1","Frame(Dictionary(BitPack))",SUM,1,0.00000763,memory_warm,selective_closure,2155.1,1533786.0,2155.1,329,351,351,2,1,351
0,"clickbench","hits","c1_CounterID_x1","Frame(Dictionary(BitPack))",SUM,1,0.00000763,buffered_hot,selective_closure,4080.8,1534397.0,4080.8,329,351,351,2,1,351
0,"clickbench","hits","c1_CounterID_x1","Frame(Dictionary(BitPack))",BETWEEN,1,0.00000763,memory_warm,selective_closure,2191.2,1549919.0,2191.2,329,351,351,2,1,351
0,"clickbench","hits","c1_CounterID_x1","Frame(Dictionary(BitPack))",BETWEEN,1,0.00000763,buffered_hot,selective_closure,4073.3,1554216.0,4073.3,329,351,351,2,1,351
0,"clickbench","hits","c1_CounterID_x1","Frame(Dictionary(BitPack))",SUM,131,0.00099945,memory_warm,selective_closure,3650.5,1536119.0,3650.5,362,351,351,2,1,351
0,"clickbench","hits","c1_CounterID_x1","Frame(Dictionary(BitPack))",SUM,131,0.00099945,buffered_hot,selective_closure,5564.9,1536399.0,5564.9,362,351,351,2,1,351
0,"clickbench","hits","c1_CounterID_x1","Frame(Dictionary(BitPack))",BETWEEN,131,0.00099945,memory_warm,selective_closure,3817.6,1551432.0,3817.6,362,351,351,2,1,351
0,"clickbench","hits","c1_CounterID_x1","Frame(Dictionary(BitPack))",BETWEEN,131,0.00099945,buffered_hot,selective_closure,5705.9,1555698.0,5705.9,362,351,351,2,1,351
0,"clickbench","hits","c1_CounterID_x1","Frame(Dictionary(BitPack))",SUM,1310,0.00999451,memory_warm,selective_closure,16920.5,1534487.0,16920.5,656,351,351,2,1,351
0,"clickbench","hits","c1_CounterID_x1","Frame(Dictionary(BitPack))",SUM,1310,0.00999451,buffered_hot,selective_closure,18904.4,1539734.0,18904.4,656,351,351,2,1,351
0,"clickbench","hits","c1_CounterID_x1","Frame(Dictionary(BitPack))",BETWEEN,1310,0.00999451,memory_warm,selective_closure,18059.3,1549439.0,18059.3,656,351,351,2,1,351
0,"clickbench","hits","c1_CounterID_x1","Frame(Dictionary(BitPack))",BETWEEN,1310,0.00999451,buffered_hot,selective_closure,20047.5,1547927.0,20047.5,656,351,351,2,1,351
0,"clickbench","hits","c1_CounterID_x1","Frame(Dictionary(BitPack))",SUM,13107,0.09999847,memory_warm,selective_closure,149707.3,1537972.0,149707.3,3606,351,351,2,1,351
0,"clickbench","hits","c1_CounterID_x1","Frame(Dictionary(BitPack))",SUM,13107,0.09999847,buffered_hot,selective_closure,151824.0,1554997.0,151824.0,3606,351,351,2,1,351
0,"clickbench","hits","c1_CounterID_x1","Frame(Dictionary(BitPack))",BETWEEN,13107,0.09999847,memory_warm,selective_closure,162236.0,1554627.0,162236.0,3606,351,351,2,1,351
0,"clickbench","hits","c1_CounterID_x1","Frame(Dictionary(BitPack))",BETWEEN,13107,0.09999847,buffered_hot,selective_closure,164105.7,1560545.0,164105.7,3606,351,351,2,1,351
0,"clickbench","hits","c1_CounterID_x1","Frame(Dictionary(BitPack))",SUM,65536,0.50000000,memory_warm,selective_closure,742200.0,1572483.0,742200.0,16712,351,351,2,1,351
0,"clickbench","hits","c1_CounterID_x1","Frame(Dictionary(BitPack))",SUM,65536,0.50000000,buffered_hot,selective_closure,747118.0,1582939.0,747118.0,16712,351,351,2,1,351
0,"clickbench","hits","c1_CounterID_x1","Frame(Dictionary(BitPack))",BETWEEN,65536,0.50000000,memory_warm,selective_closure,802090.0,1593184.0,802090.0,16712,351,351,2,1,351
0,"clickbench","hits","c1_CounterID_x1","Frame(Dictionary(BitPack))",BETWEEN,65536,0.50000000,buffered_hot,selective_closure,805916.0,1593184.0,805916.0,16712,351,351,2,1,351
0,"clickbench","hits","c1_CounterID_x1","Frame(Dictionary(BitPack))",SUM,131072,1.00000000,memory_warm,broad_fused,1491953.0,1612163.0,1612163.0,33112,351,351,1,1,351
0,"clickbench","hits","c1_CounterID_x1","Frame(Dictionary(BitPack))",SUM,131072,1.00000000,buffered_hot,broad_fused,1494787.0,1602228.0,1602228.0,33112,351,351,1,1,351
0,"clickbench","hits","c1_CounterID_x1","Frame(Dictionary(BitPack))",BETWEEN,131072,1.00000000,memory_warm,broad_fused,1609579.0,1646954.0,1646954.0,33112,351,351,1,1,351
0,"clickbench","hits","c1_CounterID_x1","Frame(Dictionary(BitPack))",BETWEEN,131072,1.00000000,buffered_hot,broad_fused,1608677.0,1642999.0,1642999.0,33112,351,351,1,1,351
1,"clickbench","hits","c2_RegionID_x1","Frame(Dictionary(RLE(BitPack)))",SUM,1,0.00000763,memory_warm,selective_closure,41240.8,1127748.0,41240.8,662,18507,18507,2,1,18507
1,"clickbench","hits","c2_RegionID_x1","Frame(Dictionary(RLE(BitPack)))",SUM,1,0.00000763,buffered_hot,selective_closure,44160.6,1129821.0,44160.6,662,18507,18507,2,1,18507
1,"clickbench","hits","c2_RegionID_x1","Frame(Dictionary(RLE(BitPack)))",BETWEEN,1,0.00000763,memory_warm,selective_closure,41489.5,1121889.0,41489.5,662,18507,18507,2,1,18507
1,"clickbench","hits","c2_RegionID_x1","Frame(Dictionary(RLE(BitPack)))",BETWEEN,1,0.00000763,buffered_hot,selective_closure,44102.4,1125704.0,44102.4,662,18507,18507,2,1,18507
1,"clickbench","hits","c2_RegionID_x1","Frame(Dictionary(RLE(BitPack)))",SUM,131,0.00099945,memory_warm,selective_closure,41659.6,1121749.0,41659.6,703,18507,18507,2,1,18507
1,"clickbench","hits","c2_RegionID_x1","Frame(Dictionary(RLE(BitPack)))",SUM,131,0.00099945,buffered_hot,selective_closure,44915.4,1121879.0,44915.4,703,18507,18507,2,1,18507
1,"clickbench","hits","c2_RegionID_x1","Frame(Dictionary(RLE(BitPack)))",BETWEEN,131,0.00099945,memory_warm,selective_closure,41829.8,1124673.0,41829.8,703,18507,18507,2,1,18507
1,"clickbench","hits","c2_RegionID_x1","Frame(Dictionary(RLE(BitPack)))",BETWEEN,131,0.00099945,buffered_hot,selective_closure,45115.7,1125955.0,45115.7,703,18507,18507,2,1,18507
1,"clickbench","hits","c2_RegionID_x1","Frame(Dictionary(RLE(BitPack)))",SUM,1310,0.00999451,memory_warm,selective_closure,57622.4,1123812.0,57622.4,1489,18507,18507,2,1,18507
1,"clickbench","hits","c2_RegionID_x1","Frame(Dictionary(RLE(BitPack)))",SUM,1310,0.00999451,buffered_hot,selective_closure,60190.1,1122299.0,60190.1,1489,18507,18507,2,1,18507
1,"clickbench","hits","c2_RegionID_x1","Frame(Dictionary(RLE(BitPack)))",BETWEEN,1310,0.00999451,memory_warm,selective_closure,57226.9,1122439.0,57226.9,1489,18507,18507,2,1,18507
1,"clickbench","hits","c2_RegionID_x1","Frame(Dictionary(RLE(BitPack)))",BETWEEN,1310,0.00999451,buffered_hot,selective_closure,60568.1,1122040.0,60568.1,1489,18507,18507,2,1,18507
1,"clickbench","hits","c2_RegionID_x1","Frame(Dictionary(RLE(BitPack)))",SUM,13107,0.09999847,memory_warm,selective_closure,185738.0,1122329.0,185738.0,5795,18507,18507,2,1,18507
1,"clickbench","hits","c2_RegionID_x1","Frame(Dictionary(RLE(BitPack)))",SUM,13107,0.09999847,buffered_hot,selective_closure,188261.5,1121779.0,188261.5,5795,18507,18507,2,1,18507
1,"clickbench","hits","c2_RegionID_x1","Frame(Dictionary(RLE(BitPack)))",BETWEEN,13107,0.09999847,memory_warm,selective_closure,188888.0,1130542.0,188888.0,5795,18507,18507,2,1,18507
1,"clickbench","hits","c2_RegionID_x1","Frame(Dictionary(RLE(BitPack)))",BETWEEN,13107,0.09999847,buffered_hot,selective_closure,190219.5,1131814.0,190219.5,5795,18507,18507,2,1,18507
1,"clickbench","hits","c2_RegionID_x1","Frame(Dictionary(RLE(BitPack)))",SUM,65536,0.50000000,memory_warm,selective_closure,688390.0,1123341.0,688390.0,23098,18507,18507,2,1,18507
1,"clickbench","hits","c2_RegionID_x1","Frame(Dictionary(RLE(BitPack)))",SUM,65536,0.50000000,buffered_hot,selective_closure,686157.0,1129711.0,686157.0,23098,18507,18507,2,1,18507
1,"clickbench","hits","c2_RegionID_x1","Frame(Dictionary(RLE(BitPack)))",BETWEEN,65536,0.50000000,memory_warm,selective_closure,702181.0,1140547.0,702181.0,23098,18507,18507,2,1,18507
1,"clickbench","hits","c2_RegionID_x1","Frame(Dictionary(RLE(BitPack)))",BETWEEN,65536,0.50000000,buffered_hot,selective_closure,710233.0,1144452.0,710233.0,23098,18507,18507,2,1,18507
1,"clickbench","hits","c2_RegionID_x1","Frame(Dictionary(RLE(BitPack)))",SUM,131072,1.00000000,memory_warm,broad_fused,1120778.0,1117172.0,1117172.0,43873,18507,18507,1,1,18507
1,"clickbench","hits","c2_RegionID_x1","Frame(Dictionary(RLE(BitPack)))",SUM,131072,1.00000000,buffered_hot,broad_fused,1128609.0,1124503.0,1124503.0,43873,18507,18507,1,1,18507
1,"clickbench","hits","c2_RegionID_x1","Frame(Dictionary(RLE(BitPack)))",BETWEEN,131072,1.00000000,memory_warm,broad_fused,1152464.0,1154768.0,1154768.0,43873,18507,18507,1,1,18507
1,"clickbench","hits","c2_RegionID_x1","Frame(Dictionary(RLE(BitPack)))",BETWEEN,131072,1.00000000,buffered_hot,broad_fused,1156882.0,1154778.0,1154778.0,43873,18507,18507,1,1,18507
2,"clickbench","hits","c3_ResolutionWidth_x1","Frame(Dictionary(RLE(BitPack)))",SUM,1,0.00000763,memory_warm,selective_closure,41444.7,951715.0,41444.7,613,15534,15534,2,1,15534
2,"clickbench","hits","c3_ResolutionWidth_x1","Frame(Dictionary(RLE(BitPack)))",SUM,1,0.00000763,buffered_hot,selective_closure,44122.4,943022.0,44122.4,613,15534,15534,2,1,15534
2,"clickbench","hits","c3_ResolutionWidth_x1","Frame(Dictionary(RLE(BitPack)))",BETWEEN,1,0.00000763,memory_warm,selective_closure,41465.7,949892.0,41465.7,613,15534,15534,2,1,15534
2,"clickbench","hits","c3_ResolutionWidth_x1","Frame(Dictionary(RLE(BitPack)))",BETWEEN,1,0.00000763,buffered_hot,selective_closure,44533.0,940948.0,44533.0,613,15534,15534,2,1,15534
2,"clickbench","hits","c3_ResolutionWidth_x1","Frame(Dictionary(RLE(BitPack)))",SUM,131,0.00099945,memory_warm,selective_closure,41969.2,944304.0,41969.2,645,15534,15534,2,1,15534
2,"clickbench","hits","c3_ResolutionWidth_x1","Frame(Dictionary(RLE(BitPack)))",SUM,131,0.00099945,buffered_hot,selective_closure,44470.2,941058.0,44470.2,645,15534,15534,2,1,15534
2,"clickbench","hits","c3_ResolutionWidth_x1","Frame(Dictionary(RLE(BitPack)))",BETWEEN,131,0.00099945,memory_warm,selective_closure,41935.5,943102.0,41935.5,645,15534,15534,2,1,15534
2,"clickbench","hits","c3_ResolutionWidth_x1","Frame(Dictionary(RLE(BitPack)))",BETWEEN,131,0.00099945,buffered_hot,selective_closure,44800.7,931124.0,44800.7,645,15534,15534,2,1,15534
2,"clickbench","hits","c3_ResolutionWidth_x1","Frame(Dictionary(RLE(BitPack)))",SUM,1310,0.00999451,memory_warm,selective_closure,52094.7,934399.0,52094.7,1259,15534,15534,2,1,15534
2,"clickbench","hits","c3_ResolutionWidth_x1","Frame(Dictionary(RLE(BitPack)))",SUM,1310,0.00999451,buffered_hot,selective_closure,54664.0,927338.0,54664.0,1259,15534,15534,2,1,15534
2,"clickbench","hits","c3_ResolutionWidth_x1","Frame(Dictionary(RLE(BitPack)))",BETWEEN,1310,0.00999451,memory_warm,selective_closure,52064.7,929060.0,52064.7,1259,15534,15534,2,1,15534
2,"clickbench","hits","c3_ResolutionWidth_x1","Frame(Dictionary(RLE(BitPack)))",BETWEEN,1310,0.00999451,buffered_hot,selective_closure,55144.8,968309.0,55144.8,1259,15534,15534,2,1,15534
2,"clickbench","hits","c3_ResolutionWidth_x1","Frame(Dictionary(RLE(BitPack)))",SUM,13107,0.09999847,memory_warm,selective_closure,143471.3,946066.0,143471.3,5238,15534,15534,2,1,15534
2,"clickbench","hits","c3_ResolutionWidth_x1","Frame(Dictionary(RLE(BitPack)))",SUM,13107,0.09999847,buffered_hot,selective_closure,146930.0,931174.0,146930.0,5238,15534,15534,2,1,15534
2,"clickbench","hits","c3_ResolutionWidth_x1","Frame(Dictionary(RLE(BitPack)))",BETWEEN,13107,0.09999847,memory_warm,selective_closure,144700.0,958325.0,144700.0,5238,15534,15534,2,1,15534
2,"clickbench","hits","c3_ResolutionWidth_x1","Frame(Dictionary(RLE(BitPack)))",BETWEEN,13107,0.09999847,buffered_hot,selective_closure,147120.3,960037.0,147120.3,5238,15534,15534,2,1,15534
2,"clickbench","hits","c3_ResolutionWidth_x1","Frame(Dictionary(RLE(BitPack)))",SUM,65536,0.50000000,memory_warm,selective_closure,550884.0,956201.0,550884.0,21894,15534,15534,2,1,15534
2,"clickbench","hits","c3_ResolutionWidth_x1","Frame(Dictionary(RLE(BitPack)))",SUM,65536,0.50000000,buffered_hot,selective_closure,562542.0,955260.0,562542.0,21894,15534,15534,2,1,15534
2,"clickbench","hits","c3_ResolutionWidth_x1","Frame(Dictionary(RLE(BitPack)))",BETWEEN,65536,0.50000000,memory_warm,selective_closure,563813.0,962851.0,563813.0,21894,15534,15534,2,1,15534
2,"clickbench","hits","c3_ResolutionWidth_x1","Frame(Dictionary(RLE(BitPack)))",BETWEEN,65536,0.50000000,buffered_hot,selective_closure,572157.0,949651.0,572157.0,21894,15534,15534,2,1,15534
2,"clickbench","hits","c3_ResolutionWidth_x1","Frame(Dictionary(RLE(BitPack)))",SUM,131072,1.00000000,memory_warm,broad_fused,941499.0,957222.0,957222.0,42739,15534,15534,1,1,15534
2,"clickbench","hits","c3_ResolutionWidth_x1","Frame(Dictionary(RLE(BitPack)))",SUM,131072,1.00000000,buffered_hot,broad_fused,965114.0,949071.0,949071.0,42739,15534,15534,1,1,15534
2,"clickbench","hits","c3_ResolutionWidth_x1","Frame(Dictionary(RLE(BitPack)))",BETWEEN,131072,1.00000000,memory_warm,broad_fused,978344.0,979787.0,979787.0,42739,15534,15534,1,1,15534
2,"clickbench","hits","c3_ResolutionWidth_x1","Frame(Dictionary(RLE(BitPack)))",BETWEEN,131072,1.00000000,buffered_hot,broad_fused,958365.0,966056.0,966056.0,42739,15534,15534,1,1,15534
3,"nab","ambient_temperature","timestamp","Frame(UnsignedDelta(BitPack))",SUM,1,0.00013761,memory_warm,selective_closure,3255.7,29454.1,3255.7,451,559,559,2,1,559
3,"nab","ambient_temperature","timestamp","Frame(UnsignedDelta(BitPack))",SUM,1,0.00013761,buffered_hot,selective_closure,5190.3,30615.9,5190.3,451,559,559,2,1,559
3,"nab","ambient_temperature","timestamp","Frame(UnsignedDelta(BitPack))",BETWEEN,1,0.00013761,memory_warm,selective_closure,3307.0,30141.4,3307.0,451,559,559,2,1,559
3,"nab","ambient_temperature","timestamp","Frame(UnsignedDelta(BitPack))",BETWEEN,1,0.00013761,buffered_hot,selective_closure,5204.4,31270.8,5204.4,451,559,559,2,1,559
3,"nab","ambient_temperature","timestamp","Frame(UnsignedDelta(BitPack))",SUM,7,0.00096326,memory_warm,selective_closure,3253.8,29707.4,3253.8,459,559,559,2,1,559
3,"nab","ambient_temperature","timestamp","Frame(UnsignedDelta(BitPack))",SUM,7,0.00096326,buffered_hot,selective_closure,5170.8,30866.9,5170.8,459,559,559,2,1,559
3,"nab","ambient_temperature","timestamp","Frame(UnsignedDelta(BitPack))",BETWEEN,7,0.00096326,memory_warm,selective_closure,3304.7,30383.6,3304.7,459,559,559,2,1,559
3,"nab","ambient_temperature","timestamp","Frame(UnsignedDelta(BitPack))",BETWEEN,7,0.00096326,buffered_hot,selective_closure,5209.6,31469.1,5209.6,459,559,559,2,1,559
3,"nab","ambient_temperature","timestamp","Frame(UnsignedDelta(BitPack))",SUM,72,0.00990780,memory_warm,selective_closure,3350.5,30002.4,3350.5,539,559,559,2,1,559
3,"nab","ambient_temperature","timestamp","Frame(UnsignedDelta(BitPack))",SUM,72,0.00990780,buffered_hot,selective_closure,5260.1,31037.7,5260.1,539,559,559,2,1,559
3,"nab","ambient_temperature","timestamp","Frame(UnsignedDelta(BitPack))",BETWEEN,72,0.00990780,memory_warm,selective_closure,3457.0,30418.1,3457.0,539,559,559,2,1,559
3,"nab","ambient_temperature","timestamp","Frame(UnsignedDelta(BitPack))",BETWEEN,72,0.00990780,buffered_hot,selective_closure,5380.1,31347.6,5380.1,539,559,559,2,1,559
3,"nab","ambient_temperature","timestamp","Frame(UnsignedDelta(BitPack))",SUM,726,0.09990367,memory_warm,selective_closure,6270.5,30739.1,6270.5,2654,559,559,2,1,559
3,"nab","ambient_temperature","timestamp","Frame(UnsignedDelta(BitPack))",SUM,726,0.09990367,buffered_hot,selective_closure,8199.1,31879.0,8199.1,2654,559,559,2,1,559
3,"nab","ambient_temperature","timestamp","Frame(UnsignedDelta(BitPack))",BETWEEN,726,0.09990367,memory_warm,selective_closure,7052.3,31226.8,7052.3,2654,559,559,2,1,559
3,"nab","ambient_temperature","timestamp","Frame(UnsignedDelta(BitPack))",BETWEEN,726,0.09990367,buffered_hot,selective_closure,9029.2,32315.0,9029.2,2654,559,559,2,1,559
3,"nab","ambient_temperature","timestamp","Frame(UnsignedDelta(BitPack))",SUM,3633,0.49993120,memory_warm,selective_closure,15899.6,34991.6,15899.6,9555,559,559,2,1,559
3,"nab","ambient_temperature","timestamp","Frame(UnsignedDelta(BitPack))",SUM,3633,0.49993120,buffered_hot,selective_closure,17798.1,36347.5,17798.1,9555,559,559,2,1,559
3,"nab","ambient_temperature","timestamp","Frame(UnsignedDelta(BitPack))",BETWEEN,3633,0.49993120,memory_warm,selective_closure,19808.0,34950.1,19808.0,9555,559,559,2,1,559
3,"nab","ambient_temperature","timestamp","Frame(UnsignedDelta(BitPack))",BETWEEN,3633,0.49993120,buffered_hot,selective_closure,21767.1,36148.0,21767.1,9555,559,559,2,1,559
3,"nab","ambient_temperature","timestamp","Frame(UnsignedDelta(BitPack))",SUM,7267,1.00000000,memory_warm,broad_fused,28951.6,40619.0,40619.0,18662,559,559,1,1,559
3,"nab","ambient_temperature","timestamp","Frame(UnsignedDelta(BitPack))",SUM,7267,1.00000000,buffered_hot,broad_fused,30842.4,41679.1,41679.1,18662,559,559,1,1,559
3,"nab","ambient_temperature","timestamp","Frame(UnsignedDelta(BitPack))",BETWEEN,7267,1.00000000,memory_warm,broad_fused,34016.6,36752.7,36752.7,18662,559,559,1,1,559
3,"nab","ambient_temperature","timestamp","Frame(UnsignedDelta(BitPack))",BETWEEN,7267,1.00000000,buffered_hot,broad_fused,35993.1,37909.8,37909.8,18662,559,559,1,1,559
4,"nab","nyc_taxi","timestamp","Frame(Delta(BitPack))",SUM,1,0.00009690,memory_warm,selective_closure,1812.6,42997.1,1812.6,387,503,503,2,1,503
4,"nab","nyc_taxi","timestamp","Frame(Delta(BitPack))",SUM,1,0.00009690,buffered_hot,selective_closure,3749.8,43966.7,3749.8,387,503,503,2,1,503
4,"nab","nyc_taxi","timestamp","Frame(Delta(BitPack))",BETWEEN,1,0.00009690,memory_warm,selective_closure,1861.7,45293.2,1861.7,387,503,503,2,1,503
4,"nab","nyc_taxi","timestamp","Frame(Delta(BitPack))",BETWEEN,1,0.00009690,buffered_hot,selective_closure,3748.2,46402.4,3748.2,387,503,503,2,1,503
4,"nab","nyc_taxi","timestamp","Frame(Delta(BitPack))",SUM,10,0.00096899,memory_warm,selective_closure,1829.9,43075.4,1829.9,395,503,503,2,1,503
4,"nab","nyc_taxi","timestamp","Frame(Delta(BitPack))",SUM,10,0.00096899,buffered_hot,selective_closure,3749.5,44006.8,3749.5,395,503,503,2,1,503
4,"nab","nyc_taxi","timestamp","Frame(Delta(BitPack))",BETWEEN,10,0.00096899,memory_warm,selective_closure,1895.4,45184.9,1895.4,395,503,503,2,1,503
4,"nab","nyc_taxi","timestamp","Frame(Delta(BitPack))",BETWEEN,10,0.00096899,buffered_hot,selective_closure,3803.1,46570.7,3803.1,395,503,503,2,1,503
4,"nab","nyc_taxi","timestamp","Frame(Delta(BitPack))",SUM,103,0.00998062,memory_warm,selective_closure,2924.2,43191.9,2924.2,855,503,503,2,1,503
4,"nab","nyc_taxi","timestamp","Frame(Delta(BitPack))",SUM,103,0.00998062,buffered_hot,selective_closure,4904.2,44394.6,4904.2,855,503,503,2,1,503
4,"nab","nyc_taxi","timestamp","Frame(Delta(BitPack))",BETWEEN,103,0.00998062,memory_warm,selective_closure,3081.1,45305.8,3081.1,855,503,503,2,1,503
4,"nab","nyc_taxi","timestamp","Frame(Delta(BitPack))",BETWEEN,103,0.00998062,buffered_hot,selective_closure,5116.7,46397.4,5116.7,855,503,503,2,1,503
4,"nab","nyc_taxi","timestamp","Frame(Delta(BitPack))",SUM,1032,0.10000000,memory_warm,selective_closure,5672.7,44262.5,5672.7,1957,503,503,2,1,503
4,"nab","nyc_taxi","timestamp","Frame(Delta(BitPack))",SUM,1032,0.10000000,buffered_hot,selective_closure,7720.0,45435.3,7720.0,1957,503,503,2,1,503
4,"nab","nyc_taxi","timestamp","Frame(Delta(BitPack))",BETWEEN,1032,0.10000000,memory_warm,selective_closure,6915.1,46364.4,6915.1,1957,503,503,2,1,503
4,"nab","nyc_taxi","timestamp","Frame(Delta(BitPack))",BETWEEN,1032,0.10000000,buffered_hot,selective_closure,8901.7,47470.0,8901.7,1957,503,503,2,1,503
4,"nab","nyc_taxi","timestamp","Frame(Delta(BitPack))",SUM,5160,0.50000000,memory_warm,selective_closure,21257.9,50072.8,21257.9,8237,503,503,2,1,503
4,"nab","nyc_taxi","timestamp","Frame(Delta(BitPack))",SUM,5160,0.50000000,buffered_hot,selective_closure,23345.4,51188.8,23345.4,8237,503,503,2,1,503
4,"nab","nyc_taxi","timestamp","Frame(Delta(BitPack))",BETWEEN,5160,0.50000000,memory_warm,selective_closure,27200.2,51253.4,27200.2,8237,503,503,2,1,503
4,"nab","nyc_taxi","timestamp","Frame(Delta(BitPack))",BETWEEN,5160,0.50000000,buffered_hot,selective_closure,29124.8,52624.3,29124.8,8237,503,503,2,1,503
4,"nab","nyc_taxi","timestamp","Frame(Delta(BitPack))",SUM,10320,1.00000000,memory_warm,broad_fused,41789.2,57405.9,57405.9,16087,503,503,1,1,503
4,"nab","nyc_taxi","timestamp","Frame(Delta(BitPack))",SUM,10320,1.00000000,buffered_hot,broad_fused,43288.5,58820.5,58820.5,16087,503,503,1,1,503
4,"nab","nyc_taxi","timestamp","Frame(Delta(BitPack))",BETWEEN,10320,1.00000000,memory_warm,broad_fused,49123.5,54102.1,54102.1,16087,503,503,1,1,503
4,"nab","nyc_taxi","timestamp","Frame(Delta(BitPack))",BETWEEN,10320,1.00000000,buffered_hot,broad_fused,51045.3,55122.6,55122.6,16087,503,503,1,1,503
5,"nab","nyc_taxi","value_x1","Frame(Delta(BitPack))",SUM,1,0.00009690,memory_warm,selective_closure,16466.4,57606.2,16466.4,406,18855,18855,2,1,18855
5,"nab","nyc_taxi","value_x1","Frame(Delta(BitPack))",SUM,1,0.00009690,buffered_hot,selective_closure,19025.8,59371.4,19025.8,406,18855,18855,2,1,18855
5,"nab","nyc_taxi","value_x1","Frame(Delta(BitPack))",BETWEEN,1,0.00009690,memory_warm,selective_closure,16598.8,59695.6,16598.8,406,18855,18855,2,1,18855
5,"nab","nyc_taxi","value_x1","Frame(Delta(BitPack))",BETWEEN,1,0.00009690,buffered_hot,selective_closure,19224.9,61439.5,19224.9,406,18855,18855,2,1,18855
5,"nab","nyc_taxi","value_x1","Frame(Delta(BitPack))",SUM,10,0.00096899,memory_warm,selective_closure,16614.2,57731.5,16614.2,416,18855,18855,2,1,18855
5,"nab","nyc_taxi","value_x1","Frame(Delta(BitPack))",SUM,10,0.00096899,buffered_hot,selective_closure,19238.4,60048.6,19238.4,416,18855,18855,2,1,18855
5,"nab","nyc_taxi","value_x1","Frame(Delta(BitPack))",BETWEEN,10,0.00096899,memory_warm,selective_closure,16538.2,59992.2,16538.2,416,18855,18855,2,1,18855
5,"nab","nyc_taxi","value_x1","Frame(Delta(BitPack))",BETWEEN,10,0.00096899,buffered_hot,selective_closure,19149.9,62001.5,19149.9,416,18855,18855,2,1,18855
5,"nab","nyc_taxi","value_x1","Frame(Delta(BitPack))",SUM,103,0.00998062,memory_warm,selective_closure,17586.3,58368.6,17586.3,1026,18855,18855,2,1,18855
5,"nab","nyc_taxi","value_x1","Frame(Delta(BitPack))",SUM,103,0.00998062,buffered_hot,selective_closure,20145.2,60062.4,20145.2,1026,18855,18855,2,1,18855
5,"nab","nyc_taxi","value_x1","Frame(Delta(BitPack))",BETWEEN,103,0.00998062,memory_warm,selective_closure,17767.3,60310.2,17767.3,1026,18855,18855,2,1,18855
5,"nab","nyc_taxi","value_x1","Frame(Delta(BitPack))",BETWEEN,103,0.00998062,buffered_hot,selective_closure,20371.3,61565.0,20371.3,1026,18855,18855,2,1,18855
5,"nab","nyc_taxi","value_x1","Frame(Delta(BitPack))",SUM,1032,0.10000000,memory_warm,selective_closure,20425.5,59803.2,20425.5,2486,18855,18855,2,1,18855
5,"nab","nyc_taxi","value_x1","Frame(Delta(BitPack))",SUM,1032,0.10000000,buffered_hot,selective_closure,22979.1,61303.0,22979.1,2486,18855,18855,2,1,18855
5,"nab","nyc_taxi","value_x1","Frame(Delta(BitPack))",BETWEEN,1032,0.10000000,memory_warm,selective_closure,21196.5,60262.6,21196.5,2486,18855,18855,2,1,18855
5,"nab","nyc_taxi","value_x1","Frame(Delta(BitPack))",BETWEEN,1032,0.10000000,buffered_hot,selective_closure,23862.7,61932.8,23862.7,2486,18855,18855,2,1,18855
5,"nab","nyc_taxi","value_x1","Frame(Delta(BitPack))",SUM,5160,0.50000000,memory_warm,selective_closure,36334.4,64828.4,36334.4,10806,18855,18855,2,1,18855
5,"nab","nyc_taxi","value_x1","Frame(Delta(BitPack))",SUM,5160,0.50000000,buffered_hot,selective_closure,38847.3,66594.0,38847.3,10806,18855,18855,2,1,18855
5,"nab","nyc_taxi","value_x1","Frame(Delta(BitPack))",BETWEEN,5160,0.50000000,memory_warm,selective_closure,40510.6,64286.3,40510.6,10806,18855,18855,2,1,18855
5,"nab","nyc_taxi","value_x1","Frame(Delta(BitPack))",BETWEEN,5160,0.50000000,buffered_hot,selective_closure,42732.2,66293.4,42732.2,10806,18855,18855,2,1,18855
5,"nab","nyc_taxi","value_x1","Frame(Delta(BitPack))",SUM,10320,1.00000000,memory_warm,broad_fused,56056.4,72077.8,72077.8,21206,18855,18855,1,1,18855
5,"nab","nyc_taxi","value_x1","Frame(Delta(BitPack))",SUM,10320,1.00000000,buffered_hot,broad_fused,58905.6,73913.8,73913.8,21206,18855,18855,1,1,18855
5,"nab","nyc_taxi","value_x1","Frame(Delta(BitPack))",BETWEEN,10320,1.00000000,memory_warm,broad_fused,64496.6,68983.2,68983.2,21206,18855,18855,1,1,18855
5,"nab","nyc_taxi","value_x1","Frame(Delta(BitPack))",BETWEEN,10320,1.00000000,buffered_hot,broad_fused,67008.9,71309.7,71309.7,21206,18855,18855,1,1,18855
6,"nab","twitter_aapl","timestamp","Frame(Delta(BitPack))",SUM,1,0.00006289,memory_warm,selective_closure,2447.3,68026.0,2447.3,346,521,521,2,1,521
6,"nab","twitter_aapl","timestamp","Frame(Delta(BitPack))",SUM,1,0.00006289,buffered_hot,selective_closure,4339.1,68943.1,4339.1,346,521,521,2,1,521
6,"nab","twitter_aapl","timestamp","Frame(Delta(BitPack))",BETWEEN,1,0.00006289,memory_warm,selective_closure,2478.5,71280.0,2478.5,346,521,521,2,1,521
6,"nab","twitter_aapl","timestamp","Frame(Delta(BitPack))",BETWEEN,1,0.00006289,buffered_hot,selective_closure,4383.6,71573.7,4383.6,346,521,521,2,1,521
6,"nab","twitter_aapl","timestamp","Frame(Delta(BitPack))",SUM,15,0.00094328,memory_warm,selective_closure,2476.8,67214.9,2476.8,355,521,521,2,1,521
6,"nab","twitter_aapl","timestamp","Frame(Delta(BitPack))",SUM,15,0.00094328,buffered_hot,selective_closure,4401.3,68647.0,4401.3,355,521,521,2,1,521
6,"nab","twitter_aapl","timestamp","Frame(Delta(BitPack))",BETWEEN,15,0.00094328,memory_warm,selective_closure,2512.9,71298.3,2512.9,355,521,521,2,1,521
6,"nab","twitter_aapl","timestamp","Frame(Delta(BitPack))",BETWEEN,15,0.00094328,buffered_hot,selective_closure,4426.2,72136.3,4426.2,355,521,521,2,1,521
6,"nab","twitter_aapl","timestamp","Frame(Delta(BitPack))",SUM,159,0.00999874,memory_warm,selective_closure,3651.3,67838.7,3651.3,772,521,521,2,1,521
6,"nab","twitter_aapl","timestamp","Frame(Delta(BitPack))",SUM,159,0.00999874,buffered_hot,selective_closure,5609.4,68808.7,5609.4,772,521,521,2,1,521
6,"nab","twitter_aapl","timestamp","Frame(Delta(BitPack))",BETWEEN,159,0.00999874,memory_warm,selective_closure,3874.8,71243.3,3874.8,772,521,521,2,1,521
6,"nab","twitter_aapl","timestamp","Frame(Delta(BitPack))",BETWEEN,159,0.00999874,buffered_hot,selective_closure,5838.4,72133.0,5838.4,772,521,521,2,1,521
6,"nab","twitter_aapl","timestamp","Frame(Delta(BitPack))",SUM,1590,0.09998742,memory_warm,selective_closure,9103.4,70136.4,9103.4,2669,521,521,2,1,521
6,"nab","twitter_aapl","timestamp","Frame(Delta(BitPack))",SUM,1590,0.09998742,buffered_hot,selective_closure,11005.1,71183.6,11005.1,2669,521,521,2,1,521
6,"nab","twitter_aapl","timestamp","Frame(Delta(BitPack))",BETWEEN,1590,0.09998742,memory_warm,selective_closure,11006.7,72955.8,11006.7,2669,521,521,2,1,521
6,"nab","twitter_aapl","timestamp","Frame(Delta(BitPack))",BETWEEN,1590,0.09998742,buffered_hot,selective_closure,13017.1,73949.2,13017.1,2669,521,521,2,1,521
6,"nab","twitter_aapl","timestamp","Frame(Delta(BitPack))",SUM,7951,0.50000000,memory_warm,selective_closure,33020.8,78689.5,33020.8,10652,521,521,2,1,521
6,"nab","twitter_aapl","timestamp","Frame(Delta(BitPack))",SUM,7951,0.50000000,buffered_hot,selective_closure,35101.8,79672.5,35101.8,10652,521,521,2,1,521
6,"nab","twitter_aapl","timestamp","Frame(Delta(BitPack))",BETWEEN,7951,0.50000000,memory_warm,selective_closure,42218.6,80582.2,42218.6,10652,521,521,2,1,521
6,"nab","twitter_aapl","timestamp","Frame(Delta(BitPack))",BETWEEN,7951,0.50000000,buffered_hot,selective_closure,43778.5,81635.5,43778.5,10652,521,521,2,1,521
6,"nab","twitter_aapl","timestamp","Frame(Delta(BitPack))",SUM,15902,1.00000000,memory_warm,broad_fused,65759.9,90185.0,90185.0,20639,521,521,1,1,521
6,"nab","twitter_aapl","timestamp","Frame(Delta(BitPack))",SUM,15902,1.00000000,buffered_hot,broad_fused,67249.1,91474.8,91474.8,20639,521,521,1,1,521
6,"nab","twitter_aapl","timestamp","Frame(Delta(BitPack))",BETWEEN,15902,1.00000000,memory_warm,broad_fused,77434.3,84454.4,84454.4,20639,521,521,1,1,521
6,"nab","twitter_aapl","timestamp","Frame(Delta(BitPack))",BETWEEN,15902,1.00000000,buffered_hot,broad_fused,78734.5,84772.8,84772.8,20639,521,521,1,1,521
7,"nab","twitter_aapl","value_x1","Frame(Delta(BitPack))",SUM,1,0.00006289,memory_warm,selective_closure,19044.8,84522.6,19044.8,354,18983,18983,2,1,18983
7,"nab","twitter_aapl","value_x1","Frame(Delta(BitPack))",SUM,1,0.00006289,buffered_hot,selective_closure,21972.5,86489.4,21972.5,354,18983,18983,2,1,18983
7,"nab","twitter_aapl","value_x1","Frame(Delta(BitPack))",BETWEEN,1,0.00006289,memory_warm,selective_closure,19209.5,88152.0,19209.5,354,18983,18983,2,1,18983
7,"nab","twitter_aapl","value_x1","Frame(Delta(BitPack))",BETWEEN,1,0.00006289,buffered_hot,selective_closure,22004.7,89932.6,22004.7,354,18983,18983,2,1,18983
7,"nab","twitter_aapl","value_x1","Frame(Delta(BitPack))",SUM,15,0.00094328,memory_warm,selective_closure,19228.0,84552.6,19228.0,366,18983,18983,2,1,18983
7,"nab","twitter_aapl","value_x1","Frame(Delta(BitPack))",SUM,15,0.00094328,buffered_hot,selective_closure,21948.3,86156.8,21948.3,366,18983,18983,2,1,18983
7,"nab","twitter_aapl","value_x1","Frame(Delta(BitPack))",BETWEEN,15,0.00094328,memory_warm,selective_closure,19285.7,87963.6,19285.7,366,18983,18983,2,1,18983
7,"nab","twitter_aapl","value_x1","Frame(Delta(BitPack))",BETWEEN,15,0.00094328,buffered_hot,selective_closure,22070.3,90237.0,22070.3,366,18983,18983,2,1,18983
7,"nab","twitter_aapl","value_x1","Frame(Delta(BitPack))",SUM,159,0.00999874,memory_warm,selective_closure,20400.1,84312.2,20400.1,947,18983,18983,2,1,18983
7,"nab","twitter_aapl","value_x1","Frame(Delta(BitPack))",SUM,159,0.00999874,buffered_hot,selective_closure,23137.0,86455.4,23137.0,947,18983,18983,2,1,18983
7,"nab","twitter_aapl","value_x1","Frame(Delta(BitPack))",BETWEEN,159,0.00999874,memory_warm,selective_closure,20529.4,87603.2,20529.4,947,18983,18983,2,1,18983
7,"nab","twitter_aapl","value_x1","Frame(Delta(BitPack))",BETWEEN,159,0.00999874,buffered_hot,selective_closure,23434.6,89688.2,23434.6,947,18983,18983,2,1,18983
7,"nab","twitter_aapl","value_x1","Frame(Delta(BitPack))",SUM,1590,0.09998742,memory_warm,selective_closure,25794.4,86822.0,25794.4,3586,18983,18983,2,1,18983
7,"nab","twitter_aapl","value_x1","Frame(Delta(BitPack))",SUM,1590,0.09998742,buffered_hot,selective_closure,28665.2,88616.6,28665.2,3586,18983,18983,2,1,18983
7,"nab","twitter_aapl","value_x1","Frame(Delta(BitPack))",BETWEEN,1590,0.09998742,memory_warm,selective_closure,27362.8,89367.6,27362.8,3586,18983,18983,2,1,18983
7,"nab","twitter_aapl","value_x1","Frame(Delta(BitPack))",BETWEEN,1590,0.09998742,buffered_hot,selective_closure,30505.6,91441.0,30505.6,3586,18983,18983,2,1,18983
7,"nab","twitter_aapl","value_x1","Frame(Delta(BitPack))",SUM,7951,0.50000000,memory_warm,selective_closure,49814.5,95825.4,49814.5,14695,18983,18983,2,1,18983
7,"nab","twitter_aapl","value_x1","Frame(Delta(BitPack))",SUM,7951,0.50000000,buffered_hot,selective_closure,52846.9,97672.2,52846.9,14695,18983,18983,2,1,18983
7,"nab","twitter_aapl","value_x1","Frame(Delta(BitPack))",BETWEEN,7951,0.50000000,memory_warm,selective_closure,57221.3,96180.0,57221.3,14695,18983,18983,2,1,18983
7,"nab","twitter_aapl","value_x1","Frame(Delta(BitPack))",BETWEEN,7951,0.50000000,buffered_hot,selective_closure,60421.8,99086.2,60421.8,14695,18983,18983,2,1,18983
7,"nab","twitter_aapl","value_x1","Frame(Delta(BitPack))",SUM,15902,1.00000000,memory_warm,broad_fused,82330.0,106794.8,106794.8,28590,18983,18983,1,1,18983
7,"nab","twitter_aapl","value_x1","Frame(Delta(BitPack))",SUM,15902,1.00000000,buffered_hot,broad_fused,85083.2,108612.5,108612.5,28590,18983,18983,1,1,18983
7,"nab","twitter_aapl","value_x1","Frame(Delta(BitPack))",BETWEEN,15902,1.00000000,memory_warm,broad_fused,96917.0,103567.5,103567.5,28590,18983,18983,1,1,18983
7,"nab","twitter_aapl","value_x1","Frame(Delta(BitPack))",BETWEEN,15902,1.00000000,buffered_hot,broad_fused,99859.4,105372.8,105372.8,28590,18983,18983,1,1,18983
8,"publicbi","Bimbo","c0_Agencia_ID_x1","Frame(Dictionary(BitPack))",SUM,1,0.00000763,memory_warm,selective_closure,4403.6,1587926.0,4403.6,329,690,690,2,1,690
8,"publicbi","Bimbo","c0_Agencia_ID_x1","Frame(Dictionary(BitPack))",SUM,1,0.00000763,buffered_hot,selective_closure,6338.2,1591121.0,6338.2,329,690,690,2,1,690
8,"publicbi","Bimbo","c0_Agencia_ID_x1","Frame(Dictionary(BitPack))",BETWEEN,1,0.00000763,memory_warm,selective_closure,4470.2,1602198.0,4470.2,329,690,690,2,1,690
8,"publicbi","Bimbo","c0_Agencia_ID_x1","Frame(Dictionary(BitPack))",BETWEEN,1,0.00000763,buffered_hot,selective_closure,6375.6,1603710.0,6375.6,329,690,690,2,1,690
8,"publicbi","Bimbo","c0_Agencia_ID_x1","Frame(Dictionary(BitPack))",SUM,131,0.00099945,memory_warm,selective_closure,5927.6,1589779.0,5927.6,378,690,690,2,1,690
8,"publicbi","Bimbo","c0_Agencia_ID_x1","Frame(Dictionary(BitPack))",SUM,131,0.00099945,buffered_hot,selective_closure,7907.7,1589990.0,7907.7,378,690,690,2,1,690
8,"publicbi","Bimbo","c0_Agencia_ID_x1","Frame(Dictionary(BitPack))",BETWEEN,131,0.00099945,memory_warm,selective_closure,6086.4,1604542.0,6086.4,378,690,690,2,1,690
8,"publicbi","Bimbo","c0_Agencia_ID_x1","Frame(Dictionary(BitPack))",BETWEEN,131,0.00099945,buffered_hot,selective_closure,7971.9,1602718.0,7971.9,378,690,690,2,1,690
8,"publicbi","Bimbo","c0_Agencia_ID_x1","Frame(Dictionary(BitPack))",SUM,1310,0.00999451,memory_warm,selective_closure,19471.1,1584341.0,19471.1,820,690,690,2,1,690
8,"publicbi","Bimbo","c0_Agencia_ID_x1","Frame(Dictionary(BitPack))",SUM,1310,0.00999451,buffered_hot,selective_closure,21585.3,1591111.0,21585.3,820,690,690,2,1,690
8,"publicbi","Bimbo","c0_Agencia_ID_x1","Frame(Dictionary(BitPack))",BETWEEN,1310,0.00999451,memory_warm,selective_closure,20557.9,1604181.0,20557.9,820,690,690,2,1,690
8,"publicbi","Bimbo","c0_Agencia_ID_x1","Frame(Dictionary(BitPack))",BETWEEN,1310,0.00999451,buffered_hot,selective_closure,22483.2,1606454.0,22483.2,820,690,690,2,1,690
8,"publicbi","Bimbo","c0_Agencia_ID_x1","Frame(Dictionary(BitPack))",SUM,13107,0.09999847,memory_warm,selective_closure,156694.3,1590681.0,156694.3,5268,690,690,2,1,690
8,"publicbi","Bimbo","c0_Agencia_ID_x1","Frame(Dictionary(BitPack))",SUM,13107,0.09999847,buffered_hot,selective_closure,160270.0,1594706.0,160270.0,5268,690,690,2,1,690
8,"publicbi","Bimbo","c0_Agencia_ID_x1","Frame(Dictionary(BitPack))",BETWEEN,13107,0.09999847,memory_warm,selective_closure,167535.5,1613274.0,167535.5,5268,690,690,2,1,690
8,"publicbi","Bimbo","c0_Agencia_ID_x1","Frame(Dictionary(BitPack))",BETWEEN,13107,0.09999847,buffered_hot,selective_closure,168822.5,1630079.0,168822.5,5268,690,690,2,1,690
8,"publicbi","Bimbo","c0_Agencia_ID_x1","Frame(Dictionary(BitPack))",SUM,65536,0.50000000,memory_warm,selective_closure,782702.0,1622759.0,782702.0,24928,690,690,2,1,690
8,"publicbi","Bimbo","c0_Agencia_ID_x1","Frame(Dictionary(BitPack))",SUM,65536,0.50000000,buffered_hot,selective_closure,785406.0,1630431.0,785406.0,24928,690,690,2,1,690
8,"publicbi","Bimbo","c0_Agencia_ID_x1","Frame(Dictionary(BitPack))",BETWEEN,65536,0.50000000,memory_warm,selective_closure,834980.0,1642318.0,834980.0,24928,690,690,2,1,690
8,"publicbi","Bimbo","c0_Agencia_ID_x1","Frame(Dictionary(BitPack))",BETWEEN,65536,0.50000000,buffered_hot,selective_closure,838946.0,1650059.0,838946.0,24928,690,690,2,1,690
8,"publicbi","Bimbo","c0_Agencia_ID_x1","Frame(Dictionary(BitPack))",SUM,131072,1.00000000,memory_warm,broad_fused,1587276.0,1666293.0,1666293.0,49528,690,690,1,1,690
8,"publicbi","Bimbo","c0_Agencia_ID_x1","Frame(Dictionary(BitPack))",SUM,131072,1.00000000,buffered_hot,broad_fused,1552012.0,1665613.0,1665613.0,49528,690,690,1,1,690
8,"publicbi","Bimbo","c0_Agencia_ID_x1","Frame(Dictionary(BitPack))",BETWEEN,131072,1.00000000,memory_warm,broad_fused,1658732.0,1687195.0,1687195.0,49528,690,690,1,1,690
8,"publicbi","Bimbo","c0_Agencia_ID_x1","Frame(Dictionary(BitPack))",BETWEEN,131072,1.00000000,buffered_hot,broad_fused,1655738.0,1698101.0,1698101.0,49528,690,690,1,1,690
9,"publicbi","Bimbo","c2_Cliente_ID_x1","Frame(FOR(BitPack))",SUM,1,0.00000763,memory_warm,selective_closure,326228.0,671344.0,326228.0,331,66966,66966,2,1,66966
9,"publicbi","Bimbo","c2_Cliente_ID_x1","Frame(FOR(BitPack))",SUM,1,0.00000763,buffered_hot,selective_closure,327480.0,674650.0,327480.0,331,66966,66966,2,1,66966
9,"publicbi","Bimbo","c2_Cliente_ID_x1","Frame(FOR(BitPack))",BETWEEN,1,0.00000763,memory_warm,selective_closure,323264.0,703513.0,323264.0,331,66966,66966,2,1,66966
9,"publicbi","Bimbo","c2_Cliente_ID_x1","Frame(FOR(BitPack))",BETWEEN,1,0.00000763,buffered_hot,selective_closure,327791.0,711354.0,327791.0,331,66966,66966,2,1,66966
9,"publicbi","Bimbo","c2_Cliente_ID_x1","Frame(FOR(BitPack))",SUM,131,0.00099945,memory_warm,selective_closure,323124.0,672557.0,323124.0,721,66966,66966,2,1,66966
9,"publicbi","Bimbo","c2_Cliente_ID_x1","Frame(FOR(BitPack))",SUM,131,0.00099945,buffered_hot,selective_closure,327821.0,675180.0,327821.0,721,66966,66966,2,1,66966
9,"publicbi","Bimbo","c2_Cliente_ID_x1","Frame(FOR(BitPack))",BETWEEN,131,0.00099945,memory_warm,selective_closure,323374.0,703724.0,323374.0,721,66966,66966,2,1,66966
9,"publicbi","Bimbo","c2_Cliente_ID_x1","Frame(FOR(BitPack))",BETWEEN,131,0.00099945,buffered_hot,selective_closure,327199.0,701770.0,327199.0,721,66966,66966,2,1,66966
9,"publicbi","Bimbo","c2_Cliente_ID_x1","Frame(FOR(BitPack))",SUM,1310,0.00999451,memory_warm,selective_closure,325076.0,671365.0,325076.0,4258,66966,66966,2,1,66966
9,"publicbi","Bimbo","c2_Cliente_ID_x1","Frame(FOR(BitPack))",SUM,1310,0.00999451,buffered_hot,selective_closure,330494.0,675090.0,330494.0,4258,66966,66966,2,1,66966
9,"publicbi","Bimbo","c2_Cliente_ID_x1","Frame(FOR(BitPack))",BETWEEN,1310,0.00999451,memory_warm,selective_closure,325648.0,699416.0,325648.0,4258,66966,66966,2,1,66966
9,"publicbi","Bimbo","c2_Cliente_ID_x1","Frame(FOR(BitPack))",BETWEEN,1310,0.00999451,buffered_hot,selective_closure,330755.0,700419.0,330755.0,4258,66966,66966,2,1,66966
9,"publicbi","Bimbo","c2_Cliente_ID_x1","Frame(FOR(BitPack))",SUM,13107,0.09999847,memory_warm,selective_closure,356153.0,681400.0,356153.0,39649,66966,66966,2,1,66966
9,"publicbi","Bimbo","c2_Cliente_ID_x1","Frame(FOR(BitPack))",SUM,13107,0.09999847,buffered_hot,selective_closure,360730.0,686327.0,360730.0,39649,66966,66966,2,1,66966
9,"publicbi","Bimbo","c2_Cliente_ID_x1","Frame(FOR(BitPack))",BETWEEN,13107,0.09999847,memory_warm,selective_closure,363333.0,710043.0,363333.0,39649,66966,66966,2,1,66966
9,"publicbi","Bimbo","c2_Cliente_ID_x1","Frame(FOR(BitPack))",BETWEEN,13107,0.09999847,buffered_hot,selective_closure,369033.0,709983.0,369033.0,39649,66966,66966,2,1,66966
9,"publicbi","Bimbo","c2_Cliente_ID_x1","Frame(FOR(BitPack))",SUM,65536,0.50000000,memory_warm,selective_closure,496664.0,728460.0,496664.0,196936,66966,66966,2,1,66966
9,"publicbi","Bimbo","c2_Cliente_ID_x1","Frame(FOR(BitPack))",SUM,65536,0.50000000,buffered_hot,selective_closure,505016.0,733408.0,505016.0,196936,66966,66966,2,1,66966
9,"publicbi","Bimbo","c2_Cliente_ID_x1","Frame(FOR(BitPack))",BETWEEN,65536,0.50000000,memory_warm,selective_closure,537114.0,740068.0,537114.0,196936,66966,66966,2,1,66966
9,"publicbi","Bimbo","c2_Cliente_ID_x1","Frame(FOR(BitPack))",BETWEEN,65536,0.50000000,buffered_hot,selective_closure,536964.0,744535.0,536964.0,196936,66966,66966,2,1,66966
9,"publicbi","Bimbo","c2_Cliente_ID_x1","Frame(FOR(BitPack))",SUM,131072,1.00000000,memory_warm,broad_fused,673708.0,786778.0,786778.0,393544,66966,66966,1,1,66966
9,"publicbi","Bimbo","c2_Cliente_ID_x1","Frame(FOR(BitPack))",SUM,131072,1.00000000,buffered_hot,broad_fused,679627.0,791204.0,791204.0,393544,66966,66966,1,1,66966
9,"publicbi","Bimbo","c2_Cliente_ID_x1","Frame(FOR(BitPack))",BETWEEN,131072,1.00000000,memory_warm,broad_fused,744915.0,775120.0,775120.0,393544,66966,66966,1,1,66966
9,"publicbi","Bimbo","c2_Cliente_ID_x1","Frame(FOR(BitPack))",BETWEEN,131072,1.00000000,buffered_hot,broad_fused,746518.0,782691.0,782691.0,393544,66966,66966,1,1,66966
10,"publicbi","Bimbo","c3_Demanda_uni_equil_x1","Frame(Dictionary(BitPack))",SUM,1,0.00000763,memory_warm,selective_closure,177976.5,1762698.0,177976.5,329,73139,73139,2,1,73139
10,"publicbi","Bimbo","c3_Demanda_uni_equil_x1","Frame(Dictionary(BitPack))",SUM,1,0.00000763,buffered_hot,selective_closure,183409.5,1772133.0,183409.5,329,73139,73139,2,1,73139
10,"publicbi","Bimbo","c3_Demanda_uni_equil_x1","Frame(Dictionary(BitPack))",BETWEEN,1,0.00000763,memory_warm,selective_closure,177806.0,1782468.0,177806.0,329,73139,73139,2,1,73139
10,"publicbi","Bimbo","c3_Demanda_uni_equil_x1","Frame(Dictionary(BitPack))",BETWEEN,1,0.00000763,buffered_hot,selective_closure,184916.5,1784170.0,184916.5,329,73139,73139,2,1,73139
10,"publicbi","Bimbo","c3_Demanda_uni_equil_x1","Frame(Dictionary(BitPack))",SUM,131,0.00099945,memory_warm,selective_closure,180815.5,1767044.0,180815.5,659,73139,73139,2,1,73139
10,"publicbi","Bimbo","c3_Demanda_uni_equil_x1","Frame(Dictionary(BitPack))",SUM,131,0.00099945,buffered_hot,selective_closure,186404.0,1766484.0,186404.0,659,73139,73139,2,1,73139
10,"publicbi","Bimbo","c3_Demanda_uni_equil_x1","Frame(Dictionary(BitPack))",BETWEEN,131,0.00099945,memory_warm,selective_closure,184125.5,1787035.0,184125.5,659,73139,73139,2,1,73139
10,"publicbi","Bimbo","c3_Demanda_uni_equil_x1","Frame(Dictionary(BitPack))",BETWEEN,131,0.00099945,buffered_hot,selective_closure,186794.5,1794967.0,186794.5,659,73139,73139,2,1,73139
10,"publicbi","Bimbo","c3_Demanda_uni_equil_x1","Frame(Dictionary(BitPack))",SUM,1310,0.00999451,memory_warm,selective_closure,195497.5,1766263.0,195497.5,1926,73139,73139,2,1,73139
10,"publicbi","Bimbo","c3_Demanda_uni_equil_x1","Frame(Dictionary(BitPack))",SUM,1310,0.00999451,buffered_hot,selective_closure,199954.5,1768327.0,199954.5,1926,73139,73139,2,1,73139
10,"publicbi","Bimbo","c3_Demanda_uni_equil_x1","Frame(Dictionary(BitPack))",BETWEEN,1310,0.00999451,memory_warm,selective_closure,197005.0,1791992.0,197005.0,1926,73139,73139,2,1,73139
10,"publicbi","Bimbo","c3_Demanda_uni_equil_x1","Frame(Dictionary(BitPack))",BETWEEN,1310,0.00999451,buffered_hot,selective_closure,202993.5,1802318.0,202993.5,1926,73139,73139,2,1,73139
10,"publicbi","Bimbo","c3_Demanda_uni_equil_x1","Frame(Dictionary(BitPack))",SUM,13107,0.09999847,memory_warm,selective_closure,335141.0,1762267.0,335141.0,13867,73139,73139,2,1,73139
10,"publicbi","Bimbo","c3_Demanda_uni_equil_x1","Frame(Dictionary(BitPack))",SUM,13107,0.09999847,buffered_hot,selective_closure,340900.0,1768637.0,340900.0,13867,73139,73139,2,1,73139
10,"publicbi","Bimbo","c3_Demanda_uni_equil_x1","Frame(Dictionary(BitPack))",BETWEEN,13107,0.09999847,memory_warm,selective_closure,381260.0,1833555.0,381260.0,13867,73139,73139,2,1,73139
10,"publicbi","Bimbo","c3_Demanda_uni_equil_x1","Frame(Dictionary(BitPack))",BETWEEN,13107,0.09999847,buffered_hot,selective_closure,385577.0,1844100.0,385577.0,13867,73139,73139,2,1,73139
10,"publicbi","Bimbo","c3_Demanda_uni_equil_x1","Frame(Dictionary(BitPack))",SUM,65536,0.50000000,memory_warm,selective_closure,947488.0,1781847.0,947488.0,66592,73139,73139,2,1,73139
10,"publicbi","Bimbo","c3_Demanda_uni_equil_x1","Frame(Dictionary(BitPack))",SUM,65536,0.50000000,buffered_hot,selective_closure,951134.0,1784771.0,951134.0,66592,73139,73139,2,1,73139
10,"publicbi","Bimbo","c3_Demanda_uni_equil_x1","Frame(Dictionary(BitPack))",BETWEEN,65536,0.50000000,memory_warm,selective_closure,1217112.0,2026362.0,1217112.0,66592,73139,73139,2,1,73139
10,"publicbi","Bimbo","c3_Demanda_uni_equil_x1","Frame(Dictionary(BitPack))",BETWEEN,65536,0.50000000,buffered_hot,selective_closure,1213436.0,2033373.0,1213436.0,66592,73139,73139,2,1,73139
10,"publicbi","Bimbo","c3_Demanda_uni_equil_x1","Frame(Dictionary(BitPack))",SUM,131072,1.00000000,memory_warm,broad_fused,1729558.0,1806083.0,1806083.0,132856,73139,73139,1,1,73139
10,"publicbi","Bimbo","c3_Demanda_uni_equil_x1","Frame(Dictionary(BitPack))",SUM,131072,1.00000000,buffered_hot,broad_fused,1741196.0,1809779.0,1809779.0,132856,73139,73139,1,1,73139
10,"publicbi","Bimbo","c3_Demanda_uni_equil_x1","Frame(Dictionary(BitPack))",BETWEEN,131072,1.00000000,memory_warm,broad_fused,2273322.0,2275626.0,2275626.0,132856,73139,73139,1,1,73139
10,"publicbi","Bimbo","c3_Demanda_uni_equil_x1","Frame(Dictionary(BitPack))",BETWEEN,131072,1.00000000,buffered_hot,broad_fused,2285871.0,2282316.0,2282316.0,132856,73139,73139,1,1,73139
11,"tpch","lineitem","c0_l_orderkey_x1","Frame(UnsignedDelta(BitPack))",SUM,1,0.00000763,memory_warm,selective_closure,80440.3,510494.0,80440.3,488,26188,26188,2,1,26188
11,"tpch","lineitem","c0_l_orderkey_x1","Frame(UnsignedDelta(BitPack))",SUM,1,0.00000763,buffered_hot,selective_closure,82830.0,510394.0,82830.0,488,26188,26188,2,1,26188
11,"tpch","lineitem","c0_l_orderkey_x1","Frame(UnsignedDelta(BitPack))",BETWEEN,1,0.00000763,memory_warm,selective_closure,79357.0,517184.0,79357.0,488,26188,26188,2,1,26188
11,"tpch","lineitem","c0_l_orderkey_x1","Frame(UnsignedDelta(BitPack))",BETWEEN,1,0.00000763,buffered_hot,selective_closure,83052.5,522031.0,83052.5,488,26188,26188,2,1,26188
11,"tpch","lineitem","c0_l_orderkey_x1","Frame(UnsignedDelta(BitPack))",SUM,131,0.00099945,memory_warm,selective_closure,80735.8,510865.0,80735.8,537,26188,26188,2,1,26188
11,"tpch","lineitem","c0_l_orderkey_x1","Frame(UnsignedDelta(BitPack))",SUM,131,0.00099945,buffered_hot,selective_closure,83280.6,510143.0,83280.6,537,26188,26188,2,1,26188
11,"tpch","lineitem","c0_l_orderkey_x1","Frame(UnsignedDelta(BitPack))",BETWEEN,131,0.00099945,memory_warm,selective_closure,80700.8,522282.0,80700.8,537,26188,26188,2,1,26188
11,"tpch","lineitem","c0_l_orderkey_x1","Frame(UnsignedDelta(BitPack))",BETWEEN,131,0.00099945,buffered_hot,selective_closure,83072.4,519057.0,83072.4,537,26188,26188,2,1,26188
11,"tpch","lineitem","c0_l_orderkey_x1","Frame(UnsignedDelta(BitPack))",SUM,1310,0.00999451,memory_warm,selective_closure,83785.4,512386.0,83785.4,1258,26188,26188,2,1,26188
11,"tpch","lineitem","c0_l_orderkey_x1","Frame(UnsignedDelta(BitPack))",SUM,1310,0.00999451,buffered_hot,selective_closure,86723.8,510364.0,86723.8,1258,26188,26188,2,1,26188
11,"tpch","lineitem","c0_l_orderkey_x1","Frame(UnsignedDelta(BitPack))",BETWEEN,1310,0.00999451,memory_warm,selective_closure,85299.6,520539.0,85299.6,1258,26188,26188,2,1,26188
11,"tpch","lineitem","c0_l_orderkey_x1","Frame(UnsignedDelta(BitPack))",BETWEEN,1310,0.00999451,buffered_hot,selective_closure,87877.4,523874.0,87877.4,1258,26188,26188,2,1,26188
11,"tpch","lineitem","c0_l_orderkey_x1","Frame(UnsignedDelta(BitPack))",SUM,13107,0.09999847,memory_warm,selective_closure,120730.8,528992.0,120730.8,8992,26188,26188,2,1,26188
11,"tpch","lineitem","c0_l_orderkey_x1","Frame(UnsignedDelta(BitPack))",SUM,13107,0.09999847,buffered_hot,selective_closure,124974.5,531265.0,124974.5,8992,26188,26188,2,1,26188
11,"tpch","lineitem","c0_l_orderkey_x1","Frame(UnsignedDelta(BitPack))",BETWEEN,13107,0.09999847,memory_warm,selective_closure,138877.7,535772.0,138877.7,8992,26188,26188,2,1,26188
11,"tpch","lineitem","c0_l_orderkey_x1","Frame(UnsignedDelta(BitPack))",BETWEEN,13107,0.09999847,buffered_hot,selective_closure,138450.3,536764.0,138450.3,8992,26188,26188,2,1,26188
11,"tpch","lineitem","c0_l_orderkey_x1","Frame(UnsignedDelta(BitPack))",SUM,65536,0.50000000,memory_warm,selective_closure,286138.0,606678.0,286138.0,43328,26188,26188,2,1,26188
11,"tpch","lineitem","c0_l_orderkey_x1","Frame(UnsignedDelta(BitPack))",SUM,65536,0.50000000,buffered_hot,selective_closure,289132.0,607048.0,289132.0,43328,26188,26188,2,1,26188
11,"tpch","lineitem","c0_l_orderkey_x1","Frame(UnsignedDelta(BitPack))",BETWEEN,65536,0.50000000,memory_warm,selective_closure,356964.0,600770.0,356964.0,43328,26188,26188,2,1,26188
11,"tpch","lineitem","c0_l_orderkey_x1","Frame(UnsignedDelta(BitPack))",BETWEEN,65536,0.50000000,buffered_hot,selective_closure,360730.0,601931.0,360730.0,43328,26188,26188,2,1,26188
11,"tpch","lineitem","c0_l_orderkey_x1","Frame(UnsignedDelta(BitPack))",SUM,131072,1.00000000,memory_warm,broad_fused,493749.0,704104.0,704104.0,86336,26188,26188,1,1,26188
11,"tpch","lineitem","c0_l_orderkey_x1","Frame(UnsignedDelta(BitPack))",SUM,131072,1.00000000,buffered_hot,broad_fused,496593.0,706307.0,706307.0,86336,26188,26188,1,1,26188
11,"tpch","lineitem","c0_l_orderkey_x1","Frame(UnsignedDelta(BitPack))",BETWEEN,131072,1.00000000,memory_warm,broad_fused,587048.0,633337.0,633337.0,86336,26188,26188,1,1,26188
11,"tpch","lineitem","c0_l_orderkey_x1","Frame(UnsignedDelta(BitPack))",BETWEEN,131072,1.00000000,buffered_hot,broad_fused,589482.0,635992.0,635992.0,86336,26188,26188,1,1,26188
12,"tpch","lineitem","c3_l_linenumber_x1","Frame(FOR(BitPack))",SUM,1,0.00000763,memory_warm,selective_closure,53307.6,397305.0,53307.6,329,21036,21036,2,1,21036
12,"tpch","lineitem","c3_l_linenumber_x1","Frame(FOR(BitPack))",SUM,1,0.00000763,buffered_hot,selective_closure,56561.0,409583.0,56561.0,329,21036,21036,2,1,21036
12,"tpch","lineitem","c3_l_linenumber_x1","Frame(FOR(BitPack))",BETWEEN,1,0.00000763,memory_warm,selective_closure,54362.4,436373.0,54362.4,329,21036,21036,2,1,21036
12,"tpch","lineitem","c3_l_linenumber_x1","Frame(FOR(BitPack))",BETWEEN,1,0.00000763,buffered_hot,selective_closure,56840.0,438827.0,56840.0,329,21036,21036,2,1,21036
12,"tpch","lineitem","c3_l_linenumber_x1","Frame(FOR(BitPack))",SUM,131,0.00099945,memory_warm,selective_closure,54439.2,398736.0,54439.2,378,21036,21036,2,1,21036
12,"tpch","lineitem","c3_l_linenumber_x1","Frame(FOR(BitPack))",SUM,131,0.00099945,buffered_hot,selective_closure,56657.4,401942.0,56657.4,378,21036,21036,2,1,21036
12,"tpch","lineitem","c3_l_linenumber_x1","Frame(FOR(BitPack))",BETWEEN,131,0.00099945,memory_warm,selective_closure,54188.6,439057.0,54188.6,378,21036,21036,2,1,21036
12,"tpch","lineitem","c3_l_linenumber_x1","Frame(FOR(BitPack))",BETWEEN,131,0.00099945,buffered_hot,selective_closure,56817.5,444806.0,56817.5,378,21036,21036,2,1,21036
12,"tpch","lineitem","c3_l_linenumber_x1","Frame(FOR(BitPack))",SUM,1310,0.00999451,memory_warm,selective_closure,56997.9,400119.0,56997.9,820,21036,21036,2,1,21036
12,"tpch","lineitem","c3_l_linenumber_x1","Frame(FOR(BitPack))",SUM,1310,0.00999451,buffered_hot,selective_closure,60301.5,405136.0,60301.5,820,21036,21036,2,1,21036
12,"tpch","lineitem","c3_l_linenumber_x1","Frame(FOR(BitPack))",BETWEEN,1310,0.00999451,memory_warm,selective_closure,58488.9,437044.0,58488.9,820,21036,21036,2,1,21036
12,"tpch","lineitem","c3_l_linenumber_x1","Frame(FOR(BitPack))",BETWEEN,1310,0.00999451,buffered_hot,selective_closure,61315.5,440570.0,61315.5,820,21036,21036,2,1,21036
12,"tpch","lineitem","c3_l_linenumber_x1","Frame(FOR(BitPack))",SUM,13107,0.09999847,memory_warm,selective_closure,87987.8,410515.0,87987.8,5244,21036,21036,2,1,21036
12,"tpch","lineitem","c3_l_linenumber_x1","Frame(FOR(BitPack))",SUM,13107,0.09999847,buffered_hot,selective_closure,91855.4,414100.0,91855.4,5244,21036,21036,2,1,21036
12,"tpch","lineitem","c3_l_linenumber_x1","Frame(FOR(BitPack))",BETWEEN,13107,0.09999847,memory_warm,selective_closure,97099.4,445467.0,97099.4,5244,21036,21036,2,1,21036
12,"tpch","lineitem","c3_l_linenumber_x1","Frame(FOR(BitPack))",BETWEEN,13107,0.09999847,buffered_hot,selective_closure,98992.2,451125.0,98992.2,5244,21036,21036,2,1,21036
12,"tpch","lineitem","c3_l_linenumber_x1","Frame(FOR(BitPack))",SUM,65536,0.50000000,memory_warm,selective_closure,227580.5,457495.0,227580.5,24904,21036,21036,2,1,21036
12,"tpch","lineitem","c3_l_linenumber_x1","Frame(FOR(BitPack))",SUM,65536,0.50000000,buffered_hot,selective_closure,230885.5,460279.0,230885.5,24904,21036,21036,2,1,21036
12,"tpch","lineitem","c3_l_linenumber_x1","Frame(FOR(BitPack))",BETWEEN,65536,0.50000000,memory_warm,selective_closure,331967.0,567640.0,331967.0,24904,21036,21036,2,1,21036
12,"tpch","lineitem","c3_l_linenumber_x1","Frame(FOR(BitPack))",BETWEEN,65536,0.50000000,buffered_hot,selective_closure,337805.0,562762.0,337805.0,24904,21036,21036,2,1,21036
12,"tpch","lineitem","c3_l_linenumber_x1","Frame(FOR(BitPack))",SUM,131072,1.00000000,memory_warm,broad_fused,400520.0,515772.0,515772.0,49480,21036,21036,1,1,21036
12,"tpch","lineitem","c3_l_linenumber_x1","Frame(FOR(BitPack))",SUM,131072,1.00000000,buffered_hot,broad_fused,404536.0,522642.0,522642.0,49480,21036,21036,1,1,21036
12,"tpch","lineitem","c3_l_linenumber_x1","Frame(FOR(BitPack))",BETWEEN,131072,1.00000000,memory_warm,broad_fused,694950.0,733257.0,733257.0,49480,21036,21036,1,1,21036
12,"tpch","lineitem","c3_l_linenumber_x1","Frame(FOR(BitPack))",BETWEEN,131072,1.00000000,buffered_hot,broad_fused,701860.0,736873.0,736873.0,49480,21036,21036,1,1,21036
13,"tpch","lineitem","c4_l_quantity_x1","FOR(BitPack)",SUM,1,0.00000763,memory_warm,selective_closure,287.4,344556.0,287.4,265,360,360,3,0,98624
13,"tpch","lineitem","c4_l_quantity_x1","FOR(BitPack)",SUM,1,0.00000763,buffered_hot,selective_closure,3692.2,350966.0,3692.2,265,360,360,3,0,98624
13,"tpch","lineitem","c4_l_quantity_x1","FOR(BitPack)",BETWEEN,1,0.00000763,memory_warm,selective_closure,318.6,370164.0,318.6,265,360,360,3,0,98624
13,"tpch","lineitem","c4_l_quantity_x1","FOR(BitPack)",BETWEEN,1,0.00000763,buffered_hot,selective_closure,3727.6,375772.0,3727.6,265,360,360,3,0,98624
13,"tpch","lineitem","c4_l_quantity_x1","FOR(BitPack)",SUM,131,0.00099945,memory_warm,selective_closure,645.8,345407.0,645.8,363,456,456,3,0,98624
13,"tpch","lineitem","c4_l_quantity_x1","FOR(BitPack)",SUM,131,0.00099945,buffered_hot,selective_closure,4115.3,350404.0,4115.3,363,456,456,3,0,98624
13,"tpch","lineitem","c4_l_quantity_x1","FOR(BitPack)",BETWEEN,131,0.00099945,memory_warm,selective_closure,851.5,370665.0,851.5,363,456,456,3,0,98624
13,"tpch","lineitem","c4_l_quantity_x1","FOR(BitPack)",BETWEEN,131,0.00099945,buffered_hot,selective_closure,4394.6,377555.0,4394.6,363,456,456,3,0,98624
13,"tpch","lineitem","c4_l_quantity_x1","FOR(BitPack)",SUM,1310,0.00999451,memory_warm,selective_closure,3700.4,345027.0,3700.4,1248,1416,1416,3,0,98624
13,"tpch","lineitem","c4_l_quantity_x1","FOR(BitPack)",SUM,1310,0.00999451,buffered_hot,selective_closure,7214.7,350424.0,7214.7,1248,1416,1416,3,0,98624
13,"tpch","lineitem","c4_l_quantity_x1","FOR(BitPack)",BETWEEN,1310,0.00999451,memory_warm,selective_closure,4855.4,369873.0,4855.4,1248,1416,1416,3,0,98624
13,"tpch","lineitem","c4_l_quantity_x1","FOR(BitPack)",BETWEEN,1310,0.00999451,buffered_hot,selective_closure,8475.8,377996.0,8475.8,1248,1416,1416,3,0,98624
13,"tpch","lineitem","c4_l_quantity_x1","FOR(BitPack)",SUM,13107,0.09999847,memory_warm,selective_closure,34581.1,354921.0,34581.1,10095,10248,10248,3,0,98624
13,"tpch","lineitem","c4_l_quantity_x1","FOR(BitPack)",SUM,13107,0.09999847,buffered_hot,selective_closure,38243.4,360680.0,38243.4,10095,10248,10248,3,0,98624
13,"tpch","lineitem","c4_l_quantity_x1","FOR(BitPack)",BETWEEN,13107,0.09999847,memory_warm,selective_closure,45408.9,379638.0,45408.9,10095,10248,10248,3,0,98624
13,"tpch","lineitem","c4_l_quantity_x1","FOR(BitPack)",BETWEEN,13107,0.09999847,buffered_hot,selective_closure,48938.2,386158.0,48938.2,10095,10248,10248,3,0,98624
13,"tpch","lineitem","c4_l_quantity_x1","FOR(BitPack)",SUM,65536,0.50000000,memory_warm,selective_closure,171877.0,405176.0,171877.0,49416,49416,49416,3,0,98624
13,"tpch","lineitem","c4_l_quantity_x1","FOR(BitPack)",SUM,65536,0.50000000,buffered_hot,selective_closure,177140.5,411286.0,177140.5,49416,49416,49416,3,0,98624
13,"tpch","lineitem","c4_l_quantity_x1","FOR(BitPack)",BETWEEN,65536,0.50000000,memory_warm,selective_closure,435592.0,658235.0,435592.0,49416,49416,49416,3,0,98624
13,"tpch","lineitem","c4_l_quantity_x1","FOR(BitPack)",BETWEEN,65536,0.50000000,buffered_hot,selective_closure,442963.0,668110.0,442963.0,49416,49416,49416,3,0,98624
13,"tpch","lineitem","c4_l_quantity_x1","FOR(BitPack)",SUM,131072,1.00000000,memory_warm,broad_fused,344145.0,460609.0,460609.0,98568,98624,98624,1,0,98624
13,"tpch","lineitem","c4_l_quantity_x1","FOR(BitPack)",SUM,131072,1.00000000,buffered_hot,broad_fused,351456.0,469753.0,469753.0,98568,98624,98624,1,0,98624
13,"tpch","lineitem","c4_l_quantity_x1","FOR(BitPack)",BETWEEN,131072,1.00000000,memory_warm,broad_fused,929311.0,952666.0,952666.0,98568,98624,98624,1,0,98624
13,"tpch","lineitem","c4_l_quantity_x1","FOR(BitPack)",BETWEEN,131072,1.00000000,buffered_hot,broad_fused,935550.0,951795.0,951795.0,98568,98624,98624,1,0,98624
