storage,filesystem,order,cache_state,policy,pages,logical_rows,selected_rows,file_bytes,required_bytes,scheduled_bytes,read_calls,gap_bytes,p25_ns,median_ns,p75_ns,os_read_bytes,os_read_chars,minor_faults,major_faults,query_transferred_bytes,checksum
workspace_mount,xfs,sequential,warm,per_page,1024,90735351,29124514,29026379,21434570,21434570,1083,0,295500151.0,295546009.0,295590977.0,0,21434695,0,0,21434570,886709640255874
workspace_mount,xfs,sequential,warm,sorted_closure,1024,90735351,29124514,29026379,21434570,21434570,1083,0,295950225.0,296026669.0,296148982.0,0,21434695,0,0,21434570,886709640255874
workspace_mount,xfs,sequential,warm,coalesce_512b,1024,90735351,29124514,29026379,21434570,21434570,1083,0,296016805.0,296068483.0,296371426.0,0,21434695,0,0,21434570,886709640255874
workspace_mount,xfs,sequential,warm,coalesce_4k,1024,90735351,29124514,29026379,21434570,23906019,119,2471449,295145191.0,295223809.0,295416767.0,0,23906144,0,0,21434570,886709640255874
workspace_mount,xfs,sequential,warm,coalesce_64k,1024,90735351,29124514,29026379,21434570,29026379,1,7591809,295433132.0,295506261.0,295544328.0,0,29026504,0,0,21434570,886709640255874
workspace_mount,xfs,sequential,warm,full_file,1024,90735351,29124514,29026379,21434570,29026379,1,7591809,295286173.0,295420333.0,296019891.0,0,29026505,0,0,21434570,886709640255874
workspace_mount,xfs,sequential,cold,per_page,1024,90735351,29124514,29026379,21434570,21434570,1083,0,300728448.0,300903590.0,301077961.0,29028352,21434696,0,0,21434570,886709640255874
workspace_mount,xfs,sequential,cold,sorted_closure,1024,90735351,29124514,29026379,21434570,21434570,1083,0,309561257.0,309698012.0,309818663.0,29028352,21434704,0,0,21434570,886709640255874
workspace_mount,xfs,sequential,cold,coalesce_512b,1024,90735351,29124514,29026379,21434570,21434570,1083,0,309697932.0,309999033.0,310315256.0,29028352,21434704,0,0,21434570,886709640255874
workspace_mount,xfs,sequential,cold,coalesce_4k,1024,90735351,29124514,29026379,21434570,23906019,119,2471449,306170864.0,306382410.0,306410583.0,29028352,23906153,0,0,21434570,886709640255874
workspace_mount,xfs,sequential,cold,coalesce_64k,1024,90735351,29124514,29026379,21434570,29026379,1,7591809,306414339.0,306540958.0,306590783.0,29028352,29026513,0,0,21434570,886709640255874
workspace_mount,xfs,sequential,cold,full_file,1024,90735351,29124514,29026379,21434570,29026379,1,7591809,306309712.0,306497774.0,308169186.0,29028352,29026513,0,0,21434570,886709640255874
workspace_mount,xfs,random,warm,per_page,1024,90735351,29124514,29026379,21434570,21434570,1083,0,294279088.0,294367340.0,294460219.0,0,21434704,0,0,21434570,886709640255874
workspace_mount,xfs,random,warm,sorted_closure,1024,90735351,29124514,29026379,21434570,21434570,1083,0,294886528.0,294941830.0,294959467.0,0,21434704,0,0,21434570,886709640255874
workspace_mount,xfs,random,warm,coalesce_512b,1024,90735351,29124514,29026379,21434570,21434570,1083,0,294823664.0,294904605.0,295050162.0,0,21434704,0,0,21434570,886709640255874
workspace_mount,xfs,random,warm,coalesce_4k,1024,90735351,29124514,29026379,21434570,23906019,119,2471449,294148744.0,294196575.0,294282594.0,0,23906153,0,0,21434570,886709640255874
workspace_mount,xfs,random,warm,coalesce_64k,1024,90735351,29124514,29026379,21434570,29026379,1,7591809,294196315.0,294335895.0,294499870.0,0,29026513,0,0,21434570,886709640255874
workspace_mount,xfs,random,warm,full_file,1024,90735351,29124514,29026379,21434570,29026379,1,7591809,294242044.0,294388484.0,294456565.0,0,29026513,0,0,21434570,886709640255874
workspace_mount,xfs,random,cold,per_page,1024,90735351,29124514,29026379,21434570,21434570,1083,0,391897016.0,392323734.0,392816613.0,29028352,21434704,0,0,21434570,886709640255874
workspace_mount,xfs,random,cold,sorted_closure,1024,90735351,29124514,29026379,21434570,21434570,1083,0,309255474.0,309666840.0,309853970.0,29028352,21434705,0,0,21434570,886709640255874
workspace_mount,xfs,random,cold,coalesce_512b,1024,90735351,29124514,29026379,21434570,21434570,1083,0,309254163.0,309290317.0,309355885.0,29028352,21434705,0,0,21434570,886709640255874
workspace_mount,xfs,random,cold,coalesce_4k,1024,90735351,29124514,29026379,21434570,23906019,119,2471449,305884249.0,306226081.0,306248836.0,29028352,23906154,0,0,21434570,886709640255874
workspace_mount,xfs,random,cold,coalesce_64k,1024,90735351,29124514,29026379,21434570,29026379,1,7591809,305946373.0,306073483.0,306483156.0,29028352,29026514,0,0,21434570,886709640255874
workspace_mount,xfs,random,cold,full_file,1024,90735351,29124514,29026379,21434570,29026379,1,7591809,306027445.0,306300073.0,307135353.0,29028352,29026514,0,0,21434570,886709640255874
temporary_mount,ext4,sequential,warm,per_page,1024,90735351,29124514,29026379,21434570,21434570,1083,0,296022282.0,296364043.0,296482050.0,0,21434706,0,0,21434570,886709640255874
temporary_mount,ext4,sequential,warm,sorted_closure,1024,90735351,29124514,29026379,21434570,21434570,1083,0,296863541.0,297088368.0,297302227.0,0,21434706,0,0,21434570,886709640255874
temporary_mount,ext4,sequential,warm,coalesce_512b,1024,90735351,29124514,29026379,21434570,21434570,1083,0,296882690.0,296906036.0,297579073.0,0,21434706,0,0,21434570,886709640255874
temporary_mount,ext4,sequential,warm,coalesce_4k,1024,90735351,29124514,29026379,21434570,23906019,119,2471449,296219268.0,296386378.0,296517584.0,0,23906155,0,0,21434570,886709640255874
temporary_mount,ext4,sequential,warm,coalesce_64k,1024,90735351,29124514,29026379,21434570,29026379,1,7591809,296895240.0,296966195.0,297255769.0,0,29026515,0,0,21434570,886709640255874
temporary_mount,ext4,sequential,warm,full_file,1024,90735351,29124514,29026379,21434570,29026379,1,7591809,296828210.0,297003512.0,297165825.0,0,29026515,0,0,21434570,886709640255874
temporary_mount,ext4,sequential,cold,per_page,1024,90735351,29124514,29026379,21434570,21434570,1083,0,314982470.0,315143020.0,315528858.0,29028352,21434706,0,0,21434570,886709640255874
temporary_mount,ext4,sequential,cold,sorted_closure,1024,90735351,29124514,29026379,21434570,21434570,1083,0,324171153.0,324206676.0,324373535.0,29028352,21434706,0,0,21434570,886709640255874
temporary_mount,ext4,sequential,cold,coalesce_512b,1024,90735351,29124514,29026379,21434570,21434570,1083,0,324462279.0,324520215.0,324586975.0,29028352,21434706,0,0,21434570,886709640255874
temporary_mount,ext4,sequential,cold,coalesce_4k,1024,90735351,29124514,29026379,21434570,23906019,119,2471449,323011117.0,323154893.0,323207421.0,29028352,23906155,0,0,21434570,886709640255874
temporary_mount,ext4,sequential,cold,coalesce_64k,1024,90735351,29124514,29026379,21434570,29026379,1,7591809,318285575.0,318525014.0,319065963.0,29028352,29026515,0,0,21434570,886709640255874
temporary_mount,ext4,sequential,cold,full_file,1024,90735351,29124514,29026379,21434570,29026379,1,7591809,318262261.0,318323202.0,319728676.0,29028352,29026515,0,0,21434570,886709640255874
temporary_mount,ext4,random,warm,per_page,1024,90735351,29124514,29026379,21434570,21434570,1083,0,296407023.0,296840531.0,297292847.0,0,21434706,0,0,21434570,886709640255874
temporary_mount,ext4,random,warm,sorted_closure,1024,90735351,29124514,29026379,21434570,21434570,1083,0,296900491.0,296949825.0,297394671.0,0,21434706,0,0,21434570,886709640255874
temporary_mount,ext4,random,warm,coalesce_512b,1024,90735351,29124514,29026379,21434570,21434570,1083,0,296990065.0,297005829.0,297365978.0,0,21434706,0,0,21434570,886709640255874
temporary_mount,ext4,random,warm,coalesce_4k,1024,90735351,29124514,29026379,21434570,23906019,119,2471449,295900215.0,296207304.0,296529337.0,0,23906155,0,0,21434570,886709640255874
temporary_mount,ext4,random,warm,coalesce_64k,1024,90735351,29124514,29026379,21434570,29026379,1,7591809,296763117.0,297322393.0,297527831.0,0,29026515,0,0,21434570,886709640255874
temporary_mount,ext4,random,warm,full_file,1024,90735351,29124514,29026379,21434570,29026379,1,7591809,296851239.0,296913833.0,296929426.0,0,29026515,0,0,21434570,886709640255874
temporary_mount,ext4,random,cold,per_page,1024,90735351,29124514,29026379,21434570,21434570,1083,0,438550832.0,439059424.0,440917344.0,26902528,21434706,0,0,21434570,886709640255874
temporary_mount,ext4,random,cold,sorted_closure,1024,90735351,29124514,29026379,21434570,21434570,1083,0,324147522.0,324188023.0,324658798.0,29028352,21434706,0,0,21434570,886709640255874
temporary_mount,ext4,random,cold,coalesce_512b,1024,90735351,29124514,29026379,21434570,21434570,1083,0,323607063.0,324093492.0,324318399.0,29028352,21434706,0,0,21434570,886709640255874
temporary_mount,ext4,random,cold,coalesce_4k,1024,90735351,29124514,29026379,21434570,23906019,119,2471449,323051493.0,323250041.0,323955817.0,29028352,23906155,0,0,21434570,886709640255874
temporary_mount,ext4,random,cold,coalesce_64k,1024,90735351,29124514,29026379,21434570,29026379,1,7591809,317806013.0,318293482.0,318494444.0,29028352,29026515,0,0,21434570,886709640255874
temporary_mount,ext4,random,cold,full_file,1024,90735351,29124514,29026379,21434570,29026379,1,7591809,318196838.0,318573542.0,320898942.0,29028352,29026515,0,0,21434570,886709640255874
memory_mount,tmpfs,sequential,warm,per_page,1024,90735351,29124514,29026379,21434570,21434570,1083,0,296194058.0,297011792.0,297040635.0,0,21434706,0,0,21434570,886709640255874
memory_mount,tmpfs,sequential,warm,sorted_closure,1024,90735351,29124514,29026379,21434570,21434570,1083,0,296911072.0,297494104.0,297664610.0,0,21434706,0,0,21434570,886709640255874
memory_mount,tmpfs,sequential,warm,coalesce_512b,1024,90735351,29124514,29026379,21434570,21434570,1083,0,296748769.0,296790121.0,297798941.0,0,21434706,0,0,21434570,886709640255874
memory_mount,tmpfs,sequential,warm,coalesce_4k,1024,90735351,29124514,29026379,21434570,23906019,119,2471449,296659536.0,297258062.0,297337140.0,0,23906155,0,0,21434570,886709640255874
memory_mount,tmpfs,sequential,warm,coalesce_64k,1024,90735351,29124514,29026379,21434570,29026379,1,7591809,298014405.0,298239440.0,298346832.0,0,29026515,0,0,21434570,886709640255874
memory_mount,tmpfs,sequential,warm,full_file,1024,90735351,29124514,29026379,21434570,29026379,1,7591809,297188639.0,298026202.0,298203287.0,0,29026515,0,0,21434570,886709640255874
memory_mount,tmpfs,sequential,cold,per_page,1024,90735351,29124514,29026379,21434570,21434570,1083,0,296242513.0,297041649.0,297340276.0,0,21434706,0,0,21434570,886709640255874
memory_mount,tmpfs,sequential,cold,sorted_closure,1024,90735351,29124514,29026379,21434570,21434570,1083,0,297447867.0,297759573.0,297783860.0,0,21434706,0,0,21434570,886709640255874
memory_mount,tmpfs,sequential,cold,coalesce_512b,1024,90735351,29124514,29026379,21434570,21434570,1083,0,297617792.0,297854486.0,298435266.0,0,21434706,0,0,21434570,886709640255874
memory_mount,tmpfs,sequential,cold,coalesce_4k,1024,90735351,29124514,29026379,21434570,23906019,119,2471449,296511487.0,296737935.0,297476981.0,0,23906155,0,0,21434570,886709640255874
memory_mount,tmpfs,sequential,cold,coalesce_64k,1024,90735351,29124514,29026379,21434570,29026379,1,7591809,297843370.0,299015414.0,300417353.0,0,29026515,0,0,21434570,886709640255874
memory_mount,tmpfs,sequential,cold,full_file,1024,90735351,29124514,29026379,21434570,29026379,1,7591809,297650672.0,298314716.0,298638030.0,0,29026515,0,0,21434570,886709640255874
memory_mount,tmpfs,random,warm,per_page,1024,90735351,29124514,29026379,21434570,21434570,1083,0,295897528.0,296295804.0,296851627.0,0,21434706,0,0,21434570,886709640255874
memory_mount,tmpfs,random,warm,sorted_closure,1024,90735351,29124514,29026379,21434570,21434570,1083,0,296912047.0,297249373.0,297707467.0,0,21434706,0,0,21434570,886709640255874
memory_mount,tmpfs,random,warm,coalesce_512b,1024,90735351,29124514,29026379,21434570,21434570,1083,0,296474874.0,297117195.0,297465456.0,0,21434706,0,0,21434570,886709640255874
memory_mount,tmpfs,random,warm,coalesce_4k,1024,90735351,29124514,29026379,21434570,23906019,119,2471449,296351199.0,297148442.0,297263384.0,0,23906155,0,0,21434570,886709640255874
memory_mount,tmpfs,random,warm,coalesce_64k,1024,90735351,29124514,29026379,21434570,29026379,1,7591809,297104055.0,297515011.0,298088970.0,0,29026515,0,0,21434570,886709640255874
memory_mount,tmpfs,random,warm,full_file,1024,90735351,29124514,29026379,21434570,29026379,1,7591809,297457254.0,297965435.0,297967819.0,0,29026515,0,0,21434570,886709640255874
memory_mount,tmpfs,random,cold,per_page,1024,90735351,29124514,29026379,21434570,21434570,1083,0,296491029.0,296495616.0,297376824.0,0,21434706,0,0,21434570,886709640255874
memory_mount,tmpfs,random,cold,sorted_closure,1024,90735351,29124514,29026379,21434570,21434570,1083,0,296749426.0,297001934.0,297317937.0,0,21434706,0,0,21434570,886709640255874
memory_mount,tmpfs,random,cold,coalesce_512b,1024,90735351,29124514,29026379,21434570,21434570,1083,0,297053100.0,297491698.0,297551817.0,0,21434706,0,0,21434570,886709640255874
memory_mount,tmpfs,random,cold,coalesce_4k,1024,90735351,29124514,29026379,21434570,23906019,119,2471449,296978549.0,297233742.0,297321092.0,0,23906155,0,0,21434570,886709640255874
memory_mount,tmpfs,random,cold,coalesce_64k,1024,90735351,29124514,29026379,21434570,29026379,1,7591809,297249856.0,297405659.0,298005927.0,0,29026515,0,0,21434570,886709640255874
memory_mount,tmpfs,random,cold,full_file,1024,90735351,29124514,29026379,21434570,29026379,1,7591809,297472039.0,297978858.0,300126833.0,0,29026515,0,0,21434570,886709640255874
