pair,predicate,actual_selectivity,known_gen_ns,known_direct_gen_ns,known_fused_ns,known_parquet_ns,complete_gen_ns,complete_direct_gen_ns,complete_fused_ns,complete_scan_ns,parquet_full_ns,parquet_filter_ns,parquet_boundary_ns,parquet_boundary_p4096_ns,parquet_boundary_p16384_ns,known_gen_over_parquet,known_direct_gen_over_parquet,complete_gen_over_scan,complete_gen_over_parquet_full,complete_gen_over_parquet_filter,complete_gen_over_parquet_boundary,complete_gen_over_parquet_boundary_p4096,complete_gen_over_parquet_boundary_p16384,complete_direct_gen_over_parquet_boundary,complete_direct_gen_over_parquet_boundary_p16384,complete_direct_gen_over_storage_gen,discovery_multiplier,discovery_share,direct_discovery_share
0,0.1pct,0.00099945,47492.3,8093.1,261794.6,77581.3,1034889.0,548033.7,1251322.0,1035159.0,1405243.0,1135189.0,1137983.0,913567.0,780983.5,0.6122,0.1043,0.9997,0.7364,0.9116,0.9094,1.1328,1.3251,0.4816,0.7017,0.5296,21.7907,0.9541,0.9852
0,10pct,0.10001373,302287.5,264567.3,274183.1,738119.5,1302629.0,811044.0,1277281.0,1296541.0,1436119.0,1866283.0,1874215.0,1463910.0,1180096.0,0.4095,0.3584,1.0047,0.9070,0.6980,0.6950,0.8898,1.1038,0.4327,0.6873,0.6226,4.3092,0.7679,0.6738
0,1pct,0.01003265,81058.0,40232.2,265102.4,264389.0,1070943.0,579807.7,1256901.0,1071093.0,1417732.0,1392193.0,1391433.0,1116741.0,843647.5,0.3066,0.1522,0.9999,0.7554,0.7692,0.7697,0.9590,1.2694,0.4167,0.6873,0.5414,13.2121,0.9243,0.9306
0,50pct,0.50000763,773928.5,741895.0,296208.3,702626.5,1810760.0,1333476.0,1346455.0,1816549.0,1493676.0,1884300.0,1899362.0,1459594.0,1175309.0,1.1015,1.0559,0.9968,1.2123,0.9610,0.9534,1.2406,1.5407,0.7021,1.1346,0.7364,2.3397,0.5726,0.4436
1,0.1pct,0.00099945,47532.8,7706.5,259956.1,77569.4,1034839.0,546170.7,1244032.0,1034708.0,1382399.0,1140407.0,1140367.0,905345.0,730918.5,0.6128,0.0993,1.0001,0.7486,0.9074,0.9075,1.1430,1.4158,0.4789,0.7472,0.5278,21.7711,0.9541,0.9859
1,10pct,0.10001373,297685.5,260082.0,273350.4,699757.0,1298824.0,807573.5,1274467.0,1298643.0,1407837.0,1818651.0,1831110.0,1409469.0,1106877.0,0.4254,0.3717,1.0001,0.9226,0.7142,0.7093,0.9215,1.1734,0.4410,0.7296,0.6218,4.3631,0.7708,0.6779
1,1pct,0.01003265,78381.5,38574.0,259461.1,243936.4,1066747.0,579367.0,1249530.0,1068619.0,1385112.0,1366275.0,1374988.0,1091083.0,811830.0,0.3213,0.1581,0.9982,0.7702,0.7808,0.7758,0.9777,1.3140,0.4214,0.7137,0.5431,13.6097,0.9265,0.9334
1,50pct,0.50000763,764048.5,738425.0,298607.0,663267.5,1808116.0,1312384.0,1349670.0,1804020.0,1508487.0,1843248.0,1877790.0,1451803.0,1151474.0,1.1519,1.1133,1.0023,1.1986,0.9809,0.9629,1.2454,1.5703,0.6989,1.1397,0.7258,2.3665,0.5774,0.4373
2,0.1pct,0.00099945,1480.8,1468.6,833802.5,28571.4,975204.5,544444.7,1822978.0,977458.0,1043161.0,1056541.0,1060037.0,766557.0,518499.3,0.0518,0.0514,0.9977,0.9349,0.9230,0.9200,1.2722,1.8808,0.5136,1.0500,0.5583,658.5660,0.9985,0.9973
2,10pct,0.10001373,114757.1,114803.0,855895.5,220601.4,1116771.0,672250.5,1850759.0,1116511.0,1068900.0,1306455.0,1310391.0,950612.5,681199.0,0.5202,0.5204,1.0002,1.0448,0.8548,0.8522,1.1748,1.6394,0.5130,0.9869,0.6020,9.7316,0.8972,0.8292
2,1pct,0.01003265,12170.0,12183.2,833662.5,71978.5,993061.5,554486.3,1815677.0,991028.0,1043712.0,1110883.0,1132064.0,802200.5,539607.3,0.1691,0.1693,1.0021,0.9515,0.8939,0.8772,1.2379,1.8403,0.4898,1.0276,0.5584,81.5991,0.9877,0.9780
2,50pct,0.50000763,552717.3,548991.7,896456.5,379798.4,1604421.0,1147157.0,1935697.0,1606294.0,1160978.0,1515148.0,1537351.0,1193876.0,927257.5,1.4553,1.4455,0.9988,1.3820,1.0589,1.0436,1.3439,1.7303,0.7462,1.2372,0.7150,2.9028,0.6555,0.5214
3,0.1pct,0.00099945,264174.0,2912.3,2287803.0,21015.0,291524.7,3657.1,2284869.0,886827.5,743407.5,439723.0,30769.8,49840.5,150082.1,12.5707,0.1386,0.3287,0.3921,0.6630,9.4744,5.8492,1.9424,0.1189,0.0244,0.0125,1.1035,0.0938,0.2037
3,10pct,0.09999847,424385.0,257038.9,2315165.0,71821.9,447750.0,257774.3,2310237.0,1056471.0,760899.0,496883.5,125365.6,113596.2,173112.7,5.9089,3.5788,0.4238,0.5884,0.9011,3.5716,3.9416,2.5865,2.0562,1.4891,0.5757,1.0551,0.0522,0.0029
3,1pct,0.00999451,278466.7,25905.4,2289957.0,22716.4,304347.2,26688.3,2285650.0,905725.5,749236.0,440839.8,32635.9,51514.7,151600.2,12.2584,1.1404,0.3360,0.4062,0.6904,9.3255,5.9080,2.0076,0.8178,0.1760,0.0877,1.0929,0.0850,0.0293
3,50pct,0.50000000,1069530.0,1287436.0,2424448.0,253257.6,1083161.0,1285444.0,2413682.0,1740103.0,798490.0,688210.0,483310.8,427534.8,384958.2,4.2231,5.0835,0.6225,1.3565,1.5739,2.2411,2.5335,2.8137,2.6597,3.3392,1.1868,1.0127,0.0126,-0.0015
4,0.1pct,0.00099945,185563.7,2928.9,2178129.0,16687.2,212242.0,3656.6,2205500.0,807588.5,700693.5,434855.8,26400.8,48138.6,142973.2,11.1201,0.1755,0.2628,0.3029,0.4881,8.0392,4.4090,1.4845,0.1385,0.0256,0.0172,1.1438,0.1257,0.1990
4,10pct,0.09999847,343812.6,257461.0,2209006.0,58973.6,370340.2,257682.7,2230648.0,983502.0,787168.0,481923.8,112296.9,110556.0,166815.5,5.8299,4.3657,0.3766,0.4705,0.7685,3.2979,3.3498,2.2201,2.2947,1.5447,0.6958,1.0772,0.0716,0.0009
4,1pct,0.00999451,199389.4,25858.2,2182896.0,18210.7,225217.0,26633.3,2212090.0,825710.5,696036.5,436443.0,28003.3,49953.2,145157.2,10.9490,1.4199,0.2728,0.3236,0.5160,8.0425,4.5086,1.5515,0.9511,0.1835,0.1183,1.1295,0.1147,0.0291
4,50pct,0.50000000,988619.0,1284312.0,2333361.0,228091.2,1017754.0,1287256.0,2341874.0,1675547.0,748910.5,664551.0,459731.3,419998.5,386782.8,4.3343,5.6307,0.6074,1.3590,1.5315,2.2138,2.4232,2.6313,2.8000,3.3281,1.2648,1.0295,0.0286,0.0023
5,0.1pct,0.00084567,5692.1,306.5,25068.8,7582.8,17545.2,838.8,36932.5,28620.8,31555.6,25394.2,12983.4,26139.4,28840.8,0.7507,0.0404,0.6130,0.5560,0.6909,1.3514,0.6712,0.6083,0.0646,0.0291,0.0478,3.0824,0.6756,0.6346
5,10pct,0.10211416,7517.1,1179.6,25211.7,8401.6,18459.6,1722.3,36127.5,30809.9,31820.6,26324.4,13730.0,26810.2,29445.0,0.8947,0.1404,0.5991,0.5801,0.7012,1.3445,0.6885,0.6269,0.1254,0.0585,0.0933,2.4557,0.5928,0.3151
5,1pct,0.00993658,5851.0,309.9,25020.0,7736.5,17333.9,840.7,36510.8,28718.2,31461.3,25485.0,13033.3,26191.5,28886.1,0.7563,0.0401,0.6036,0.5510,0.6802,1.3300,0.6618,0.6001,0.0645,0.0291,0.0485,2.9626,0.6625,0.6314
5,50pct,0.50000000,14554.8,11383.9,25939.1,16013.6,30227.5,11935.3,41642.5,39462.1,32369.6,34466.3,28402.1,30001.8,32917.9,0.9089,0.7109,0.7660,0.9338,0.8770,1.0643,1.0075,0.9183,0.4202,0.3626,0.3948,2.0768,0.5185,0.0462
6,0.1pct,0.00099206,7343.9,351.0,23879.7,7722.9,28861.4,874.8,45336.2,28886.1,28048.7,22600.8,12812.9,25319.8,25286.7,0.9509,0.0454,0.9991,1.0290,1.2770,2.2525,1.1399,1.1414,0.0683,0.0346,0.0303,3.9300,0.7455,0.5988
6,10pct,0.09995040,8869.4,4127.3,24033.6,10530.9,22455.9,4678.1,37574.5,30670.8,28429.6,25361.9,19048.6,26012.7,25975.1,0.8422,0.3919,0.7322,0.7899,0.8854,1.1789,0.8633,0.8645,0.2456,0.1801,0.2083,2.5318,0.6050,0.1177
6,1pct,0.00992063,7482.1,348.7,23920.8,7842.4,28771.3,880.3,45098.6,29092.2,28219.8,22700.9,13003.0,25479.0,25373.8,0.9541,0.0445,0.9890,1.0195,1.2674,2.2127,1.1292,1.1339,0.0677,0.0347,0.0306,3.8454,0.7399,0.6039
6,50pct,0.50000000,14886.3,15467.6,24597.6,15138.1,36153.4,16063.2,45892.6,37861.2,29602.3,30376.5,27241.7,28517.3,28491.9,0.9834,1.0218,0.9549,1.2213,1.1902,1.3271,1.2678,1.2689,0.5897,0.5638,0.4443,2.4286,0.5882,0.0371
7,0.1pct,0.00099206,11759.9,102.4,28503.7,6966.1,32380.3,642.2,49173.6,31671.4,22801.7,22045.5,12069.5,21793.2,21839.1,1.6882,0.0147,1.0224,1.4201,1.4688,2.6828,1.4858,1.4827,0.0532,0.0294,0.0198,2.7535,0.6368,0.8405
7,10pct,0.09995040,13312.8,1626.6,28591.6,8094.7,26351.2,2152.9,41711.0,33551.6,23025.5,23190.1,16620.8,22435.0,22336.7,1.6446,0.2009,0.7854,1.1444,1.1363,1.5854,1.1746,1.1797,0.1295,0.0964,0.0817,1.9794,0.4948,0.2445
7,1pct,0.00992063,11925.0,235.5,28520.7,6922.9,32246.5,780.4,48761.8,31813.3,22910.8,22039.5,12015.6,21891.9,21881.2,1.7225,0.0340,1.0136,1.4075,1.4631,2.6837,1.4730,1.4737,0.0649,0.0357,0.0242,2.7041,0.6302,0.6982
7,50pct,0.50000000,19368.3,7563.1,29184.6,11536.7,39706.8,8098.9,49589.0,41074.2,24368.0,26938.4,23822.6,24926.2,24863.5,1.6788,0.6556,0.9667,1.6295,1.4740,1.6668,1.5930,1.5970,0.3400,0.3257,0.2040,2.0501,0.5122,0.0662
8,0.1pct,0.00084567,14273.1,124.1,70126.4,9340.5,26150.4,656.5,81454.4,36981.6,37635.0,27302.6,14653.1,29727.2,31262.6,1.5281,0.0133,0.7071,0.6948,0.9578,1.7846,0.8797,0.8365,0.0448,0.0210,0.0251,1.8321,0.4542,0.8110
8,10pct,0.10232558,19682.5,5731.0,70117.8,10008.9,30197.5,6269.0,80300.2,42844.3,37945.8,28070.4,15387.3,30491.1,32138.1,1.9665,0.5726,0.7048,0.7958,1.0758,1.9625,0.9904,0.9396,0.4074,0.1951,0.2076,1.5342,0.3482,0.0858
8,1pct,0.00993658,14807.9,670.7,69496.9,9438.1,26245.9,1188.4,80948.2,37546.0,38071.5,27410.0,14675.4,29828.0,31516.5,1.5689,0.0711,0.6990,0.6894,0.9575,1.7884,0.8799,0.8328,0.0810,0.0377,0.0453,1.7724,0.4358,0.4356
8,50pct,0.50000000,40822.3,27537.2,70890.8,19523.6,56399.5,28168.8,86299.6,65572.1,38954.6,37950.7,32179.3,34023.5,35561.2,2.0909,1.4105,0.8601,1.4478,1.4861,1.7527,1.6577,1.5860,0.8754,0.7921,0.4995,1.3816,0.2762,0.0224
9,0.1pct,0.00099206,4896.0,93.5,21666.5,6658.2,25300.2,622.5,41956.6,24674.1,22091.1,21999.7,12008.0,21757.7,21723.4,0.7353,0.0140,1.0254,1.1453,1.1500,2.1069,1.1628,1.1647,0.0518,0.0287,0.0246,5.1675,0.8065,0.8498
9,10pct,0.09995040,6441.7,1631.6,21733.6,7797.5,19537.7,2160.8,34748.3,26438.4,22435.4,23539.4,16942.7,22465.0,22581.2,0.8261,0.2092,0.7390,0.8708,0.8300,1.1532,0.8697,0.8652,0.1275,0.0957,0.1106,3.0330,0.6703,0.2449
9,1pct,0.00992063,5061.5,264.7,21603.1,6821.7,25220.1,791.8,41686.8,24758.8,22101.9,22209.7,12068.4,21799.3,21811.5,0.7420,0.0388,1.0186,1.1411,1.1355,2.0898,1.1569,1.1563,0.0656,0.0363,0.0314,4.9827,0.7993,0.6657
9,50pct,0.50000000,12433.8,7616.5,22296.3,10910.2,32620.5,8122.0,42493.8,34005.1,23868.0,26925.0,23687.6,24843.6,24759.9,1.1396,0.6981,0.9593,1.3667,1.2115,1.3771,1.3130,1.3175,0.3429,0.3280,0.2490,2.6235,0.6188,0.0622
10,0.1pct,0.00080451,5332.2,79.8,13879.0,6692.7,16377.9,536.1,24939.6,12392.7,12312.3,13335.4,11615.6,13216.9,13206.6,0.7967,0.0119,1.3216,1.3302,1.2282,1.4100,1.2392,1.2401,0.0462,0.0406,0.0327,3.0715,0.6744,0.8511
10,10pct,0.09975865,5682.7,562.9,14143.4,6839.0,17509.8,1015.3,26018.3,12756.2,12278.7,13565.8,11877.9,13531.2,13477.1,0.8309,0.0823,1.3727,1.4260,1.2907,1.4741,1.2940,1.2992,0.0855,0.0753,0.0580,3.0812,0.6755,0.4456
10,1pct,0.00965406,5349.4,133.6,13895.3,6724.5,15803.3,578.1,24384.8,12421.9,12320.1,13329.2,11621.8,13248.7,13286.4,0.7955,0.0199,1.2722,1.2827,1.1856,1.3598,1.1928,1.1894,0.0497,0.0435,0.0366,2.9542,0.6615,0.7689
10,50pct,0.49959775,7990.5,2445.8,15162.5,7565.7,20560.1,2922.3,27685.4,15488.0,12659.2,14420.9,12791.9,14299.4,14340.8,1.0561,0.3233,1.3275,1.6241,1.4257,1.6073,1.4378,1.4337,0.2284,0.2038,0.1421,2.5731,0.6114,0.1631
11,0.1pct,0.00096899,16325.3,133.0,90262.3,6451.7,27649.7,720.1,101470.8,69837.0,48568.2,42902.7,11490.8,20689.2,42360.3,2.5304,0.0206,0.3959,0.5693,0.6445,2.4062,1.3364,0.6527,0.0627,0.0170,0.0260,1.6937,0.4096,0.8153
11,10pct,0.10000000,20964.7,4012.0,92633.4,9194.2,33921.5,4569.0,105520.6,75481.4,49160.3,45643.7,17767.1,22161.3,43941.4,2.2802,0.4364,0.4494,0.6900,0.7432,1.9092,1.5307,0.7720,0.2572,0.1040,0.1347,1.6180,0.3820,0.1219
11,1pct,0.00998062,17643.7,479.1,90565.5,7805.6,33814.2,1080.3,106993.1,71348.6,48459.0,44335.8,16292.8,20841.1,42663.6,2.2604,0.0614,0.4739,0.6978,0.7627,2.0754,1.6225,0.7926,0.0663,0.0253,0.0319,1.9165,0.4782,0.5565
11,50pct,0.50000000,39482.9,19453.1,100985.4,19184.1,52914.3,20029.0,114526.1,97253.6,52666.6,56647.1,41970.3,45118.4,51383.2,2.0581,1.0140,0.5441,1.0047,0.9341,1.2608,1.1728,1.0298,0.4772,0.3898,0.3785,1.3402,0.2538,0.0288
12,0.1pct,0.00080000,5515.9,80.7,22700.9,6119.0,27969.0,572.0,45156.4,25058.5,25817.8,25724.8,15238.7,24059.2,24005.0,0.9014,0.0132,1.1161,1.0833,1.0872,1.8354,1.1625,1.1651,0.0375,0.0238,0.0205,5.0706,0.8028,0.8589
12,10pct,0.10000000,6136.3,1052.4,23198.2,6602.4,23714.3,1576.3,40894.7,25920.9,25505.4,26136.0,15634.2,24647.4,24494.7,0.9294,0.1594,0.9149,0.9298,0.9073,1.5168,0.9621,0.9681,0.1008,0.0644,0.0665,3.8646,0.7412,0.3324
12,1pct,0.01000000,5560.4,203.0,22789.2,6299.3,30754.3,734.3,48053.9,25148.6,25316.4,25911.6,15349.9,24140.4,24084.1,0.8827,0.0322,1.2229,1.2148,1.1869,2.0036,1.2740,1.2770,0.0478,0.0305,0.0239,5.5310,0.8192,0.7235
12,50pct,0.50000000,10755.6,4824.0,25268.4,9184.8,28123.2,5314.1,42660.6,31254.9,26451.3,28837.8,25616.5,25862.8,25892.9,1.1710,0.5252,0.8998,1.0632,0.9752,1.0979,1.0874,1.0861,0.2074,0.2052,0.1890,2.6147,0.6176,0.0922
13,0.1pct,0.00092507,4477.9,81.7,19933.1,6090.6,19869.7,576.6,35366.5,22571.4,23986.4,24294.4,15163.3,22704.1,22571.9,0.7352,0.0134,0.8803,0.8284,0.8179,1.3104,0.8752,0.8803,0.0380,0.0255,0.0290,4.4373,0.7746,0.8583
13,10pct,0.09990749,6078.5,946.7,20353.7,7560.1,28845.7,1452.5,43208.6,24375.1,24047.4,25768.4,24041.0,23150.2,23043.8,0.8040,0.1252,1.1834,1.1995,1.1194,1.1999,1.2460,1.2518,0.0604,0.0630,0.0504,4.7455,0.7893,0.3482
13,1pct,0.00971323,4523.1,189.1,19960.3,6229.1,19732.0,677.2,35212.3,22614.9,23790.6,24484.0,15315.9,22794.6,22768.4,0.7261,0.0304,0.8725,0.8294,0.8059,1.2883,0.8656,0.8666,0.0442,0.0297,0.0343,4.3625,0.7708,0.7208
13,50pct,0.50000000,9297.3,4180.2,22151.7,9026.4,25397.2,4665.4,38229.9,28213.6,24681.7,27361.1,25686.3,24690.2,24529.9,1.0300,0.4631,0.9002,1.0290,0.9282,0.9887,1.0286,1.0354,0.1816,0.1902,0.1837,2.7317,0.6339,0.1040
14,0.1pct,0.00084034,5687.6,81.1,33528.7,6210.8,26580.9,566.6,54342.6,24055.3,24324.5,24648.2,15032.7,22621.4,22583.2,0.9158,0.0131,1.1050,1.0928,1.0784,1.7682,1.1750,1.1770,0.0377,0.0251,0.0213,4.6735,0.7860,0.8569
14,10pct,0.10000000,8395.9,1018.7,33494.3,6784.0,23338.9,1538.3,48462.0,27069.3,24550.2,25055.6,15618.3,23207.8,23243.5,1.2376,0.1502,0.8622,0.9507,0.9315,1.4943,1.0056,1.0041,0.0985,0.0662,0.0659,2.7798,0.6403,0.3378
14,1pct,0.00966387,5950.5,191.9,33501.5,6325.7,26610.5,674.7,54052.0,24407.5,24450.6,24777.2,15182.7,22834.8,22758.8,0.9407,0.0303,1.0903,1.0883,1.0740,1.7527,1.1653,1.1692,0.0444,0.0296,0.0254,4.4720,0.7764,0.7156
14,50pct,0.50000000,19029.2,4554.6,34058.1,9535.4,38732.7,5061.4,53751.5,38330.6,25317.6,28068.4,25709.3,24935.8,24832.0,1.9956,0.4777,1.0105,1.5299,1.3799,1.5066,1.5533,1.5598,0.1969,0.2038,0.1307,2.0354,0.5087,0.1001
15,0.1pct,0.00080000,4058.9,82.1,33212.6,6169.7,25984.3,563.3,55293.3,23079.5,26677.5,27022.3,15218.9,22952.3,22928.1,0.6579,0.0133,1.1259,0.9740,0.9616,1.7074,1.1321,1.1333,0.0370,0.0246,0.0217,6.4018,0.8438,0.8543
15,10pct,0.10000000,6878.9,1061.6,33303.1,6676.9,24059.1,1569.3,50610.9,26227.3,26731.9,27284.5,15641.8,23270.8,23193.6,1.0303,0.1590,0.9173,0.9000,0.8818,1.5381,1.0339,1.0373,0.1003,0.0677,0.0652,3.4975,0.7141,0.3235
15,1pct,0.01000000,4352.4,203.0,33153.3,6347.3,29005.2,726.9,57997.7,23437.2,26655.3,26954.2,15294.6,23084.8,23058.5,0.6857,0.0320,1.2376,1.0882,1.0761,1.8964,1.2565,1.2579,0.0475,0.0315,0.0251,6.6642,0.8499,0.7207
15,50pct,0.50000000,18044.2,4807.5,33773.6,9140.8,35214.3,5276.5,50787.3,38306.2,27648.7,29839.0,25376.4,24823.3,24670.6,1.9740,0.5259,0.9193,1.2736,1.1801,1.3877,1.4186,1.4274,0.2079,0.2139,0.1498,1.9516,0.4876,0.0889
16,0.1pct,0.00080000,3456.6,80.7,32661.4,6111.4,25822.2,570.5,55251.9,23012.3,24206.7,24871.8,14812.8,22905.8,22808.3,0.5656,0.0132,1.1221,1.0667,1.0382,1.7432,1.1273,1.1321,0.0385,0.0250,0.0221,7.4704,0.8661,0.8585
16,10pct,0.10000000,6346.1,1069.2,32857.9,6521.7,23904.7,1589.3,50543.1,26015.3,24404.6,25250.3,15209.8,23185.9,23108.1,0.9731,0.1639,0.9189,0.9795,0.9467,1.5717,1.0310,1.0345,0.1045,0.0688,0.0665,3.7668,0.7345,0.3273
16,1pct,0.01000000,3770.9,221.3,32632.3,6186.4,28891.6,741.6,58087.8,23318.3,24394.3,25004.2,14827.7,23000.8,22860.2,0.6095,0.0358,1.2390,1.1844,1.1555,1.9485,1.2561,1.2638,0.0500,0.0324,0.0257,7.6617,0.8695,0.7016
16,50pct,0.50000000,17482.6,4761.6,33285.1,8731.2,34805.1,5288.7,50783.7,37946.4,25172.4,27585.9,24775.1,24493.4,24488.6,2.0023,0.5454,0.9172,1.3827,1.2617,1.4048,1.4210,1.4213,0.2135,0.2160,0.1520,1.9908,0.4977,0.0997
17,0.1pct,0.00088731,2489.6,71.5,10565.8,6418.5,14779.2,525.9,22872.7,13016.9,15828.9,17065.2,15471.1,16676.0,16738.7,0.3879,0.0111,1.1354,0.9337,0.8660,0.9553,0.8863,0.8829,0.0340,0.0314,0.0356,5.9364,0.8315,0.8640
17,10pct,0.09937888,3876.6,546.8,10824.2,6555.6,20573.2,970.4,27507.3,14538.0,15781.4,17144.5,15656.8,16833.4,16764.8,0.5913,0.0834,1.4151,1.3036,1.2000,1.3140,1.2222,1.2272,0.0620,0.0579,0.0472,5.3070,0.8116,0.4365
17,1pct,0.00976043,2515.5,143.1,10576.1,6409.2,14506.1,579.1,22570.4,13075.7,15815.1,17088.5,15654.6,16738.1,16705.0,0.3925,0.0223,1.1094,0.9172,0.8489,0.9266,0.8667,0.8684,0.0370,0.0347,0.0399,5.7667,0.8266,0.7529
17,50pct,0.49955634,5033.3,2252.7,11758.5,7368.2,17498.6,2727.7,24161.6,16036.0,16101.0,18031.5,16537.3,17685.2,17646.3,0.6831,0.3057,1.0912,1.0868,0.9704,1.0581,0.9894,0.9916,0.1649,0.1546,0.1559,3.4766,0.7124,0.1741
18,0.1pct,0.00080160,4132.3,79.6,21516.3,6155.7,25691.8,559.8,42977.8,23066.2,24571.5,24927.6,15074.1,22852.3,22757.0,0.6713,0.0129,1.1138,1.0456,1.0307,1.7044,1.1243,1.1290,0.0371,0.0246,0.0218,6.2173,0.8392,0.8578
18,10pct,0.09979960,4770.1,1074.6,21986.5,6700.3,21960.6,1604.8,39163.7,23884.9,24723.5,25477.6,15723.4,23094.0,23103.4,0.7119,0.1604,0.9194,0.8882,0.8620,1.3967,0.9509,0.9505,0.1021,0.0695,0.0731,4.6038,0.7828,0.3304
18,1pct,0.00961924,4182.6,215.3,21512.1,6160.5,27538.5,720.7,44881.2,23190.3,24628.1,24971.6,15118.5,22772.6,22797.0,0.6789,0.0349,1.1875,1.1182,1.1028,1.8215,1.2093,1.2080,0.0477,0.0316,0.0262,6.5841,0.8481,0.7013
18,50pct,0.49979960,9454.9,4806.1,24014.3,9268.3,27446.0,5351.3,41955.6,29301.1,25101.2,28325.6,25462.6,24984.9,24739.1,1.0201,0.5186,0.9367,1.0934,0.9689,1.0779,1.0985,1.1094,0.2102,0.2163,0.1950,2.9028,0.6555,0.1019
19,0.1pct,0.00094328,19186.2,284.6,134126.4,7327.4,32961.0,894.9,148097.1,102164.5,72478.5,60893.9,12380.8,23014.4,59356.1,2.6184,0.0388,0.3226,0.4548,0.5413,2.6623,1.4322,0.5553,0.0723,0.0151,0.0272,1.7180,0.4179,0.6820
19,10pct,0.09998742,27387.4,18541.3,137464.3,10730.9,43869.4,19171.9,154242.4,111488.6,74729.1,65069.7,22870.8,37821.2,61672.0,2.5522,1.7278,0.3935,0.5870,0.6742,1.9181,1.1599,0.7113,0.8383,0.3109,0.4370,1.6018,0.3757,0.0329
19,1pct,0.00999874,20607.0,1989.4,134616.5,7559.8,38676.5,2601.9,152609.2,103650.4,73509.6,61084.5,12768.1,23386.9,59812.8,2.7259,0.2632,0.3731,0.5261,0.6332,3.0292,1.6538,0.6466,0.2038,0.0435,0.0673,1.8769,0.4672,0.2354
19,50pct,0.50000000,56034.7,92452.2,150624.6,27966.8,74587.2,93084.1,168904.5,144966.9,79152.8,83558.7,61639.1,64072.0,72034.1,2.0036,3.3058,0.5145,0.9423,0.8926,1.2101,1.1641,1.0354,1.5101,1.2922,1.2480,1.3311,0.2487,0.0068
20,0.1pct,0.00094751,15175.1,271.2,200282.0,7081.0,38811.8,889.8,223162.9,97760.3,67640.1,60876.4,12297.5,22593.8,58567.6,2.1431,0.0383,0.3970,0.5738,0.6376,3.1561,1.7178,0.6627,0.0724,0.0152,0.0229,2.5576,0.6090,0.6952
20,10pct,0.09999368,32708.3,18458.2,201665.1,10453.1,50205.1,18997.9,217198.3,117124.7,68897.7,64608.0,22540.9,37330.9,61173.1,3.1291,1.7658,0.4286,0.7287,0.7771,2.2273,1.3449,0.8207,0.8428,0.3106,0.3784,1.5349,0.3485,0.0284
20,1pct,0.00998042,16803.9,1963.3,199402.4,7443.2,34355.7,2569.2,218840.8,99616.1,67724.7,60874.2,12549.9,22833.0,58870.8,2.2576,0.2638,0.3449,0.5073,0.5644,2.7375,1.5047,0.5836,0.2047,0.0436,0.0748,2.0445,0.5109,0.2358
20,50pct,0.49996842,103267.7,91744.0,204174.4,24776.1,124110.8,92276.2,221448.0,194292.8,74162.9,80224.2,58444.2,63511.7,71841.6,4.1680,3.7029,0.6388,1.6735,1.5470,2.1236,1.9541,1.7276,1.5789,1.2844,0.7435,1.2018,0.1679,0.0058
21,0.1pct,0.00094328,23881.1,278.1,89007.0,7078.1,37790.2,893.0,102906.6,106795.4,66203.2,60276.0,12208.1,22473.0,66098.6,3.3739,0.0393,0.3539,0.5708,0.6270,3.0955,1.6816,0.5717,0.0731,0.0135,0.0236,1.5824,0.3681,0.6886
21,10pct,0.09998742,29844.7,18546.8,89720.2,10335.9,45975.3,19197.1,105972.4,114127.8,67142.2,63949.2,22305.0,37089.5,68284.0,2.8875,1.7944,0.4028,0.6847,0.7189,2.0612,1.2396,0.6733,0.8607,0.2811,0.4176,1.5405,0.3509,0.0339
21,1pct,0.00999874,24460.1,1995.9,89134.8,7526.9,42612.9,2613.6,107275.6,107515.3,65958.4,60750.0,12569.5,22855.9,66741.6,3.2497,0.2652,0.3963,0.6461,0.7014,3.3902,1.8644,0.6385,0.2079,0.0392,0.0613,1.7421,0.4260,0.2363
21,50pct,0.50000000,53654.4,92264.6,92168.4,24229.5,71893.9,92796.5,110600.8,142467.4,72375.7,79048.7,57066.3,62742.9,78898.9,2.2144,3.8079,0.5046,0.9933,0.9095,1.2598,1.1458,0.9112,1.6261,1.1761,1.2907,1.3399,0.2537,0.0057
22,0.1pct,0.00094619,13475.8,287.0,199488.5,7655.6,37477.8,897.3,221987.8,96265.1,77266.8,61155.6,12655.7,26015.7,67360.8,1.7603,0.0375,0.3893,0.4850,0.6128,2.9613,1.4406,0.5564,0.0709,0.0133,0.0239,2.7811,0.6404,0.6802
22,10pct,0.09998108,31050.4,18489.6,198869.6,13255.1,48662.6,19123.1,216408.3,115193.0,78712.4,66992.3,25227.6,44216.0,69655.0,2.3425,1.3949,0.4224,0.6182,0.7264,1.9289,1.1006,0.6986,0.7580,0.2745,0.3930,1.5672,0.3619,0.0331
22,1pct,0.00996657,15087.0,2009.7,198330.1,7706.1,32884.4,2619.2,215942.0,98383.2,77416.6,61449.2,12905.7,26181.7,67529.7,1.9578,0.2608,0.3342,0.4248,0.5351,2.5481,1.2560,0.4870,0.2029,0.0388,0.0796,2.1797,0.5412,0.2327
22,50pct,0.49996846,102028.5,91898.0,202978.1,32027.8,120562.9,92525.6,220412.1,190633.3,84115.9,87583.2,65591.0,73681.0,80105.9,3.1856,2.8693,0.6324,1.4333,1.3766,1.8381,1.6363,1.5050,1.4106,1.1550,0.7674,1.1817,0.1537,0.0068
23,0.1pct,0.00094739,12231.5,264.9,197126.0,7056.3,35980.2,885.8,220438.6,95196.2,68835.5,60590.1,12206.1,22499.3,58793.5,1.7334,0.0375,0.3780,0.5227,0.5938,2.9477,1.5992,0.6120,0.0726,0.0151,0.0246,2.9416,0.6600,0.7009
23,10pct,0.09998105,29815.2,18470.9,197110.0,10532.0,47158.9,19254.5,214959.4,114074.2,70722.6,64372.5,22684.1,37405.8,61221.6,2.8309,1.7538,0.4134,0.6668,0.7326,2.0789,1.2607,0.7703,0.8488,0.3145,0.4083,1.5817,0.3678,0.0407
23,1pct,0.00997916,13894.6,1949.4,197979.3,7527.7,31290.6,2572.7,214373.0,96973.6,68751.8,60930.9,12641.5,22809.0,59045.6,1.8458,0.2590,0.3227,0.4551,0.5135,2.4752,1.3719,0.5299,0.2035,0.0436,0.0822,2.2520,0.5559,0.2423
23,50pct,0.49996842,100656.9,91818.8,201252.2,24791.8,118708.2,92767.0,218543.8,190018.4,73385.7,79728.9,58078.4,63563.8,71964.4,4.0601,3.7036,0.6247,1.6176,1.4889,2.0439,1.8675,1.6495,1.5973,1.2891,0.7815,1.1793,0.1521,0.0102
24,0.1pct,0.00094685,11971.6,268.5,197490.6,7129.1,35085.7,882.8,219569.9,95241.6,66763.7,60508.7,12268.1,22370.8,58461.1,1.6793,0.0377,0.3684,0.5255,0.5798,2.8599,1.5684,0.6002,0.0720,0.0151,0.0252,2.9307,0.6588,0.6959
24,10pct,0.09998738,29514.8,18468.1,196938.7,10516.5,46657.2,19018.9,214507.7,114296.4,68484.9,63960.5,22400.2,37028.2,60847.7,2.8065,1.7561,0.4082,0.6813,0.7295,2.0829,1.2600,0.7668,0.8491,0.3126,0.4076,1.5808,0.3674,0.0290
24,1pct,0.00997349,13603.2,1957.1,195914.2,7524.1,30600.9,2576.3,213373.8,96900.5,66994.7,60763.3,12582.7,22761.1,58827.7,1.8080,0.2601,0.3158,0.4568,0.5036,2.4320,1.3444,0.5202,0.2047,0.0438,0.0842,2.2495,0.5555,0.2403
24,50pct,0.50000000,100559.5,91948.6,201156.6,24135.1,119811.9,92478.4,219782.6,190001.3,73401.0,79355.6,57518.1,62845.3,71293.4,4.1665,3.8097,0.6306,1.6323,1.5098,2.0830,1.9065,1.6805,1.6078,1.2972,0.7719,1.1915,0.1607,0.0057
25,0.1pct,0.00094381,22691.9,289.3,87679.0,7149.9,38279.6,909.3,103472.7,105844.7,67246.1,61110.5,12478.3,22606.4,58609.5,3.1737,0.0405,0.3617,0.5692,0.6264,3.0677,1.6933,0.6531,0.0729,0.0155,0.0238,1.6869,0.4072,0.6818
25,10pct,0.09998112,28630.8,18645.1,88339.0,10737.8,44198.4,19155.1,104266.0,112865.8,68363.7,64479.7,22587.7,37227.1,60830.1,2.6664,1.7364,0.3916,0.6465,0.6855,1.9567,1.1873,0.7266,0.8480,0.3149,0.4334,1.5437,0.3522,0.0266
25,1pct,0.00994148,23326.7,1985.3,87823.3,7541.0,40876.7,2604.5,105636.4,106509.4,67132.8,61349.3,12736.9,22974.3,59024.7,3.0933,0.2633,0.3838,0.6089,0.6663,3.2093,1.7792,0.6925,0.2045,0.0441,0.0637,1.7524,0.4293,0.2377
25,50pct,0.49996854,52225.3,92432.1,90918.0,24723.6,70365.3,93053.6,109190.1,141578.3,74053.1,80062.2,57917.6,63246.3,71482.2,2.1124,3.7386,0.4970,0.9502,0.8789,1.2149,1.1126,0.9844,1.6067,1.3018,1.3224,1.3473,0.2578,0.0067
26,0.1pct,0.00094631,12051.4,274.6,197994.1,7269.6,35861.2,885.3,220590.1,94777.6,74625.9,61267.0,12424.0,26731.1,59079.7,1.6578,0.0378,0.3784,0.4805,0.5853,2.8864,1.3416,0.6070,0.0713,0.0150,0.0247,2.9757,0.6639,0.6898
26,10pct,0.09999369,29907.3,18511.9,197354.4,10799.4,47095.5,19113.3,214797.0,113716.6,75483.3,65091.4,22808.6,41421.8,61134.0,2.7693,1.7142,0.4141,0.6239,0.7235,2.0648,1.1370,0.7704,0.8380,0.3126,0.4058,1.5747,0.3650,0.0315
26,1pct,0.00996783,13664.0,1962.5,197344.3,7289.0,31118.4,2563.7,213825.4,96724.8,73835.9,61224.1,12513.5,26752.1,58975.2,1.8746,0.2692,0.3217,0.4215,0.5083,2.4868,1.1632,0.5277,0.2049,0.0435,0.0824,2.2774,0.5609,0.2345
26,50pct,0.49996846,102055.4,92013.9,201691.9,30714.9,119812.4,92575.2,220403.1,189033.9,80629.4,86248.2,64062.6,67697.4,71913.0,3.3227,2.9957,0.6338,1.4860,1.3892,1.8702,1.7698,1.6661,1.4451,1.2873,0.7727,1.1740,0.1482,0.0061
27,0.1pct,0.00094589,13974.2,281.9,198760.5,7014.5,36016.5,902.4,220262.1,96795.9,77580.5,60642.9,12258.3,25875.3,67488.6,1.9922,0.0402,0.3721,0.4642,0.5939,2.9381,1.3919,0.5337,0.0736,0.0134,0.0251,2.5774,0.6120,0.6876
27,10pct,0.09994955,31510.3,18441.5,200496.8,12530.8,49553.2,19085.8,217215.1,115623.6,79363.2,66572.0,24621.2,43997.7,69527.6,2.5146,1.4717,0.4286,0.6244,0.7444,2.0126,1.1263,0.7127,0.7752,0.2745,0.3852,1.5726,0.3641,0.0338
27,1pct,0.00996343,15532.8,1990.5,199191.4,7347.6,32456.1,2603.5,215417.9,98566.0,77761.6,60812.0,12401.0,26100.3,67639.4,2.1140,0.2709,0.3293,0.4174,0.5337,2.6172,1.2435,0.4798,0.2099,0.0385,0.0802,2.0895,0.5214,0.2355
27,50pct,0.50000000,102386.9,92143.1,202067.9,31452.8,120648.1,92643.9,220560.0,191167.1,81646.1,86930.1,64854.7,73195.7,79851.2,3.2553,2.9296,0.6311,1.4777,1.3879,1.8603,1.6483,1.5109,1.4285,1.1602,0.7679,1.1784,0.1514,0.0054
28,0.1pct,0.00094542,23556.6,155.1,88852.0,9200.5,42780.8,771.5,107815.8,106446.5,77480.3,62454.1,14328.2,26314.4,60838.3,2.5604,0.0169,0.4019,0.5522,0.6850,2.9858,1.6258,0.7032,0.0538,0.0127,0.0180,1.8161,0.4494,0.7990
28,10pct,0.09996218,29573.8,6009.1,89325.1,12711.9,46856.3,6615.9,106603.4,113624.8,78195.8,66037.4,24554.7,41345.3,62828.2,2.3265,0.4727,0.4124,0.5992,0.7095,1.9082,1.1333,0.7458,0.2694,0.1053,0.1412,1.5844,0.3688,0.0917
28,1pct,0.00995840,24146.8,709.7,88667.2,9551.7,41535.3,1321.3,106059.3,107108.6,77069.3,62636.0,14676.0,26463.6,60913.3,2.5280,0.0743,0.3878,0.5389,0.6631,2.8302,1.5695,0.6819,0.0900,0.0217,0.0318,1.7201,0.4186,0.4629
28,50pct,0.50000000,53266.7,29632.3,91756.4,30528.5,70606.0,30205.7,109098.8,142016.1,82958.7,85510.1,63582.9,71205.4,73331.2,1.7448,0.9706,0.4972,0.8511,0.8257,1.1105,0.9916,0.9628,0.4751,0.4119,0.4278,1.3255,0.2456,0.0190
29,0.1pct+1pct+10pct,0.19416046,611652.0,611465.0,743107.5,496850.0,1377842.0,1291954.0,1529589.0,1369891.0,880783.0,1316710.0,1408769.0,1263330.0,1192905.0,1.2311,1.2307,1.0058,1.5643,1.0464,0.9780,1.0906,1.1550,0.9171,1.0830,0.9377,2.2527,0.5561,0.5267
29,50pct,0.69541931,886972.5,885600.5,725901.5,612670.3,1607005.0,1531512.0,1477471.0,1602418.0,926186.0,1434937.0,1515328.0,1379515.0,1298944.0,1.4477,1.4455,1.0029,1.7351,1.1199,1.0605,1.1649,1.2372,1.0107,1.1790,0.9530,1.8118,0.4481,0.4217
30,0.1pct+1pct,0.01825714,12543.3,541.7,557571.3,19037.1,506024.0,1977.3,1052455.0,1510040.0,459931.0,447697.5,174025.0,316423.5,386131.8,0.6589,0.0285,0.3351,1.1002,1.1303,2.9078,1.5992,1.3105,0.0114,0.0051,0.0039,40.3422,0.9752,0.7260
30,10pct,0.30731964,155066.2,2176.9,567376.0,92264.7,744599.0,3719.6,1153617.0,1668647.0,487990.2,535821.7,375740.4,457690.0,450354.0,1.6807,0.0236,0.4462,1.5258,1.3896,1.9817,1.6269,1.6534,0.0099,0.0083,0.0050,4.8018,0.7917,0.4147
30,50pct,0.93885803,463183.0,704.3,589752.3,233130.1,1257131.0,2282.7,1383881.0,2012162.0,556185.7,691635.0,682306.0,596886.7,571915.7,1.9868,0.0030,0.6248,2.2603,1.8176,1.8425,2.1061,2.1981,0.0033,0.0040,0.0018,2.7141,0.6316,0.6915
31,0.1pct+1pct,0.01825714,327945.8,12483.6,883682.5,33420.0,823748.0,13914.0,1377211.0,1836929.0,969356.0,467234.2,189330.3,375952.6,489152.0,9.8129,0.3735,0.4484,0.8498,1.7630,4.3509,2.1911,1.6840,0.0735,0.0284,0.0169,2.5118,0.6019,0.1028
31,10pct,0.30731964,479778.0,326889.2,902510.5,283966.7,1075049.0,328267.8,1479965.0,1983839.0,985435.0,762401.0,605065.7,778975.5,770523.0,1.6896,1.1512,0.5419,1.0909,1.4101,1.7767,1.3801,1.3952,0.5425,0.4260,0.3054,2.2407,0.5537,0.0042
31,50pct,0.93885803,783898.0,574076.0,913357.0,732591.0,1583199.0,579383.7,1704691.0,2338189.0,1059966.0,1217122.0,1213656.0,1053056.0,992395.0,1.0700,0.7836,0.6771,1.4936,1.3008,1.3045,1.5034,1.5953,0.4774,0.5838,0.3660,2.0196,0.5049,0.0092
32,0.1pct+1pct+10pct,0.17915344,9791563.0,764504.0,1342339.0,642454.7,10781385.0,1649378.0,2336998.0,10755887.0,853452.5,1379465.0,1520115.0,1452244.0,1387857.0,15.2409,1.1900,1.0024,12.6327,7.8156,7.0925,7.4239,7.7684,1.0850,1.1884,0.1530,1.1011,0.0918,0.5365
32,50pct,0.59129333,9528900.0,1551612.0,1494346.0,731104.0,10396458.0,2338730.0,2384899.0,10401076.0,990212.0,1539384.0,1668337.0,1598432.0,1537501.0,13.0336,2.1223,0.9996,10.4992,6.7536,6.2316,6.5042,6.7619,1.4018,1.5211,0.2250,1.0910,0.0834,0.3366
33,0.1pct+1pct+10pct,0.17915344,3147511.0,3250174.0,44041.5,485511.5,4098193.0,4134026.0,1009581.0,4103972.0,709516.5,1227166.0,1358873.0,1286225.0,1266205.0,6.4829,6.6943,0.9986,5.7760,3.3396,3.0159,3.1862,3.2366,3.0422,3.2649,1.0087,1.3020,0.2320,0.2138
33,50pct,0.59129333,2935824.0,3050635.0,42010.9,582138.0,3812906.0,3830723.0,902731.0,3801930.0,827268.0,1389810.0,1518472.0,1444182.0,1413095.0,5.0432,5.2404,1.0029,4.6090,2.7435,2.5110,2.6402,2.6983,2.5227,2.7109,1.0047,1.2988,0.2300,0.2036
34,0.1pct,0.00099945,17376.9,4587.3,559357.0,37237.1,1491832.0,517701.3,2034695.0,1493875.0,1365574.0,1127658.0,84587.5,120657.4,270603.4,0.4667,0.1232,0.9986,1.0925,1.3229,17.6366,12.3642,5.5130,6.1203,1.9131,0.3470,85.8514,0.9884,0.9911
34,10pct,0.10000610,77570.9,166482.4,563096.0,101984.7,1564842.0,680603.5,2053243.0,1563750.0,1371022.0,1185414.0,240613.9,223012.5,306313.5,0.7606,1.6324,1.0007,1.1414,1.3201,6.5035,7.0168,5.1086,2.8286,2.2219,0.4349,20.1731,0.9504,0.7554
34,1pct,0.01000214,37025.0,30665.3,560392.0,84014.0,1514637.0,543026.0,2038660.0,1512553.0,1351742.0,1182730.0,145969.2,165825.5,320431.2,0.4407,0.3650,1.0014,1.1205,1.2806,10.3764,9.1339,4.7269,3.7201,1.6947,0.3585,40.9085,0.9756,0.9435
34,50pct,0.50000000,289267.8,789081.0,583122.7,377515.0,1816729.0,1329800.0,2110488.0,1813303.0,1418944.0,1500004.0,1027648.0,834534.0,948544.5,0.7662,2.0902,1.0019,1.2803,1.2111,1.7679,2.1769,1.9153,1.2940,1.4019,0.7320,6.2804,0.8408,0.4066
35,0.1pct,0.00099945,67669.6,4575.6,603489.7,37467.7,1546283.0,517114.0,2083828.0,1542849.0,1383871.0,1125645.0,86156.2,121723.4,279066.3,1.8061,0.1221,1.0022,1.1174,1.3737,17.9474,12.7033,5.5409,6.0021,1.8530,0.3344,22.8505,0.9562,0.9912
35,10pct,0.10000610,127249.1,167575.3,609829.3,104732.8,1617882.0,682857.0,2094665.0,1618843.0,1397181.0,1190722.0,243820.6,228333.0,315518.8,1.2150,1.6000,0.9994,1.1580,1.3587,6.6355,7.0856,5.1277,2.8007,2.1642,0.4221,12.7143,0.9213,0.7546
35,1pct,0.01000214,87398.5,31340.8,604284.3,83849.3,1568998.0,544722.0,2086182.0,1570810.0,1404131.0,1186285.0,151624.6,171216.2,329781.6,1.0423,0.3738,0.9988,1.1174,1.3226,10.3479,9.1638,4.7577,3.5926,1.6518,0.3472,17.9522,0.9443,0.9425
35,50pct,0.50000000,336591.8,786817.5,631838.7,401042.8,1867024.0,1338784.0,2164809.0,1872572.0,1453885.0,1530931.0,1052635.0,867708.5,991529.0,0.8393,1.9619,0.9970,1.2842,1.2195,1.7737,2.1517,1.8830,1.2718,1.3502,0.7171,5.5468,0.8197,0.4123
36,0.1pct,0.00103760,53719.1,1778.6,593358.0,19016.0,150202.5,10208.5,690563.5,750438.0,1200647.0,886681.5,35798.4,57114.0,172283.3,2.8249,0.0935,0.2002,0.1251,0.1694,4.1958,2.6299,0.8718,0.2852,0.0593,0.0680,2.7961,0.6424,0.8258
36,10pct,0.10001373,101944.7,152002.1,606177.3,72287.8,197021.8,160631.2,702726.5,809782.0,1199925.0,950948.0,171399.2,127612.3,193525.6,1.4103,2.1027,0.2433,0.1642,0.2072,1.1495,1.5439,1.0181,0.9372,0.8300,0.8153,1.9326,0.4826,0.0537
36,1pct,0.01004028,58195.4,15430.3,595871.7,21006.1,153780.9,24231.1,688901.0,757433.5,1182770.0,890568.0,38005.3,59224.4,174658.6,2.7704,0.7346,0.2030,0.1300,0.1727,4.0463,2.5966,0.8805,0.6376,0.1387,0.1576,2.6425,0.6216,0.3632
36,50pct,0.50005341,297939.2,760953.5,617721.0,280293.9,398089.6,770283.0,717554.0,1054528.0,1241248.0,1172625.0,744214.0,543116.3,603152.3,1.0630,2.7148,0.3775,0.3207,0.3395,0.5349,0.7330,0.6600,1.0350,1.2771,1.9349,1.3361,0.2516,0.0121
37,0.1pct,0.00103760,659.8,662.7,538689.7,15153.5,95274.6,8959.7,638715.7,693517.5,901910.0,883237.0,31692.0,49756.2,152026.7,0.0435,0.0437,0.1374,0.1056,0.1079,3.0063,1.9148,0.6267,0.2827,0.0589,0.0940,144.3992,0.9931,0.9260
37,10pct,0.10001373,48675.0,48817.0,544121.0,44333.6,141781.4,57530.2,643159.0,758234.5,922981.5,917438.0,143140.3,113343.8,174915.4,1.0979,1.1011,0.1870,0.1536,0.1545,0.9905,1.2509,0.8106,0.4019,0.3289,0.4058,2.9128,0.6567,0.1515
37,1pct,0.01004028,5050.6,5024.5,538976.7,17169.7,99702.2,13852.5,645856.7,704769.5,909195.5,887858.5,33865.6,51764.5,154424.4,0.2942,0.2926,0.1415,0.1097,0.1123,2.9441,1.9261,0.6456,0.4090,0.0897,0.1389,19.7407,0.9493,0.6373
37,50pct,0.50005341,243491.9,243833.8,563379.7,146584.8,342470.6,253208.9,663275.7,999666.0,966165.5,1028640.0,603873.7,478986.8,543657.0,1.6611,1.6634,0.3426,0.3545,0.3329,0.5671,0.7150,0.6299,0.4193,0.4658,0.7394,1.4065,0.2890,0.0370
38,0.1pct,0.00125122,58498.4,5934.4,607782.7,299259.5,681725.0,596218.7,1228559.0,1579123.0,1457932.0,1488046.0,1492714.0,1279004.0,1122831.0,0.1955,0.0198,0.4317,0.4676,0.4581,0.4567,0.5330,0.6071,0.3994,0.5310,0.8746,11.6537,0.9142,0.9900
38,10pct,0.10026550,281988.7,322402.5,652762.0,604427.7,1018955.0,1004534.0,1389029.0,1922227.0,1567106.0,1912292.0,1951460.0,1605963.0,1422228.0,0.4665,0.5334,0.5301,0.6502,0.5328,0.5222,0.6345,0.7164,0.5148,0.7063,0.9858,3.6135,0.7233,0.6791
38,1pct,0.01085663,95209.5,47183.2,614476.0,669151.5,740658.5,647996.3,1248809.0,1635898.0,1476619.0,1881426.0,1910148.0,1558392.0,1379915.0,0.1423,0.0705,0.4528,0.5016,0.3937,0.3877,0.4753,0.5367,0.3392,0.4696,0.8749,7.7792,0.8715,0.9272
38,50pct,0.50038910,867433.0,1282098.0,761995.5,834328.5,1706684.0,2069637.0,1624852.0,2616185.0,1721746.0,2221815.0,2315545.0,1967074.0,1772052.0,1.0397,1.5367,0.6524,0.9913,0.7681,0.7371,0.8676,0.9631,0.8938,1.1679,1.2127,1.9675,0.4917,0.3805
39,0.1pct,0.00125122,5666.6,5677.3,553942.3,116305.2,628507.3,595097.3,1176340.0,1531672.0,1169190.0,1287476.0,1290541.0,1152905.0,1041849.0,0.0487,0.0488,0.4103,0.5376,0.4882,0.4870,0.5452,0.6033,0.4611,0.5712,0.9468,110.9144,0.9910,0.9905
39,10pct,0.10026550,246481.7,243659.0,601744.0,337653.4,969921.5,935079.5,1349069.0,1882136.0,1284322.0,1610970.0,1657941.0,1479665.0,1335739.0,0.7300,0.7216,0.5153,0.7552,0.6021,0.5850,0.6555,0.7261,0.5640,0.7000,0.9641,3.9351,0.7459,0.7394
39,1pct,0.01085663,43318.4,43340.2,559891.3,394380.0,679752.5,648931.3,1194738.0,1584010.0,1213366.0,1608287.0,1628056.0,1446765.0,1318023.0,0.1098,0.1099,0.4291,0.5602,0.4227,0.4175,0.4698,0.5157,0.3986,0.4924,0.9547,15.6920,0.9363,0.9332
39,50pct,0.50038910,835235.0,838335.0,717699.0,525152.7,1666074.0,1646193.0,1556309.0,2608063.0,1399855.0,1923488.0,2023729.0,1822888.0,1693794.0,1.5905,1.5964,0.6388,1.1902,0.8662,0.8233,0.9140,0.9836,0.8134,0.9719,0.9881,1.9947,0.4987,0.4907
