pair,class,selector_kind,group,source,selector_column,selector_name,selector_recipe,selector_non_decreasing,value_column,value_name,value_recipe,rows,gen_bytes,direct_gen_bytes,parquet_bytes_p1024,parquet_bytes_p4096,parquet_bytes_p16384
0,"analytical","timestamp","clickbench","hits_timestamp",0,"c0_timestamp_x1","Frame(Delta(BitPack))",false,1,"c2_RegionID_x1","Frame(Dictionary(RLE(BitPack)))",131072,153988,324688,306165,294200,306848
1,"analytical","timestamp","clickbench","hits_timestamp",0,"c0_timestamp_x1","Frame(Delta(BitPack))",false,2,"c3_ResolutionWidth_x1","Frame(Dictionary(RLE(BitPack)))",131072,151015,323648,301871,289812,302577
2,"analytical","timestamp","clickbench","hits_timestamp",0,"c0_timestamp_x1","Frame(Delta(BitPack))",false,3,"c8_SendTiming_x1","Dictionary(BitPack)",131072,135801,279168,255383,246506,260171
3,"structured","timestamp","household","uci_household_power",4,"timestamp","Frame(UnsignedDelta(BitPack))",true,5,"global_active_power_x1000","Frame(Nullable(Delta(BitPack)))",131072,149387,620608,196785,180873,181371
4,"structured","timestamp","household","uci_household_power",4,"timestamp","Frame(UnsignedDelta(BitPack))",true,6,"global_reactive_power_x1000","Frame(Nullable(Delta(BitPack)))",131072,105311,546560,142510,123814,119299
5,"structured","timestamp","nab","realAWSCloudwatch/ec2_disk_write_bytes_1ef3de",7,"timestamp","Frame(UnsignedDelta(BitPack))",true,8,"value_x10","Frame(FOR(BitPack))",4730,2845,18400,5028,4531,4361
6,"structured","timestamp","nab","realAWSCloudwatch/ec2_disk_write_bytes_c0d644",9,"timestamp","Frame(Delta(BitPack))",true,10,"value_x10","Frame(FOR(BitPack))",4032,3988,20096,6511,5980,5980
7,"structured","timestamp","nab","realAWSCloudwatch/ec2_network_in_257a54",11,"timestamp","Frame(UnsignedDelta(BitPack))",true,12,"value_x10","Frame(FOR(BitPack))",4032,13655,27776,13511,13073,13073
8,"structured","timestamp","nab","realAWSCloudwatch/ec2_network_in_5abac7",13,"timestamp","Frame(UnsignedDelta(BitPack))",true,14,"value_x100","Frame(Dictionary(BitPack))",4730,5306,23408,12616,12076,12330
9,"structured","timestamp","nab","realAWSCloudwatch/elb_request_count_8c0756",15,"timestamp","Frame(UnsignedDelta(BitPack))",true,16,"value_x1","Frame(FOR(BitPack))",4032,5347,16512,5995,5558,5558
10,"structured","timestamp","nab","realAWSCloudwatch/iio_us-east-1_i-a2eb1cd9_NetworkIn",17,"timestamp","Frame(Delta(BitPack))",true,18,"value_x10","Frame(Delta(BitPack))",1243,5132,8480,5116,4986,4986
11,"structured","timestamp","nab","realKnownCause/nyc_taxi",19,"timestamp","Frame(Delta(BitPack))",true,20,"value_x1","Frame(Delta(BitPack))",10320,19358,53776,20311,19217,18921
12,"structured","timestamp","nab","realTraffic/TravelTime_387",21,"timestamp","Frame(Delta(BitPack))",true,22,"value_x1","Frame(Delta(BitPack))",2500,6034,12160,7128,6678,6678
13,"structured","timestamp","nab","realTraffic/TravelTime_451",23,"timestamp","Frame(Delta(BitPack))",true,24,"value_x1","Frame(Delta(BitPack))",2162,6158,10432,7162,6781,6781
14,"structured","timestamp","nab","realTraffic/occupancy_6005",25,"timestamp","Frame(Delta(BitPack))",true,26,"value_x100","Frame(Dictionary(BitPack))",2380,4293,10672,6106,5696,5696
15,"structured","timestamp","nab","realTraffic/occupancy_t4013",27,"timestamp","Frame(Delta(BitPack))",true,28,"value_x100","Frame(Dictionary(BitPack))",2500,5128,11520,6320,5977,5977
16,"structured","timestamp","nab","realTraffic/speed_6005",29,"timestamp","Frame(Delta(BitPack))",true,30,"value_x1","Frame(Dictionary(BitPack))",2500,3984,9600,4755,4348,4348
17,"structured","timestamp","nab","realTraffic/speed_7578",31,"timestamp","Frame(Delta(BitPack))",true,32,"value_x1","Frame(Delta(BitPack))",1127,2182,4528,2781,2655,2655
18,"structured","timestamp","nab","realTraffic/speed_t4013",33,"timestamp","Frame(Delta(BitPack))",true,34,"value_x1","Frame(Delta(BitPack))",2495,3576,9600,4383,4021,4021
19,"structured","timestamp","nab","realTweets/Twitter_volume_AAPL",35,"timestamp","Frame(Delta(BitPack))",true,36,"value_x1","Frame(Delta(BitPack))",15902,19504,71632,22868,21169,20725
20,"structured","timestamp","nab","realTweets/Twitter_volume_AMZN",37,"timestamp","Frame(Delta(BitPack))",true,38,"value_x1","Frame(Dictionary(BitPack))",15831,14348,63872,18333,16606,16163
21,"structured","timestamp","nab","realTweets/Twitter_volume_CRM",39,"timestamp","Frame(Delta(BitPack))",true,40,"value_x1","Frame(FOR(BitPack))",15902,8303,58960,12910,11105,10385
22,"structured","timestamp","nab","realTweets/Twitter_volume_CVS",41,"timestamp","Frame(Delta(BitPack))",true,42,"value_x1","Frame(Dictionary(BitPack))",15853,4396,56320,8732,6382,5576
23,"structured","timestamp","nab","realTweets/Twitter_volume_FB",43,"timestamp","Frame(Delta(BitPack))",true,44,"value_x1","Frame(Dictionary(BitPack))",15833,11946,63360,17015,15315,14874
24,"structured","timestamp","nab","realTweets/Twitter_volume_GOOG",45,"timestamp","Frame(Delta(BitPack))",true,46,"value_x1","Frame(Dictionary(BitPack))",15842,12435,63488,16881,15151,14710
25,"structured","timestamp","nab","realTweets/Twitter_volume_IBM",47,"timestamp","Frame(Delta(BitPack))",true,48,"value_x1","Frame(FOR(BitPack))",15893,8844,61152,14340,12592,12151
26,"structured","timestamp","nab","realTweets/Twitter_volume_KO",49,"timestamp","Frame(Delta(BitPack))",true,50,"value_x1","Frame(Dictionary(BitPack))",15851,10949,63424,17553,15934,15562
27,"structured","timestamp","nab","realTweets/Twitter_volume_PFE",51,"timestamp","Frame(Delta(BitPack))",true,52,"value_x1","Frame(Dictionary(BitPack))",15858,5972,56320,10719,8565,7805
28,"structured","timestamp","nab","realTweets/Twitter_volume_UPS",53,"timestamp","Frame(Delta(BitPack))",true,54,"value_x1","Frame(FOR(BitPack))",15866,8078,62144,15052,13296,12841
29,"transactional","identifier","publicbi","Arade",55,"c10_WNET_bin_x1","Frame(FOR(BitPack))",false,56,"c3_F4_x10000","FOR(BitPack)",131072,444499,475776,466161,449776,445466
30,"transactional","identifier","publicbi","Bimbo",57,"c0_Agencia_ID_x1","Frame(Dictionary(BitPack))",false,58,"c1_Canal_ID_x1","Frame(FOR(BitPack))",131072,1092,1488,20164,6343,2753
31,"transactional","identifier","publicbi","Bimbo",57,"c0_Agencia_ID_x1","Frame(Dictionary(BitPack))",false,59,"c2_Cliente_ID_x1","Frame(FOR(BitPack))",131072,67656,154032,120378,102307,98130
32,"transactional","identifier","publicbi","Generico",60,"c10_Corte_x1","Frame(FOR(BitPack))",false,61,"c11_De_Npags_x1","Frame(Delta(BitPack))",131072,105849,197696,152506,135474,129519
33,"transactional","identifier","publicbi","Generico",60,"c10_Corte_x1","Frame(FOR(BitPack))",false,62,"c12_Dia_Semana_x1","Frame(RLE(FOR(BitPack)))",131072,54917,99568,87085,72131,67343
34,"transactional","timestamp","taxi","yellow_tripdata_2024-01",63,"tpep_pickup_datetime","Frame(Delta(BitPack))",false,64,"VendorID","Frame(FOR(BitPack))",131072,465854,836224,571255,549190,540341
35,"transactional","timestamp","taxi","yellow_tripdata_2024-01",63,"tpep_pickup_datetime","Frame(Delta(BitPack))",false,65,"passenger_count","Frame(FOR(BitPack))",131072,481771,868992,600699,575925,565567
36,"analytical","identifier","tpch","lineitem_orderkey",66,"c0_l_orderkey_x1","Frame(UnsignedDelta(BitPack))",true,67,"c3_l_linenumber_x1","Frame(FOR(BitPack))",131072,47224,258032,89545,63839,54699
37,"analytical","identifier","tpch","lineitem_orderkey",66,"c0_l_orderkey_x1","Frame(UnsignedDelta(BitPack))",true,68,"c4_l_quantity_x1","FOR(BitPack)",131072,124812,307184,171443,152542,146342
38,"analytical","timestamp","tpch","lineitem_timestamp",69,"c8_timestamp_x1","Frame(Dictionary(BitPack))",false,70,"c3_l_linenumber_x1","Frame(FOR(BitPack))",131072,225626,266560,490591,446727,449761
39,"analytical","timestamp","tpch","lineitem_timestamp",69,"c8_timestamp_x1","Frame(Dictionary(BitPack))",false,71,"c4_l_quantity_x1","FOR(BitPack)",131072,303214,315712,572489,535430,541404
