class,selector_kind,group,source,non_decreasing,pairs,predicate_cells,selectivity_min,selectivity_median,selectivity_max,known_gen_over_parquet_median,complete_gen_over_parquet_filter_median,complete_gen_over_parquet_boundary_median,complete_gen_over_equal_page_parquet_boundary_median,complete_direct_gen_over_parquet_boundary_median,complete_direct_gen_over_equal_page_parquet_boundary_median,complete_direct_gen_over_storage_gen_median,direct_gen_over_storage_gen_file_bytes_median,gen_delivered_over_parquet_boundary_median,direct_gen_delivered_over_parquet_boundary_median,gen_selector_primitive_values_fraction_median,direct_gen_selector_primitive_values_fraction_median,parquet_boundary_selector_values_fraction_median,gen_boundary_wins,direct_gen_boundary_wins,direct_gen_equal_page_boundary_wins,boundary_order_used
analytical,timestamp,clickbench,hits_timestamp,false,3,12,0.00099945,0.05502319,0.50000763,0.4728,0.9007,0.8923,1.4782,0.4857,0.8671,0.5802,2.1085,0.5315,1.0823,1.0000,1.0000,1.0000,11,12,7,false
analytical,identifier,tpch,lineitem_orderkey,true,2,8,0.00103760,0.05502700,0.50005341,1.2541,0.1710,2.0468,0.7353,0.4142,0.2338,0.2817,3.9626,2.3403,0.8243,0.0263,0.0078,0.0625,3,7,7,true
analytical,timestamp,tpch,lineitem_timestamp,false,2,8,0.00125122,0.05556106,0.50038910,0.3310,0.5105,0.5046,0.6618,0.4879,0.6356,0.9594,1.1113,0.4621,0.4844,1.0002,1.0002,1.0000,8,8,7,false
structured,timestamp,household,uci_household_power,true,2,8,0.00099945,0.05499649,0.50000000,8.4289,0.7294,5.8054,2.1138,1.5036,0.8363,0.3470,4.6722,7.0199,1.1813,0.0236,0.0005,0.0625,0,4,4,true
structured,timestamp,nab,realAWSCloudwatch/ec2_disk_write_bytes_1ef3de,true,1,4,0.00084567,0.05602537,0.50000000,0.8255,0.6961,1.3372,0.6176,0.0950,0.0438,0.0709,6.4675,1.6637,2.6480,0.5030,0.0099,0.2165,0,4,4,true
structured,timestamp,nab,realAWSCloudwatch/ec2_disk_write_bytes_c0d644,true,1,4,0.00099206,0.05493551,0.50000000,0.9525,1.2288,1.7699,1.1376,0.1569,0.1074,0.1195,5.0391,1.6334,2.1456,1.1349,0.0114,0.3810,0,4,4,true
structured,timestamp,nab,realAWSCloudwatch/ec2_network_in_257a54,true,1,4,0.00099206,0.05493551,0.50000000,1.6835,1.4660,2.1748,1.4782,0.0972,0.0660,0.0530,2.0341,2.4726,0.9192,1.1349,0.0114,0.3810,0,4,4,true
structured,timestamp,nab,realAWSCloudwatch/ec2_network_in_5abac7,true,1,4,0.00084567,0.05613108,0.50000000,1.7677,1.0168,1.7865,0.8880,0.2442,0.1164,0.1264,4.4116,1.5108,1.2109,0.5030,0.0097,0.2165,0,4,4,true
structured,timestamp,nab,realAWSCloudwatch/elb_request_count_8c0756,true,1,4,0.00099206,0.05493551,0.50000000,0.7840,1.1428,1.7334,1.1605,0.0966,0.0660,0.0710,3.0881,2.0272,1.5619,1.1349,0.0114,0.3810,0,4,4,true
structured,timestamp,nab,realAWSCloudwatch/iio_us-east-1_i-a2eb1cd9_NetworkIn,true,1,4,0.00080451,0.05470636,0.49959775,0.8138,1.2594,1.4421,1.2697,0.0676,0.0594,0.0473,1.6524,1.1924,0.6784,1.8467,0.0322,0.8238,0,4,4,true
structured,timestamp,nab,realKnownCause/nyc_taxi,true,1,4,0.00096899,0.05499031,0.50000000,2.2703,0.7529,1.9923,0.7823,0.1617,0.0647,0.0833,2.7780,3.7890,1.3508,0.2352,0.0050,0.1984,0,4,4,true
structured,timestamp,nab,realTraffic/TravelTime_387,true,1,4,0.00080000,0.05500000,0.50000000,0.9154,1.0312,1.6761,1.1256,0.0743,0.0474,0.0452,2.0152,1.8391,1.0094,1.1560,0.0176,0.4096,0,4,4,true
structured,timestamp,nab,realTraffic/TravelTime_451,true,1,4,0.00092507,0.05481036,0.50000000,0.7696,0.8730,1.2441,0.9578,0.0523,0.0464,0.0423,1.6941,1.2995,0.8217,0.8296,0.0199,0.7105,1,4,4,true
structured,timestamp,nab,realTraffic/occupancy_6005,true,1,4,0.00084034,0.05483194,0.50000000,1.0891,1.0762,1.6296,1.1731,0.0715,0.0479,0.0456,2.4859,1.4324,1.0250,1.2941,0.0181,0.4303,0,4,4,true
structured,timestamp,nab,realTraffic/occupancy_t4013,true,1,4,0.00080000,0.05500000,0.50000000,0.8580,1.0188,1.6227,1.1956,0.0739,0.0496,0.0451,2.2465,1.7076,1.0283,1.1560,0.0176,0.4096,0,4,4,true
structured,timestamp,nab,realTraffic/speed_6005,true,1,4,0.00080000,0.05500000,0.50000000,0.7913,1.0968,1.6574,1.1980,0.0773,0.0506,0.0461,2.4096,1.7040,1.2797,1.1560,0.0176,0.4096,0,4,4,true
structured,timestamp,nab,realTraffic/speed_7578,true,1,4,0.00088731,0.05456966,0.49955634,0.4919,0.9182,1.0067,0.9373,0.0495,0.0463,0.0435,2.0752,0.8517,0.8962,1.3744,0.0346,0.9086,2,4,4,true
structured,timestamp,nab,realTraffic/speed_t4013,true,1,4,0.00080160,0.05470942,0.49979960,0.6954,0.9998,1.5505,1.1192,0.0749,0.0505,0.0496,2.6846,1.6306,1.3643,1.1848,0.0180,0.4104,0,4,4,true
structured,timestamp,nab,realTweets/Twitter_volume_AAPL,true,1,4,0.00094328,0.05499308,0.50000000,2.5853,0.6537,2.2902,0.6790,0.5210,0.1772,0.2521,3.6727,5.0992,1.8823,0.1984,0.0034,0.1288,0,3,3,true
structured,timestamp,nab,realTweets/Twitter_volume_AMZN,true,1,4,0.00094751,0.05498705,0.49996842,2.6933,0.7073,2.4824,0.7417,0.5238,0.1771,0.2266,4.4516,4.1402,1.9499,0.2084,0.0034,0.1294,0,3,3,true
structured,timestamp,nab,realTweets/Twitter_volume_CRM,true,1,4,0.00094328,0.05499308,0.50000000,3.0686,0.7102,2.5784,0.6559,0.5343,0.1601,0.2394,7.1010,2.8327,1.9957,0.1984,0.0034,0.1288,0,3,3,true
structured,timestamp,nab,realTweets/Twitter_volume_CVS,true,1,4,0.00094619,0.05497382,0.49996846,2.1502,0.6696,2.2385,0.6275,0.4805,0.1567,0.2363,12.8116,1.8301,2.4610,0.2116,0.0034,0.1292,0,3,3,true
structured,timestamp,nab,realTweets/Twitter_volume_FB,true,1,4,0.00094739,0.05498011,0.49996842,2.3384,0.6632,2.2771,0.6911,0.5262,0.1790,0.2453,5.3039,3.5802,1.9837,0.2072,0.0034,0.1294,0,3,3,true
structured,timestamp,nab,realTweets/Twitter_volume_GOOG,true,1,4,0.00094685,0.05498044,0.50000000,2.3072,0.6547,2.2575,0.6835,0.5269,0.1782,0.2459,5.1056,3.6554,1.9627,0.2108,0.0034,0.1293,0,3,3,true
structured,timestamp,nab,realTweets/Twitter_volume_IBM,true,1,4,0.00094381,0.05496130,0.49996854,2.8798,0.6759,2.5122,0.7096,0.5263,0.1795,0.2486,6.9145,2.9610,2.0019,0.1908,0.0034,0.1289,0,3,3,true
structured,timestamp,nab,realTweets/Twitter_volume_KO,true,1,4,0.00094631,0.05498076,0.49996846,2.3220,0.6544,2.2758,0.6887,0.5214,0.1781,0.2441,5.7927,3.1068,1.9333,0.2175,0.0034,0.1292,0,3,3,true
structured,timestamp,nab,realTweets/Twitter_volume_PFE,true,1,4,0.00094589,0.05495649,0.50000000,2.3143,0.6691,2.3149,0.6232,0.4926,0.1565,0.2327,9.4307,2.2355,2.1238,0.2114,0.0034,0.1291,0,3,3,true
structured,timestamp,nab,realTweets/Twitter_volume_UPS,true,1,4,0.00094542,0.05496029,0.50000000,2.4272,0.6973,2.3692,0.7245,0.1797,0.0635,0.0865,7.6930,2.6228,1.9263,0.2027,0.0034,0.1291,0,4,4,true
transactional,identifier,publicbi,Arade,false,1,2,0.19416046,0.44478988,0.69541931,1.3394,1.0832,1.0193,1.1961,0.9639,1.1310,0.9453,1.0704,0.9178,0.9848,1.0000,1.0000,1.0000,1,1,0,false
transactional,identifier,publicbi,Bimbo,false,2,6,0.01825714,0.30731964,0.93885803,1.6851,1.3999,1.9121,1.6243,0.0424,0.0184,0.0109,1.8197,0.3359,0.2765,1.0000,0.0011,0.6172,0,6,6,false
transactional,identifier,publicbi,Generico,false,2,4,0.17915344,0.38522338,0.59129333,9.7582,5.0466,4.6238,4.9993,1.9623,2.1160,0.6148,1.8404,0.6624,1.2054,1.0000,1.0000,1.0000,0,0,0,false
transactional,timestamp,taxi,yellow_tripdata_2024-01,false,2,8,0.00099945,0.05500412,0.50000000,0.8028,1.3213,8.4917,4.9332,3.2106,1.7738,0.3903,1.7994,9.7354,16.8316,1.0000,1.0000,0.0820,0,0,0,false
